⏰ [05:15] 开始收集新闻...
📂 当前缓存: 0 篇
🚀 开始获取新闻，共 4 个源
----------------------------------------
📰 获取 36氪 ...
  ✅ 获取 5 篇文章
📰 获取 少数派 ...
  ✅ 获取 0 篇文章
📰 获取 虎嗅 ...
  ✅ 获取 2 篇文章
📰 获取 澎湃新闻 ...
  ❌ 请求失败 (尝试 1/3): 404 Client Error: Not Found for url: https://m.thepaper.cn/rss_newsDetail.jsp
  ❌ 请求失败 (尝试 2/3): 404 Client Error: Not Found for url: https://m.thepaper.cn/rss_newsDetail.jsp
  ❌ 请求失败 (尝试 3/3): 404 Client Error: Not Found for url: https://m.thepaper.cn/rss_newsDetail.jsp
  ❌ 获取失败
----------------------------------------
📊 总计: 7 篇文章 (去重后)
✅ 新增 7 篇，总计 7 篇
💾 已保存到: /Users/qitmac001395/workspace/QAL/ideas/apps/daily-podcast-ai/cache/2026-01-10-news.json
⏰ [06:05] 开始收集新闻...
📂 当前缓存: 7 篇
🚀 开始获取新闻，共 4 个源
----------------------------------------
📰 获取 36氪 ...
  ✅ 获取 5 篇文章
📰 获取 少数派 ...
  ✅ 获取 0 篇文章
📰 获取 虎嗅 ...
  ✅ 获取 2 篇文章
📰 获取 澎湃新闻 ...
  ❌ 请求失败 (尝试 1/3): 404 Client Error: Not Found for url: https://m.thepaper.cn/rss_newsDetail.jsp
  ❌ 请求失败 (尝试 2/3): 404 Client Error: Not Found for url: https://m.thepaper.cn/rss_newsDetail.jsp
  ❌ 请求失败 (尝试 3/3): 404 Client Error: Not Found for url: https://m.thepaper.cn/rss_newsDetail.jsp
  ❌ 获取失败
----------------------------------------
📊 总计: 7 篇文章 (去重后)
✅ 新增 0 篇，总计 7 篇
💾 已保存到: /Users/qitmac001395/workspace/QAL/ideas/apps/daily-podcast-ai/cache/2026-01-10-news.json
⏰ [00:00] 开始收集新闻...
📂 当前缓存: 0 篇
🚀 开始获取新闻，共 4 个源
----------------------------------------
📰 获取 36氪 ...
  ✅ 获取 6 篇文章
📰 获取 少数派 ...
  ✅ 获取 1 篇文章
📰 获取 虎嗅 ...
  ✅ 获取 0 篇文章
📰 获取 澎湃新闻 ...
  ❌ 请求失败 (尝试 1/3): 404 Client Error: Not Found for url: https://m.thepaper.cn/rss_newsDetail.jsp
  ❌ 请求失败 (尝试 2/3): 404 Client Error: Not Found for url: https://m.thepaper.cn/rss_newsDetail.jsp
  ❌ 请求失败 (尝试 3/3): 404 Client Error: Not Found for url: https://m.thepaper.cn/rss_newsDetail.jsp
  ❌ 获取失败
----------------------------------------
📊 总计: 7 篇文章 (去重后)
✅ 新增 7 篇，总计 7 篇
💾 已保存到: /Users/qitmac001395/workspace/QAL/ideas/apps/daily-podcast-ai/cache/2026-01-11-news.json
⏰ [01:00] 开始收集新闻...
📂 当前缓存: 7 篇
🚀 开始获取新闻，共 4 个源
----------------------------------------
📰 获取 36氪 ...
  ✅ 获取 6 篇文章
📰 获取 少数派 ...
  ✅ 获取 1 篇文章
📰 获取 虎嗅 ...
  ✅ 获取 0 篇文章
📰 获取 澎湃新闻 ...
  ❌ 请求失败 (尝试 1/3): 404 Client Error: Not Found for url: https://m.thepaper.cn/rss_newsDetail.jsp
  ❌ 请求失败 (尝试 2/3): 404 Client Error: Not Found for url: https://m.thepaper.cn/rss_newsDetail.jsp
  ❌ 请求失败 (尝试 3/3): 404 Client Error: Not Found for url: https://m.thepaper.cn/rss_newsDetail.jsp
  ❌ 获取失败
----------------------------------------
📊 总计: 7 篇文章 (去重后)
✅ 新增 0 篇，总计 7 篇
💾 已保存到: /Users/qitmac001395/workspace/QAL/ideas/apps/daily-podcast-ai/cache/2026-01-11-news.json
⏰ [02:00] 开始收集新闻...
📂 当前缓存: 7 篇
🚀 开始获取新闻，共 4 个源
----------------------------------------
📰 获取 36氪 ...
  ✅ 获取 6 篇文章
📰 获取 少数派 ...
  ✅ 获取 1 篇文章
📰 获取 虎嗅 ...
  ✅ 获取 0 篇文章
📰 获取 澎湃新闻 ...
  ❌ 请求失败 (尝试 1/3): 404 Client Error: Not Found for url: https://m.thepaper.cn/rss_newsDetail.jsp
  ❌ 请求失败 (尝试 2/3): 404 Client Error: Not Found for url: https://m.thepaper.cn/rss_newsDetail.jsp
  ❌ 请求失败 (尝试 3/3): 404 Client Error: Not Found for url: https://m.thepaper.cn/rss_newsDetail.jsp
  ❌ 获取失败
----------------------------------------
📊 总计: 7 篇文章 (去重后)
✅ 新增 0 篇，总计 7 篇
💾 已保存到: /Users/qitmac001395/workspace/QAL/ideas/apps/daily-podcast-ai/cache/2026-01-11-news.json
⏰ [03:00] 开始收集新闻...
📂 当前缓存: 7 篇
🚀 开始获取新闻，共 4 个源
----------------------------------------
📰 获取 36氪 ...
  ✅ 获取 5 篇文章
📰 获取 少数派 ...
  ✅ 获取 0 篇文章
📰 获取 虎嗅 ...
  ✅ 获取 0 篇文章
📰 获取 澎湃新闻 ...
  ❌ 请求失败 (尝试 1/3): 404 Client Error: Not Found for url: https://m.thepaper.cn/rss_newsDetail.jsp
  ❌ 请求失败 (尝试 2/3): 404 Client Error: Not Found for url: https://m.thepaper.cn/rss_newsDetail.jsp
  ❌ 请求失败 (尝试 3/3): 404 Client Error: Not Found for url: https://m.thepaper.cn/rss_newsDetail.jsp
  ❌ 获取失败
----------------------------------------
📊 总计: 5 篇文章 (去重后)
✅ 新增 0 篇，总计 7 篇
💾 已保存到: /Users/qitmac001395/workspace/QAL/ideas/apps/daily-podcast-ai/cache/2026-01-11-news.json
⏰ [04:03] 开始收集新闻...
📂 当前缓存: 7 篇
🚀 开始获取新闻，共 4 个源
----------------------------------------
📰 获取 36氪 ...
  ❌ 请求失败 (尝试 1/3): HTTPSConnectionPool(host='36kr.com', port=443): Max retries exceeded with url: /feed (Caused by NameResolutionError("HTTPSConnection(host='36kr.com', port=443): Failed to resolve '36kr.com' ([Errno 8] nodename nor servname provided, or not known)"))
  ❌ 请求失败 (尝试 2/3): HTTPSConnectionPool(host='36kr.com', port=443): Max retries exceeded with url: /feed (Caused by NameResolutionError("HTTPSConnection(host='36kr.com', port=443): Failed to resolve '36kr.com' ([Errno 8] nodename nor servname provided, or not known)"))
  ❌ 请求失败 (尝试 3/3): HTTPSConnectionPool(host='36kr.com', port=443): Max retries exceeded with url: /feed (Caused by NameResolutionError("HTTPSConnection(host='36kr.com', port=443): Failed to resolve '36kr.com' ([Errno 8] nodename nor servname provided, or not known)"))
  ❌ 获取失败
📰 获取 少数派 ...
  ❌ 请求失败 (尝试 1/3): HTTPSConnectionPool(host='sspai.com', port=443): Max retries exceeded with url: /feed (Caused by NameResolutionError("HTTPSConnection(host='sspai.com', port=443): Failed to resolve 'sspai.com' ([Errno 8] nodename nor servname provided, or not known)"))
  ❌ 请求失败 (尝试 2/3): HTTPSConnectionPool(host='sspai.com', port=443): Max retries exceeded with url: /feed (Caused by NameResolutionError("HTTPSConnection(host='sspai.com', port=443): Failed to resolve 'sspai.com' ([Errno 8] nodename nor servname provided, or not known)"))
  ✅ 获取 0 篇文章
📰 获取 虎嗅 ...
  ✅ 获取 0 篇文章
📰 获取 澎湃新闻 ...
  ❌ 请求失败 (尝试 1/3): 404 Client Error: Not Found for url: https://m.thepaper.cn/rss_newsDetail.jsp
  ❌ 请求失败 (尝试 2/3): 404 Client Error: Not Found for url: https://m.thepaper.cn/rss_newsDetail.jsp
  ❌ 请求失败 (尝试 3/3): 404 Client Error: Not Found for url: https://m.thepaper.cn/rss_newsDetail.jsp
  ❌ 获取失败
----------------------------------------
📊 总计: 0 篇文章 (去重后)
❌ 未获取到新闻
⏰ [06:12] 开始收集新闻...
📂 当前缓存: 7 篇
🚀 开始获取新闻，共 4 个源
----------------------------------------
📰 获取 36氪 ...
  ✅ 获取 5 篇文章
📰 获取 少数派 ...
  ✅ 获取 0 篇文章
📰 获取 虎嗅 ...
  ✅ 获取 0 篇文章
📰 获取 澎湃新闻 ...
  ❌ 请求失败 (尝试 1/3): 404 Client Error: Not Found for url: https://m.thepaper.cn/rss_newsDetail.jsp
  ❌ 请求失败 (尝试 2/3): 404 Client Error: Not Found for url: https://m.thepaper.cn/rss_newsDetail.jsp
  ❌ 请求失败 (尝试 3/3): 404 Client Error: Not Found for url: https://m.thepaper.cn/rss_newsDetail.jsp
  ❌ 获取失败
----------------------------------------
📊 总计: 5 篇文章 (去重后)
✅ 新增 0 篇，总计 7 篇
💾 已保存到: /Users/qitmac001395/workspace/QAL/ideas/apps/daily-podcast-ai/cache/2026-01-11-news.json
⏰ [00:01] 开始收集新闻...
📂 当前缓存: 0 篇
🚀 开始获取新闻，共 4 个源
----------------------------------------
📰 获取 36氪 ...
  ✅ 获取 5 篇文章
📰 获取 少数派 ...
  ✅ 获取 0 篇文章
📰 获取 虎嗅 ...
  ✅ 获取 1 篇文章
📰 获取 澎湃新闻 ...
  ❌ 请求失败 (尝试 1/3): 404 Client Error: Not Found for url: https://m.thepaper.cn/rss_newsDetail.jsp
  ❌ 请求失败 (尝试 2/3): 404 Client Error: Not Found for url: https://m.thepaper.cn/rss_newsDetail.jsp
  ❌ 请求失败 (尝试 3/3): 404 Client Error: Not Found for url: https://m.thepaper.cn/rss_newsDetail.jsp
  ❌ 获取失败
----------------------------------------
📊 总计: 6 篇文章 (去重后)
✅ 新增 6 篇，总计 6 篇
💾 已保存到: /Users/qitmac001395/workspace/QAL/ideas/apps/daily-podcast-ai/cache/2026-01-12-news.json
⏰ [01:00] 开始收集新闻...
📂 当前缓存: 6 篇
🚀 开始获取新闻，共 4 个源
----------------------------------------
📰 获取 36氪 ...
  ✅ 获取 5 篇文章
📰 获取 少数派 ...
  ✅ 获取 0 篇文章
📰 获取 虎嗅 ...
  ✅ 获取 1 篇文章
📰 获取 澎湃新闻 ...
  ❌ 请求失败 (尝试 1/3): 404 Client Error: Not Found for url: https://m.thepaper.cn/rss_newsDetail.jsp
  ❌ 请求失败 (尝试 2/3): 404 Client Error: Not Found for url: https://m.thepaper.cn/rss_newsDetail.jsp
  ❌ 请求失败 (尝试 3/3): 404 Client Error: Not Found for url: https://m.thepaper.cn/rss_newsDetail.jsp
  ❌ 获取失败
----------------------------------------
📊 总计: 6 篇文章 (去重后)
✅ 新增 0 篇，总计 6 篇
💾 已保存到: /Users/qitmac001395/workspace/QAL/ideas/apps/daily-podcast-ai/cache/2026-01-12-news.json
⏰ [02:14] 开始收集新闻...
📂 当前缓存: 6 篇
🚀 开始获取新闻，共 4 个源
----------------------------------------
📰 获取 36氪 ...
  ✅ 获取 4 篇文章
📰 获取 少数派 ...
  ✅ 获取 0 篇文章
📰 获取 虎嗅 ...
  ✅ 获取 1 篇文章
📰 获取 澎湃新闻 ...
  ❌ 请求失败 (尝试 1/3): 404 Client Error: Not Found for url: https://m.thepaper.cn/rss_newsDetail.jsp
  ❌ 请求失败 (尝试 2/3): 404 Client Error: Not Found for url: https://m.thepaper.cn/rss_newsDetail.jsp
  ❌ 请求失败 (尝试 3/3): 404 Client Error: Not Found for url: https://m.thepaper.cn/rss_newsDetail.jsp
  ❌ 获取失败
----------------------------------------
📊 总计: 5 篇文章 (去重后)
✅ 新增 0 篇，总计 6 篇
💾 已保存到: /Users/qitmac001395/workspace/QAL/ideas/apps/daily-podcast-ai/cache/2026-01-12-news.json
⏰ [03:04] 开始收集新闻...
📂 当前缓存: 6 篇
🚀 开始获取新闻，共 4 个源
----------------------------------------
📰 获取 36氪 ...
  ✅ 获取 4 篇文章
📰 获取 少数派 ...
  ✅ 获取 0 篇文章
📰 获取 虎嗅 ...
  ✅ 获取 1 篇文章
📰 获取 澎湃新闻 ...
  ❌ 请求失败 (尝试 1/3): 404 Client Error: Not Found for url: https://m.thepaper.cn/rss_newsDetail.jsp
  ❌ 请求失败 (尝试 2/3): 404 Client Error: Not Found for url: https://m.thepaper.cn/rss_newsDetail.jsp
  ❌ 请求失败 (尝试 3/3): 404 Client Error: Not Found for url: https://m.thepaper.cn/rss_newsDetail.jsp
  ❌ 获取失败
----------------------------------------
📊 总计: 5 篇文章 (去重后)
✅ 新增 0 篇，总计 6 篇
💾 已保存到: /Users/qitmac001395/workspace/QAL/ideas/apps/daily-podcast-ai/cache/2026-01-12-news.json
⏰ [04:03] 开始收集新闻...
📂 当前缓存: 6 篇
🚀 开始获取新闻，共 4 个源
----------------------------------------
📰 获取 36氪 ...
  ✅ 获取 4 篇文章
📰 获取 少数派 ...
  ✅ 获取 0 篇文章
📰 获取 虎嗅 ...
  ✅ 获取 1 篇文章
📰 获取 澎湃新闻 ...
  ❌ 请求失败 (尝试 1/3): 404 Client Error: Not Found for url: https://m.thepaper.cn/rss_newsDetail.jsp
  ❌ 请求失败 (尝试 2/3): 404 Client Error: Not Found for url: https://m.thepaper.cn/rss_newsDetail.jsp
  ❌ 请求失败 (尝试 3/3): HTTPSConnectionPool(host='m.thepaper.cn', port=443): Read timed out. (read timeout=30)
  ❌ 获取失败
----------------------------------------
📊 总计: 5 篇文章 (去重后)
✅ 新增 0 篇，总计 6 篇
💾 已保存到: /Users/qitmac001395/workspace/QAL/ideas/apps/daily-podcast-ai/cache/2026-01-12-news.json
⏰ [06:03] 开始收集新闻...
📂 当前缓存: 6 篇
🚀 开始获取新闻，共 4 个源
----------------------------------------
📰 获取 36氪 ...
  ✅ 获取 3 篇文章
📰 获取 少数派 ...
  ✅ 获取 0 篇文章
📰 获取 虎嗅 ...
  ✅ 获取 1 篇文章
📰 获取 澎湃新闻 ...
  ❌ 请求失败 (尝试 1/3): 404 Client Error: Not Found for url: https://m.thepaper.cn/rss_newsDetail.jsp
  ❌ 请求失败 (尝试 2/3): 404 Client Error: Not Found for url: https://m.thepaper.cn/rss_newsDetail.jsp
  ❌ 请求失败 (尝试 3/3): 404 Client Error: Not Found for url: https://m.thepaper.cn/rss_newsDetail.jsp
  ❌ 获取失败
----------------------------------------
📊 总计: 4 篇文章 (去重后)
✅ 新增 0 篇，总计 6 篇
💾 已保存到: /Users/qitmac001395/workspace/QAL/ideas/apps/daily-podcast-ai/cache/2026-01-12-news.json
⏰ [00:02] 开始收集新闻...
📂 当前缓存: 0 篇
🚀 开始获取新闻，共 4 个源
----------------------------------------
📰 获取 36氪 ...
  ✅ 获取 9 篇文章
📰 获取 少数派 ...
  ✅ 获取 2 篇文章
📰 获取 虎嗅 ...
  ✅ 获取 2 篇文章
📰 获取 澎湃新闻 ...
  ❌ 请求失败 (尝试 1/3): 404 Client Error: Not Found for url: https://m.thepaper.cn/rss_newsDetail.jsp
  ❌ 请求失败 (尝试 2/3): 404 Client Error: Not Found for url: https://m.thepaper.cn/rss_newsDetail.jsp
  ❌ 请求失败 (尝试 3/3): 404 Client Error: Not Found for url: https://m.thepaper.cn/rss_newsDetail.jsp
  ❌ 获取失败
----------------------------------------
📊 总计: 13 篇文章 (去重后)
✅ 新增 13 篇，总计 13 篇
💾 已保存到: /Users/qitmac001395/workspace/QAL/ideas/apps/daily-podcast-ai/cache/2026-01-13-news.json
⏰ [01:00] 开始收集新闻...
📂 当前缓存: 13 篇
🚀 开始获取新闻，共 4 个源
----------------------------------------
📰 获取 36氪 ...
  ✅ 获取 9 篇文章
📰 获取 少数派 ...
  ✅ 获取 1 篇文章
📰 获取 虎嗅 ...
  ✅ 获取 2 篇文章
📰 获取 澎湃新闻 ...
  ❌ 请求失败 (尝试 1/3): 404 Client Error: Not Found for url: https://m.thepaper.cn/rss_newsDetail.jsp
  ❌ 请求失败 (尝试 2/3): 404 Client Error: Not Found for url: https://m.thepaper.cn/rss_newsDetail.jsp
  ❌ 请求失败 (尝试 3/3): 404 Client Error: Not Found for url: https://m.thepaper.cn/rss_newsDetail.jsp
  ❌ 获取失败
----------------------------------------
📊 总计: 12 篇文章 (去重后)
✅ 新增 0 篇，总计 13 篇
💾 已保存到: /Users/qitmac001395/workspace/QAL/ideas/apps/daily-podcast-ai/cache/2026-01-13-news.json
⏰ [02:01] 开始收集新闻...
📂 当前缓存: 13 篇
🚀 开始获取新闻，共 4 个源
----------------------------------------
📰 获取 36氪 ...
  ✅ 获取 8 篇文章
📰 获取 少数派 ...
  ✅ 获取 1 篇文章
📰 获取 虎嗅 ...
  ✅ 获取 2 篇文章
📰 获取 澎湃新闻 ...
  ❌ 请求失败 (尝试 1/3): 404 Client Error: Not Found for url: https://m.thepaper.cn/rss_newsDetail.jsp
  ❌ 请求失败 (尝试 2/3): 404 Client Error: Not Found for url: https://m.thepaper.cn/rss_newsDetail.jsp
  ❌ 请求失败 (尝试 3/3): 404 Client Error: Not Found for url: https://m.thepaper.cn/rss_newsDetail.jsp
  ❌ 获取失败
----------------------------------------
📊 总计: 11 篇文章 (去重后)
✅ 新增 0 篇，总计 13 篇
💾 已保存到: /Users/qitmac001395/workspace/QAL/ideas/apps/daily-podcast-ai/cache/2026-01-13-news.json
⏰ [03:05] 开始收集新闻...
📂 当前缓存: 13 篇
🚀 开始获取新闻，共 4 个源
----------------------------------------
📰 获取 36氪 ...
  ✅ 获取 8 篇文章
📰 获取 少数派 ...
  ✅ 获取 1 篇文章
📰 获取 虎嗅 ...
  ✅ 获取 2 篇文章
📰 获取 澎湃新闻 ...
  ❌ 请求失败 (尝试 1/3): 404 Client Error: Not Found for url: https://m.thepaper.cn/rss_newsDetail.jsp
  ❌ 请求失败 (尝试 2/3): 404 Client Error: Not Found for url: https://m.thepaper.cn/rss_newsDetail.jsp
  ❌ 请求失败 (尝试 3/3): 404 Client Error: Not Found for url: https://m.thepaper.cn/rss_newsDetail.jsp
  ❌ 获取失败
----------------------------------------
📊 总计: 11 篇文章 (去重后)
✅ 新增 0 篇，总计 13 篇
💾 已保存到: /Users/qitmac001395/workspace/QAL/ideas/apps/daily-podcast-ai/cache/2026-01-13-news.json
⏰ [04:00] 开始收集新闻...
📂 当前缓存: 13 篇
🚀 开始获取新闻，共 4 个源
----------------------------------------
📰 获取 36氪 ...
  ✅ 获取 8 篇文章
📰 获取 少数派 ...
  ✅ 获取 1 篇文章
📰 获取 虎嗅 ...
  ✅ 获取 1 篇文章
📰 获取 澎湃新闻 ...
  ❌ 请求失败 (尝试 1/3): 404 Client Error: Not Found for url: https://m.thepaper.cn/rss_newsDetail.jsp
  ❌ 请求失败 (尝试 2/3): 404 Client Error: Not Found for url: https://m.thepaper.cn/rss_newsDetail.jsp
  ❌ 请求失败 (尝试 3/3): 404 Client Error: Not Found for url: https://m.thepaper.cn/rss_newsDetail.jsp
  ❌ 获取失败
----------------------------------------
📊 总计: 10 篇文章 (去重后)
✅ 新增 0 篇，总计 13 篇
💾 已保存到: /Users/qitmac001395/workspace/QAL/ideas/apps/daily-podcast-ai/cache/2026-01-13-news.json
⏰ [05:00] 开始收集新闻...
📂 当前缓存: 13 篇
🚀 开始获取新闻，共 4 个源
----------------------------------------
📰 获取 36氪 ...
  ❌ 请求失败 (尝试 1/3): HTTPSConnectionPool(host='36kr.com', port=443): Max retries exceeded with url: /feed (Caused by NameResolutionError("HTTPSConnection(host='36kr.com', port=443): Failed to resolve '36kr.com' ([Errno 8] nodename nor servname provided, or not known)"))
  ✅ 获取 8 篇文章
📰 获取 少数派 ...
  ✅ 获取 1 篇文章
📰 获取 虎嗅 ...
  ✅ 获取 1 篇文章
📰 获取 澎湃新闻 ...
  ❌ 请求失败 (尝试 1/3): 404 Client Error: Not Found for url: https://m.thepaper.cn/rss_newsDetail.jsp
  ❌ 请求失败 (尝试 2/3): 404 Client Error: Not Found for url: https://m.thepaper.cn/rss_newsDetail.jsp
  ❌ 请求失败 (尝试 3/3): 404 Client Error: Not Found for url: https://m.thepaper.cn/rss_newsDetail.jsp
  ❌ 获取失败
----------------------------------------
📊 总计: 10 篇文章 (去重后)
✅ 新增 0 篇，总计 13 篇
💾 已保存到: /Users/qitmac001395/workspace/QAL/ideas/apps/daily-podcast-ai/cache/2026-01-13-news.json
⏰ [06:01] 开始收集新闻...
📂 当前缓存: 13 篇
🚀 开始获取新闻，共 4 个源
----------------------------------------
📰 获取 36氪 ...
  ✅ 获取 7 篇文章
📰 获取 少数派 ...
  ✅ 获取 1 篇文章
📰 获取 虎嗅 ...
  ✅ 获取 1 篇文章
📰 获取 澎湃新闻 ...
  ❌ 请求失败 (尝试 1/3): HTTPSConnectionPool(host='m.thepaper.cn', port=443): Read timed out. (read timeout=30)
  ❌ 请求失败 (尝试 2/3): 404 Client Error: Not Found for url: https://m.thepaper.cn/rss_newsDetail.jsp
  ❌ 请求失败 (尝试 3/3): 404 Client Error: Not Found for url: https://m.thepaper.cn/rss_newsDetail.jsp
  ❌ 获取失败
----------------------------------------
📊 总计: 9 篇文章 (去重后)
✅ 新增 0 篇，总计 13 篇
💾 已保存到: /Users/qitmac001395/workspace/QAL/ideas/apps/daily-podcast-ai/cache/2026-01-13-news.json
⏰ [00:00] 开始收集新闻...
📂 当前缓存: 0 篇
🚀 开始获取新闻，共 4 个源
----------------------------------------
📰 获取 36氪 ...
  ✅ 获取 10 篇文章
📰 获取 少数派 ...
  ✅ 获取 1 篇文章
📰 获取 虎嗅 ...
  ✅ 获取 3 篇文章
📰 获取 澎湃新闻 ...
  ❌ 请求失败 (尝试 1/3): 404 Client Error: Not Found for url: https://m.thepaper.cn/rss_newsDetail.jsp
  ❌ 请求失败 (尝试 2/3): 404 Client Error: Not Found for url: https://m.thepaper.cn/rss_newsDetail.jsp
  ❌ 请求失败 (尝试 3/3): 404 Client Error: Not Found for url: https://m.thepaper.cn/rss_newsDetail.jsp
  ❌ 获取失败
----------------------------------------
📊 总计: 14 篇文章 (去重后)
✅ 新增 14 篇，总计 14 篇
💾 已保存到: /Users/qitmac001395/workspace/QAL/ideas/apps/daily-podcast-ai/cache/2026-01-14-news.json
⏰ [01:00] 开始收集新闻...
📂 当前缓存: 14 篇
🚀 开始获取新闻，共 4 个源
----------------------------------------
📰 获取 36氪 ...
  ✅ 获取 10 篇文章
📰 获取 少数派 ...
  ✅ 获取 1 篇文章
📰 获取 虎嗅 ...
  ✅ 获取 3 篇文章
📰 获取 澎湃新闻 ...
  ❌ 请求失败 (尝试 1/3): 404 Client Error: Not Found for url: https://m.thepaper.cn/rss_newsDetail.jsp
  ❌ 请求失败 (尝试 2/3): 404 Client Error: Not Found for url: https://m.thepaper.cn/rss_newsDetail.jsp
  ❌ 请求失败 (尝试 3/3): 404 Client Error: Not Found for url: https://m.thepaper.cn/rss_newsDetail.jsp
  ❌ 获取失败
----------------------------------------
📊 总计: 14 篇文章 (去重后)
✅ 新增 0 篇，总计 14 篇
💾 已保存到: /Users/qitmac001395/workspace/QAL/ideas/apps/daily-podcast-ai/cache/2026-01-14-news.json
⏰ [02:00] 开始收集新闻...
📂 当前缓存: 14 篇
🚀 开始获取新闻，共 4 个源
----------------------------------------
📰 获取 36氪 ...
  ✅ 获取 10 篇文章
📰 获取 少数派 ...
  ✅ 获取 1 篇文章
📰 获取 虎嗅 ...
  ✅ 获取 3 篇文章
📰 获取 澎湃新闻 ...
  ❌ 请求失败 (尝试 1/3): 404 Client Error: Not Found for url: https://m.thepaper.cn/rss_newsDetail.jsp
  ❌ 请求失败 (尝试 2/3): 404 Client Error: Not Found for url: https://m.thepaper.cn/rss_newsDetail.jsp
  ❌ 请求失败 (尝试 3/3): 404 Client Error: Not Found for url: https://m.thepaper.cn/rss_newsDetail.jsp
  ❌ 获取失败
----------------------------------------
📊 总计: 14 篇文章 (去重后)
✅ 新增 0 篇，总计 14 篇
💾 已保存到: /Users/qitmac001395/workspace/QAL/ideas/apps/daily-podcast-ai/cache/2026-01-14-news.json
⏰ [10:25] 开始收集新闻...
📂 当前缓存: 14 篇
🚀 开始获取新闻，共 4 个源
----------------------------------------
📰 获取 36氪 ...
  ❌ 请求失败 (尝试 1/3): HTTPSConnectionPool(host='36kr.com', port=443): Max retries exceeded with url: /feed (Caused by NameResolutionError("HTTPSConnection(host='36kr.com', port=443): Failed to resolve '36kr.com' ([Errno 8] nodename nor servname provided, or not known)"))
  ❌ 请求失败 (尝试 2/3): HTTPSConnectionPool(host='36kr.com', port=443): Max retries exceeded with url: /feed (Caused by NameResolutionError("HTTPSConnection(host='36kr.com', port=443): Failed to resolve '36kr.com' ([Errno 8] nodename nor servname provided, or not known)"))
  ❌ 请求失败 (尝试 3/3): HTTPSConnectionPool(host='36kr.com', port=443): Max retries exceeded with url: /feed (Caused by NameResolutionError("HTTPSConnection(host='36kr.com', port=443): Failed to resolve '36kr.com' ([Errno 8] nodename nor servname provided, or not known)"))
  ❌ 获取失败
📰 获取 少数派 ...
  ❌ 请求失败 (尝试 1/3): HTTPSConnectionPool(host='sspai.com', port=443): Max retries exceeded with url: /feed (Caused by NameResolutionError("HTTPSConnection(host='sspai.com', port=443): Failed to resolve 'sspai.com' ([Errno 8] nodename nor servname provided, or not known)"))
  ✅ 获取 0 篇文章
📰 获取 虎嗅 ...
  ✅ 获取 0 篇文章
📰 获取 澎湃新闻 ...
  ❌ 请求失败 (尝试 1/3): 404 Client Error: Not Found for url: https://m.thepaper.cn/rss_newsDetail.jsp
  ❌ 请求失败 (尝试 2/3): 404 Client Error: Not Found for url: https://m.thepaper.cn/rss_newsDetail.jsp
  ❌ 请求失败 (尝试 3/3): 404 Client Error: Not Found for url: https://m.thepaper.cn/rss_newsDetail.jsp
  ❌ 获取失败
----------------------------------------
📊 总计: 0 篇文章 (去重后)
❌ 未获取到新闻
⏰ [00:00] 开始收集新闻...
📂 当前缓存: 0 篇
🚀 开始获取新闻，共 4 个源
----------------------------------------
📰 获取 36氪 ...
  ✅ 获取 10 篇文章
📰 获取 少数派 ...
  ✅ 获取 1 篇文章
📰 获取 虎嗅 ...
  ✅ 获取 4 篇文章
📰 获取 澎湃新闻 ...
  ❌ 请求失败 (尝试 1/3): 404 Client Error: Not Found for url: https://m.thepaper.cn/rss_newsDetail.jsp
  ❌ 请求失败 (尝试 2/3): 404 Client Error: Not Found for url: https://m.thepaper.cn/rss_newsDetail.jsp
  ❌ 请求失败 (尝试 3/3): 404 Client Error: Not Found for url: https://m.thepaper.cn/rss_newsDetail.jsp
  ❌ 获取失败
----------------------------------------
📊 总计: 15 篇文章 (去重后)
✅ 新增 15 篇，总计 15 篇
💾 已保存到: /Users/qitmac001395/workspace/QAL/ideas/apps/daily-podcast-ai/cache/2026-01-15-news.json
⏰ [01:00] 开始收集新闻...
📂 当前缓存: 15 篇
🚀 开始获取新闻，共 4 个源
----------------------------------------
📰 获取 36氪 ...
  ✅ 获取 10 篇文章
📰 获取 少数派 ...
  ✅ 获取 1 篇文章
📰 获取 虎嗅 ...
  ✅ 获取 4 篇文章
📰 获取 澎湃新闻 ...
  ❌ 请求失败 (尝试 1/3): 404 Client Error: Not Found for url: https://m.thepaper.cn/rss_newsDetail.jsp
  ❌ 请求失败 (尝试 2/3): 404 Client Error: Not Found for url: https://m.thepaper.cn/rss_newsDetail.jsp
  ❌ 请求失败 (尝试 3/3): 404 Client Error: Not Found for url: https://m.thepaper.cn/rss_newsDetail.jsp
  ❌ 获取失败
----------------------------------------
📊 总计: 15 篇文章 (去重后)
✅ 新增 0 篇，总计 15 篇
💾 已保存到: /Users/qitmac001395/workspace/QAL/ideas/apps/daily-podcast-ai/cache/2026-01-15-news.json
⏰ [02:00] 开始收集新闻...
📂 当前缓存: 15 篇
🚀 开始获取新闻，共 4 个源
----------------------------------------
📰 获取 36氪 ...
  ✅ 获取 9 篇文章
📰 获取 少数派 ...
  ✅ 获取 1 篇文章
📰 获取 虎嗅 ...
  ✅ 获取 4 篇文章
📰 获取 澎湃新闻 ...
  ❌ 请求失败 (尝试 1/3): 404 Client Error: Not Found for url: https://m.thepaper.cn/rss_newsDetail.jsp
  ❌ 请求失败 (尝试 2/3): 404 Client Error: Not Found for url: https://m.thepaper.cn/rss_newsDetail.jsp
  ❌ 请求失败 (尝试 3/3): 404 Client Error: Not Found for url: https://m.thepaper.cn/rss_newsDetail.jsp
  ❌ 获取失败
----------------------------------------
📊 总计: 14 篇文章 (去重后)
✅ 新增 1 篇，总计 16 篇
💾 已保存到: /Users/qitmac001395/workspace/QAL/ideas/apps/daily-podcast-ai/cache/2026-01-15-news.json
⏰ [03:00] 开始收集新闻...
📂 当前缓存: 16 篇
🚀 开始获取新闻，共 4 个源
----------------------------------------
📰 获取 36氪 ...
  ✅ 获取 7 篇文章
📰 获取 少数派 ...
  ✅ 获取 1 篇文章
📰 获取 虎嗅 ...
  ✅ 获取 3 篇文章
📰 获取 澎湃新闻 ...
  ❌ 请求失败 (尝试 1/3): 404 Client Error: Not Found for url: https://m.thepaper.cn/rss_newsDetail.jsp
  ❌ 请求失败 (尝试 2/3): 404 Client Error: Not Found for url: https://m.thepaper.cn/rss_newsDetail.jsp
  ❌ 请求失败 (尝试 3/3): 404 Client Error: Not Found for url: https://m.thepaper.cn/rss_newsDetail.jsp
  ❌ 获取失败
----------------------------------------
📊 总计: 11 篇文章 (去重后)
✅ 新增 0 篇，总计 16 篇
💾 已保存到: /Users/qitmac001395/workspace/QAL/ideas/apps/daily-podcast-ai/cache/2026-01-15-news.json
⏰ [04:00] 开始收集新闻...
📂 当前缓存: 16 篇
🚀 开始获取新闻，共 4 个源
----------------------------------------
📰 获取 36氪 ...
  ✅ 获取 6 篇文章
📰 获取 少数派 ...
  ✅ 获取 1 篇文章
📰 获取 虎嗅 ...
  ✅ 获取 3 篇文章
📰 获取 澎湃新闻 ...
  ❌ 请求失败 (尝试 1/3): 404 Client Error: Not Found for url: https://m.thepaper.cn/rss_newsDetail.jsp
  ❌ 请求失败 (尝试 2/3): 404 Client Error: Not Found for url: https://m.thepaper.cn/rss_newsDetail.jsp
  ❌ 请求失败 (尝试 3/3): 404 Client Error: Not Found for url: https://m.thepaper.cn/rss_newsDetail.jsp
  ❌ 获取失败
----------------------------------------
📊 总计: 10 篇文章 (去重后)
✅ 新增 0 篇，总计 16 篇
💾 已保存到: /Users/qitmac001395/workspace/QAL/ideas/apps/daily-podcast-ai/cache/2026-01-15-news.json
⏰ [05:00] 开始收集新闻...
📂 当前缓存: 16 篇
🚀 开始获取新闻，共 4 个源
----------------------------------------
📰 获取 36氪 ...
  ✅ 获取 6 篇文章
📰 获取 少数派 ...
  ✅ 获取 1 篇文章
📰 获取 虎嗅 ...
  ✅ 获取 3 篇文章
📰 获取 澎湃新闻 ...
  ❌ 请求失败 (尝试 1/3): 404 Client Error: Not Found for url: https://m.thepaper.cn/rss_newsDetail.jsp
  ❌ 请求失败 (尝试 2/3): 404 Client Error: Not Found for url: https://m.thepaper.cn/rss_newsDetail.jsp
  ❌ 请求失败 (尝试 3/3): 404 Client Error: Not Found for url: https://m.thepaper.cn/rss_newsDetail.jsp
  ❌ 获取失败
----------------------------------------
📊 总计: 10 篇文章 (去重后)
✅ 新增 0 篇，总计 16 篇
💾 已保存到: /Users/qitmac001395/workspace/QAL/ideas/apps/daily-podcast-ai/cache/2026-01-15-news.json
⏰ [06:00] 开始收集新闻...
📂 当前缓存: 16 篇
🚀 开始获取新闻，共 4 个源
----------------------------------------
📰 获取 36氪 ...
  ✅ 获取 6 篇文章
📰 获取 少数派 ...
  ✅ 获取 1 篇文章
📰 获取 虎嗅 ...
  ✅ 获取 2 篇文章
📰 获取 澎湃新闻 ...
  ❌ 请求失败 (尝试 1/3): 404 Client Error: Not Found for url: https://m.thepaper.cn/rss_newsDetail.jsp
  ❌ 请求失败 (尝试 2/3): 404 Client Error: Not Found for url: https://m.thepaper.cn/rss_newsDetail.jsp
  ❌ 请求失败 (尝试 3/3): 404 Client Error: Not Found for url: https://m.thepaper.cn/rss_newsDetail.jsp
  ❌ 获取失败
----------------------------------------
📊 总计: 9 篇文章 (去重后)
✅ 新增 0 篇，总计 16 篇
💾 已保存到: /Users/qitmac001395/workspace/QAL/ideas/apps/daily-podcast-ai/cache/2026-01-15-news.json
⏰ [00:10] 开始收集新闻...
📂 当前缓存: 0 篇
🚀 开始获取新闻，共 4 个源
----------------------------------------
📰 获取 36氪 ...
  ✅ 获取 10 篇文章
📰 获取 少数派 ...
  ✅ 获取 1 篇文章
📰 获取 虎嗅 ...
  ✅ 获取 5 篇文章
📰 获取 澎湃新闻 ...
  ❌ 请求失败 (尝试 1/3): 404 Client Error: Not Found for url: https://m.thepaper.cn/rss_newsDetail.jsp
  ❌ 请求失败 (尝试 2/3): 404 Client Error: Not Found for url: https://m.thepaper.cn/rss_newsDetail.jsp
  ❌ 请求失败 (尝试 3/3): 404 Client Error: Not Found for url: https://m.thepaper.cn/rss_newsDetail.jsp
  ❌ 获取失败
----------------------------------------
📊 总计: 16 篇文章 (去重后)
✅ 新增 16 篇，总计 16 篇
💾 已保存到: /Users/qitmac001395/workspace/QAL/ideas/apps/daily-podcast-ai/cache/2026-01-16-news.json
⏰ [01:00] 开始收集新闻...
📂 当前缓存: 16 篇
🚀 开始获取新闻，共 4 个源
----------------------------------------
📰 获取 36氪 ...
  ✅ 获取 10 篇文章
📰 获取 少数派 ...
  ✅ 获取 1 篇文章
📰 获取 虎嗅 ...
  ✅ 获取 5 篇文章
📰 获取 澎湃新闻 ...
  ❌ 请求失败 (尝试 1/3): 404 Client Error: Not Found for url: https://m.thepaper.cn/rss_newsDetail.jsp
  ❌ 请求失败 (尝试 2/3): 404 Client Error: Not Found for url: https://m.thepaper.cn/rss_newsDetail.jsp
  ❌ 请求失败 (尝试 3/3): 404 Client Error: Not Found for url: https://m.thepaper.cn/rss_newsDetail.jsp
  ❌ 获取失败
----------------------------------------
📊 总计: 16 篇文章 (去重后)
✅ 新增 1 篇，总计 17 篇
💾 已保存到: /Users/qitmac001395/workspace/QAL/ideas/apps/daily-podcast-ai/cache/2026-01-16-news.json
⏰ [02:00] 开始收集新闻...
📂 当前缓存: 17 篇
🚀 开始获取新闻，共 4 个源
----------------------------------------
📰 获取 36氪 ...
  ✅ 获取 9 篇文章
📰 获取 少数派 ...
  ✅ 获取 1 篇文章
📰 获取 虎嗅 ...
  ✅ 获取 5 篇文章
📰 获取 澎湃新闻 ...
  ❌ 请求失败 (尝试 1/3): 404 Client Error: Not Found for url: https://m.thepaper.cn/rss_newsDetail.jsp
  ❌ 请求失败 (尝试 2/3): 404 Client Error: Not Found for url: https://m.thepaper.cn/rss_newsDetail.jsp
  ❌ 请求失败 (尝试 3/3): 404 Client Error: Not Found for url: https://m.thepaper.cn/rss_newsDetail.jsp
  ❌ 获取失败
----------------------------------------
📊 总计: 15 篇文章 (去重后)
✅ 新增 1 篇，总计 18 篇
💾 已保存到: /Users/qitmac001395/workspace/QAL/ideas/apps/daily-podcast-ai/cache/2026-01-16-news.json
⏰ [03:01] 开始收集新闻...
📂 当前缓存: 18 篇
🚀 开始获取新闻，共 4 个源
----------------------------------------
📰 获取 36氪 ...
  ✅ 获取 8 篇文章
📰 获取 少数派 ...
  ✅ 获取 1 篇文章
📰 获取 虎嗅 ...
  ✅ 获取 5 篇文章
📰 获取 澎湃新闻 ...
  ❌ 请求失败 (尝试 1/3): 404 Client Error: Not Found for url: https://m.thepaper.cn/rss_newsDetail.jsp
  ❌ 请求失败 (尝试 2/3): 404 Client Error: Not Found for url: https://m.thepaper.cn/rss_newsDetail.jsp
  ❌ 请求失败 (尝试 3/3): 404 Client Error: Not Found for url: https://m.thepaper.cn/rss_newsDetail.jsp
  ❌ 获取失败
----------------------------------------
📊 总计: 14 篇文章 (去重后)
✅ 新增 0 篇，总计 18 篇
💾 已保存到: /Users/qitmac001395/workspace/QAL/ideas/apps/daily-podcast-ai/cache/2026-01-16-news.json
⏰ [04:00] 开始收集新闻...
📂 当前缓存: 18 篇
🚀 开始获取新闻，共 4 个源
----------------------------------------
📰 获取 36氪 ...
  ✅ 获取 8 篇文章
📰 获取 少数派 ...
  ✅ 获取 1 篇文章
📰 获取 虎嗅 ...
  ✅ 获取 4 篇文章
📰 获取 澎湃新闻 ...
  ❌ 请求失败 (尝试 1/3): 404 Client Error: Not Found for url: https://m.thepaper.cn/rss_newsDetail.jsp
  ❌ 请求失败 (尝试 2/3): 404 Client Error: Not Found for url: https://m.thepaper.cn/rss_newsDetail.jsp
  ❌ 请求失败 (尝试 3/3): 404 Client Error: Not Found for url: https://m.thepaper.cn/rss_newsDetail.jsp
  ❌ 获取失败
----------------------------------------
📊 总计: 13 篇文章 (去重后)
✅ 新增 0 篇，总计 18 篇
💾 已保存到: /Users/qitmac001395/workspace/QAL/ideas/apps/daily-podcast-ai/cache/2026-01-16-news.json
⏰ [05:00] 开始收集新闻...
📂 当前缓存: 18 篇
🚀 开始获取新闻，共 4 个源
----------------------------------------
📰 获取 36氪 ...
  ✅ 获取 8 篇文章
📰 获取 少数派 ...
  ✅ 获取 1 篇文章
📰 获取 虎嗅 ...
  ✅ 获取 4 篇文章
📰 获取 澎湃新闻 ...
  ❌ 请求失败 (尝试 1/3): 404 Client Error: Not Found for url: https://m.thepaper.cn/rss_newsDetail.jsp
  ❌ 请求失败 (尝试 2/3): 404 Client Error: Not Found for url: https://m.thepaper.cn/rss_newsDetail.jsp
  ❌ 请求失败 (尝试 3/3): 404 Client Error: Not Found for url: https://m.thepaper.cn/rss_newsDetail.jsp
  ❌ 获取失败
----------------------------------------
📊 总计: 13 篇文章 (去重后)
✅ 新增 0 篇，总计 18 篇
💾 已保存到: /Users/qitmac001395/workspace/QAL/ideas/apps/daily-podcast-ai/cache/2026-01-16-news.json
⏰ [06:00] 开始收集新闻...
📂 当前缓存: 18 篇
🚀 开始获取新闻，共 4 个源
----------------------------------------
📰 获取 36氪 ...
  ✅ 获取 8 篇文章
📰 获取 少数派 ...
  ✅ 获取 1 篇文章
📰 获取 虎嗅 ...
  ✅ 获取 4 篇文章
📰 获取 澎湃新闻 ...
  ❌ 请求失败 (尝试 1/3): 404 Client Error: Not Found for url: https://m.thepaper.cn/rss_newsDetail.jsp
  ❌ 请求失败 (尝试 2/3): 404 Client Error: Not Found for url: https://m.thepaper.cn/rss_newsDetail.jsp
  ❌ 请求失败 (尝试 3/3): 404 Client Error: Not Found for url: https://m.thepaper.cn/rss_newsDetail.jsp
  ❌ 获取失败
----------------------------------------
📊 总计: 13 篇文章 (去重后)
✅ 新增 0 篇，总计 18 篇
💾 已保存到: /Users/qitmac001395/workspace/QAL/ideas/apps/daily-podcast-ai/cache/2026-01-16-news.json
⏰ [00:00] 开始收集新闻...
📂 当前缓存: 0 篇
🚀 开始获取新闻，共 4 个源
----------------------------------------
📰 获取 36氪 ...
  ✅ 获取 6 篇文章
📰 获取 少数派 ...
  ✅ 获取 2 篇文章
📰 获取 虎嗅 ...
  ✅ 获取 2 篇文章
📰 获取 澎湃新闻 ...
  ❌ 请求失败 (尝试 1/3): 404 Client Error: Not Found for url: https://m.thepaper.cn/rss_newsDetail.jsp
  ❌ 请求失败 (尝试 2/3): 404 Client Error: Not Found for url: https://m.thepaper.cn/rss_newsDetail.jsp
  ❌ 请求失败 (尝试 3/3): 404 Client Error: Not Found for url: https://m.thepaper.cn/rss_newsDetail.jsp
  ❌ 获取失败
----------------------------------------
📊 总计: 10 篇文章 (去重后)
✅ 新增 10 篇，总计 10 篇
💾 已保存到: /Users/qitmac001395/workspace/QAL/ideas/apps/daily-podcast-ai/cache/2026-01-17-news.json
⏰ [01:00] 开始收集新闻...
📂 当前缓存: 10 篇
🚀 开始获取新闻，共 4 个源
----------------------------------------
📰 获取 36氪 ...
  ✅ 获取 5 篇文章
📰 获取 少数派 ...
  ❌ 请求失败 (尝试 1/3): HTTPSConnectionPool(host='sspai.com', port=443): Max retries exceeded with url: /feed (Caused by NameResolutionError("HTTPSConnection(host='sspai.com', port=443): Failed to resolve 'sspai.com' ([Errno 8] nodename nor servname provided, or not known)"))
  ✅ 获取 2 篇文章
📰 获取 虎嗅 ...
  ✅ 获取 2 篇文章
📰 获取 澎湃新闻 ...
  ❌ 请求失败 (尝试 1/3): 404 Client Error: Not Found for url: https://m.thepaper.cn/rss_newsDetail.jsp
  ❌ 请求失败 (尝试 2/3): 404 Client Error: Not Found for url: https://m.thepaper.cn/rss_newsDetail.jsp
  ❌ 请求失败 (尝试 3/3): 404 Client Error: Not Found for url: https://m.thepaper.cn/rss_newsDetail.jsp
  ❌ 获取失败
----------------------------------------
📊 总计: 9 篇文章 (去重后)
✅ 新增 0 篇，总计 10 篇
💾 已保存到: /Users/qitmac001395/workspace/QAL/ideas/apps/daily-podcast-ai/cache/2026-01-17-news.json
⏰ [03:00] 开始收集新闻...
📂 当前缓存: 10 篇
🚀 开始获取新闻，共 4 个源
----------------------------------------
📰 获取 36氪 ...
  ✅ 获取 4 篇文章
📰 获取 少数派 ...
  ✅ 获取 2 篇文章
📰 获取 虎嗅 ...
  ✅ 获取 2 篇文章
📰 获取 澎湃新闻 ...
  ❌ 请求失败 (尝试 1/3): 404 Client Error: Not Found for url: https://m.thepaper.cn/rss_newsDetail.jsp
  ❌ 请求失败 (尝试 2/3): 404 Client Error: Not Found for url: https://m.thepaper.cn/rss_newsDetail.jsp
  ❌ 请求失败 (尝试 3/3): 404 Client Error: Not Found for url: https://m.thepaper.cn/rss_newsDetail.jsp
  ❌ 获取失败
----------------------------------------
📊 总计: 8 篇文章 (去重后)
✅ 新增 0 篇，总计 10 篇
💾 已保存到: /Users/qitmac001395/workspace/QAL/ideas/apps/daily-podcast-ai/cache/2026-01-17-news.json
⏰ [04:00] 开始收集新闻...
📂 当前缓存: 10 篇
🚀 开始获取新闻，共 4 个源
----------------------------------------
📰 获取 36氪 ...
  ✅ 获取 4 篇文章
📰 获取 少数派 ...
  ✅ 获取 1 篇文章
📰 获取 虎嗅 ...
  ✅ 获取 1 篇文章
📰 获取 澎湃新闻 ...
  ❌ 请求失败 (尝试 1/3): 404 Client Error: Not Found for url: https://m.thepaper.cn/rss_newsDetail.jsp
  ❌ 请求失败 (尝试 2/3): 404 Client Error: Not Found for url: https://m.thepaper.cn/rss_newsDetail.jsp
  ❌ 请求失败 (尝试 3/3): 404 Client Error: Not Found for url: https://m.thepaper.cn/rss_newsDetail.jsp
  ❌ 获取失败
----------------------------------------
📊 总计: 6 篇文章 (去重后)
✅ 新增 0 篇，总计 10 篇
💾 已保存到: /Users/qitmac001395/workspace/QAL/ideas/apps/daily-podcast-ai/cache/2026-01-17-news.json
⏰ [05:00] 开始收集新闻...
📂 当前缓存: 10 篇
🚀 开始获取新闻，共 4 个源
----------------------------------------
📰 获取 36氪 ...
  ✅ 获取 4 篇文章
📰 获取 少数派 ...
  ✅ 获取 1 篇文章
📰 获取 虎嗅 ...
  ✅ 获取 1 篇文章
📰 获取 澎湃新闻 ...
  ❌ 请求失败 (尝试 1/3): 404 Client Error: Not Found for url: https://m.thepaper.cn/rss_newsDetail.jsp
  ❌ 请求失败 (尝试 2/3): 404 Client Error: Not Found for url: https://m.thepaper.cn/rss_newsDetail.jsp
  ❌ 请求失败 (尝试 3/3): 404 Client Error: Not Found for url: https://m.thepaper.cn/rss_newsDetail.jsp
  ❌ 获取失败
----------------------------------------
📊 总计: 6 篇文章 (去重后)
✅ 新增 0 篇，总计 10 篇
💾 已保存到: /Users/qitmac001395/workspace/QAL/ideas/apps/daily-podcast-ai/cache/2026-01-17-news.json
⏰ [06:00] 开始收集新闻...
📂 当前缓存: 10 篇
🚀 开始获取新闻，共 4 个源
----------------------------------------
📰 获取 36氪 ...
  ✅ 获取 4 篇文章
📰 获取 少数派 ...
  ✅ 获取 1 篇文章
📰 获取 虎嗅 ...
  ✅ 获取 1 篇文章
📰 获取 澎湃新闻 ...
  ❌ 请求失败 (尝试 1/3): 404 Client Error: Not Found for url: https://m.thepaper.cn/rss_newsDetail.jsp
  ❌ 请求失败 (尝试 2/3): 404 Client Error: Not Found for url: https://m.thepaper.cn/rss_newsDetail.jsp
  ❌ 请求失败 (尝试 3/3): 404 Client Error: Not Found for url: https://m.thepaper.cn/rss_newsDetail.jsp
  ❌ 获取失败
----------------------------------------
📊 总计: 6 篇文章 (去重后)
✅ 新增 0 篇，总计 10 篇
💾 已保存到: /Users/qitmac001395/workspace/QAL/ideas/apps/daily-podcast-ai/cache/2026-01-17-news.json
⏰ [01:00] 开始收集新闻...
📂 当前缓存: 0 篇
🚀 开始获取新闻，共 4 个源
----------------------------------------
📰 获取 36氪 ...
  ✅ 获取 4 篇文章
📰 获取 少数派 ...
  ✅ 获取 0 篇文章
📰 获取 虎嗅 ...
  ✅ 获取 1 篇文章
📰 获取 澎湃新闻 ...
  ❌ 请求失败 (尝试 1/3): 404 Client Error: Not Found for url: https://m.thepaper.cn/rss_newsDetail.jsp
  ❌ 请求失败 (尝试 2/3): 404 Client Error: Not Found for url: https://m.thepaper.cn/rss_newsDetail.jsp
  ❌ 请求失败 (尝试 3/3): 404 Client Error: Not Found for url: https://m.thepaper.cn/rss_newsDetail.jsp
  ❌ 获取失败
----------------------------------------
📊 总计: 5 篇文章 (去重后)
✅ 新增 5 篇，总计 5 篇
💾 已保存到: /Users/qitmac001395/workspace/QAL/ideas/apps/daily-podcast-ai/cache/2026-01-18-news.json
⏰ [02:00] 开始收集新闻...
📂 当前缓存: 5 篇
🚀 开始获取新闻，共 4 个源
----------------------------------------
📰 获取 36氪 ...
  ✅ 获取 3 篇文章
📰 获取 少数派 ...
  ✅ 获取 0 篇文章
📰 获取 虎嗅 ...
  ✅ 获取 1 篇文章
📰 获取 澎湃新闻 ...
  ❌ 请求失败 (尝试 1/3): 404 Client Error: Not Found for url: https://m.thepaper.cn/rss_newsDetail.jsp
  ❌ 请求失败 (尝试 2/3): 404 Client Error: Not Found for url: https://m.thepaper.cn/rss_newsDetail.jsp
  ❌ 请求失败 (尝试 3/3): 404 Client Error: Not Found for url: https://m.thepaper.cn/rss_newsDetail.jsp
  ❌ 获取失败
----------------------------------------
📊 总计: 4 篇文章 (去重后)
✅ 新增 0 篇，总计 5 篇
💾 已保存到: /Users/qitmac001395/workspace/QAL/ideas/apps/daily-podcast-ai/cache/2026-01-18-news.json
⏰ [03:00] 开始收集新闻...
📂 当前缓存: 5 篇
🚀 开始获取新闻，共 4 个源
----------------------------------------
📰 获取 36氪 ...
  ✅ 获取 3 篇文章
📰 获取 少数派 ...
  ✅ 获取 0 篇文章
📰 获取 虎嗅 ...
  ✅ 获取 1 篇文章
📰 获取 澎湃新闻 ...
  ❌ 请求失败 (尝试 1/3): 404 Client Error: Not Found for url: https://m.thepaper.cn/rss_newsDetail.jsp
  ❌ 请求失败 (尝试 2/3): 404 Client Error: Not Found for url: https://m.thepaper.cn/rss_newsDetail.jsp
  ❌ 请求失败 (尝试 3/3): 404 Client Error: Not Found for url: https://m.thepaper.cn/rss_newsDetail.jsp
  ❌ 获取失败
----------------------------------------
📊 总计: 4 篇文章 (去重后)
✅ 新增 0 篇，总计 5 篇
💾 已保存到: /Users/qitmac001395/workspace/QAL/ideas/apps/daily-podcast-ai/cache/2026-01-18-news.json
⏰ [04:00] 开始收集新闻...
📂 当前缓存: 5 篇
🚀 开始获取新闻，共 4 个源
----------------------------------------
📰 获取 36氪 ...
  ✅ 获取 2 篇文章
📰 获取 少数派 ...
  ✅ 获取 0 篇文章
📰 获取 虎嗅 ...
  ✅ 获取 1 篇文章
📰 获取 澎湃新闻 ...
  ❌ 请求失败 (尝试 1/3): 404 Client Error: Not Found for url: https://m.thepaper.cn/rss_newsDetail.jsp
  ❌ 请求失败 (尝试 2/3): 404 Client Error: Not Found for url: https://m.thepaper.cn/rss_newsDetail.jsp
  ❌ 请求失败 (尝试 3/3): 404 Client Error: Not Found for url: https://m.thepaper.cn/rss_newsDetail.jsp
  ❌ 获取失败
----------------------------------------
📊 总计: 3 篇文章 (去重后)
✅ 新增 0 篇，总计 5 篇
💾 已保存到: /Users/qitmac001395/workspace/QAL/ideas/apps/daily-podcast-ai/cache/2026-01-18-news.json
⏰ [05:00] 开始收集新闻...
📂 当前缓存: 5 篇
🚀 开始获取新闻，共 4 个源
----------------------------------------
📰 获取 36氪 ...
  ✅ 获取 2 篇文章
📰 获取 少数派 ...
  ✅ 获取 0 篇文章
📰 获取 虎嗅 ...
  ✅ 获取 1 篇文章
📰 获取 澎湃新闻 ...
  ❌ 请求失败 (尝试 1/3): 404 Client Error: Not Found for url: https://m.thepaper.cn/rss_newsDetail.jsp
  ❌ 请求失败 (尝试 2/3): 404 Client Error: Not Found for url: https://m.thepaper.cn/rss_newsDetail.jsp
  ❌ 请求失败 (尝试 3/3): 404 Client Error: Not Found for url: https://m.thepaper.cn/rss_newsDetail.jsp
  ❌ 获取失败
----------------------------------------
📊 总计: 3 篇文章 (去重后)
✅ 新增 0 篇，总计 5 篇
💾 已保存到: /Users/qitmac001395/workspace/QAL/ideas/apps/daily-podcast-ai/cache/2026-01-18-news.json
⏰ [06:00] 开始收集新闻...
📂 当前缓存: 5 篇
🚀 开始获取新闻，共 4 个源
----------------------------------------
📰 获取 36氪 ...
  ✅ 获取 2 篇文章
📰 获取 少数派 ...
  ✅ 获取 0 篇文章
📰 获取 虎嗅 ...
  ✅ 获取 1 篇文章
📰 获取 澎湃新闻 ...
  ❌ 请求失败 (尝试 1/3): 404 Client Error: Not Found for url: https://m.thepaper.cn/rss_newsDetail.jsp
  ❌ 请求失败 (尝试 2/3): 404 Client Error: Not Found for url: https://m.thepaper.cn/rss_newsDetail.jsp
  ❌ 请求失败 (尝试 3/3): 404 Client Error: Not Found for url: https://m.thepaper.cn/rss_newsDetail.jsp
  ❌ 获取失败
----------------------------------------
📊 总计: 3 篇文章 (去重后)
✅ 新增 0 篇，总计 5 篇
💾 已保存到: /Users/qitmac001395/workspace/QAL/ideas/apps/daily-podcast-ai/cache/2026-01-18-news.json
⏰ [00:00] 开始收集新闻...
📂 当前缓存: 0 篇
🚀 开始获取新闻，共 4 个源
----------------------------------------
📰 获取 36氪 ...
  ✅ 获取 10 篇文章
📰 获取 少数派 ...
  ✅ 获取 1 篇文章
📰 获取 虎嗅 ...
  ✅ 获取 0 篇文章
📰 获取 澎湃新闻 ...
  ❌ 请求失败 (尝试 1/3): 404 Client Error: Not Found for url: https://m.thepaper.cn/rss_newsDetail.jsp
  ❌ 请求失败 (尝试 2/3): 404 Client Error: Not Found for url: https://m.thepaper.cn/rss_newsDetail.jsp
  ❌ 请求失败 (尝试 3/3): 404 Client Error: Not Found for url: https://m.thepaper.cn/rss_newsDetail.jsp
  ❌ 获取失败
----------------------------------------
📊 总计: 11 篇文章 (去重后)
✅ 新增 11 篇，总计 11 篇
💾 已保存到: /Users/qitmac001395/workspace/QAL/ideas/apps/daily-podcast-ai/cache/2026-01-19-news.json
⏰ [01:00] 开始收集新闻...
📂 当前缓存: 11 篇
🚀 开始获取新闻，共 4 个源
----------------------------------------
📰 获取 36氪 ...
  ✅ 获取 10 篇文章
📰 获取 少数派 ...
  ✅ 获取 1 篇文章
📰 获取 虎嗅 ...
  ✅ 获取 0 篇文章
📰 获取 澎湃新闻 ...
  ❌ 请求失败 (尝试 1/3): 404 Client Error: Not Found for url: https://m.thepaper.cn/rss_newsDetail.jsp
  ❌ 请求失败 (尝试 2/3): 404 Client Error: Not Found for url: https://m.thepaper.cn/rss_newsDetail.jsp
  ❌ 请求失败 (尝试 3/3): 404 Client Error: Not Found for url: https://m.thepaper.cn/rss_newsDetail.jsp
  ❌ 获取失败
----------------------------------------
📊 总计: 11 篇文章 (去重后)
✅ 新增 0 篇，总计 11 篇
💾 已保存到: /Users/qitmac001395/workspace/QAL/ideas/apps/daily-podcast-ai/cache/2026-01-19-news.json
⏰ [02:00] 开始收集新闻...
📂 当前缓存: 11 篇
🚀 开始获取新闻，共 4 个源
----------------------------------------
📰 获取 36氪 ...
  ✅ 获取 10 篇文章
📰 获取 少数派 ...
  ✅ 获取 1 篇文章
📰 获取 虎嗅 ...
  ✅ 获取 0 篇文章
📰 获取 澎湃新闻 ...
  ❌ 请求失败 (尝试 1/3): 404 Client Error: Not Found for url: https://m.thepaper.cn/rss_newsDetail.jsp
  ❌ 请求失败 (尝试 2/3): 404 Client Error: Not Found for url: https://m.thepaper.cn/rss_newsDetail.jsp
  ❌ 请求失败 (尝试 3/3): 404 Client Error: Not Found for url: https://m.thepaper.cn/rss_newsDetail.jsp
  ❌ 获取失败
----------------------------------------
📊 总计: 11 篇文章 (去重后)
✅ 新增 0 篇，总计 11 篇
💾 已保存到: /Users/qitmac001395/workspace/QAL/ideas/apps/daily-podcast-ai/cache/2026-01-19-news.json
⏰ [03:00] 开始收集新闻...
📂 当前缓存: 11 篇
🚀 开始获取新闻，共 4 个源
----------------------------------------
📰 获取 36氪 ...
  ✅ 获取 9 篇文章
📰 获取 少数派 ...
  ✅ 获取 1 篇文章
📰 获取 虎嗅 ...
  ✅ 获取 0 篇文章
📰 获取 澎湃新闻 ...
  ❌ 请求失败 (尝试 1/3): 404 Client Error: Not Found for url: https://m.thepaper.cn/rss_newsDetail.jsp
  ❌ 请求失败 (尝试 2/3): 404 Client Error: Not Found for url: https://m.thepaper.cn/rss_newsDetail.jsp
  ❌ 请求失败 (尝试 3/3): 404 Client Error: Not Found for url: https://m.thepaper.cn/rss_newsDetail.jsp
  ❌ 获取失败
----------------------------------------
📊 总计: 10 篇文章 (去重后)
✅ 新增 0 篇，总计 11 篇
💾 已保存到: /Users/qitmac001395/workspace/QAL/ideas/apps/daily-podcast-ai/cache/2026-01-19-news.json
⏰ [04:00] 开始收集新闻...
📂 当前缓存: 11 篇
🚀 开始获取新闻，共 4 个源
----------------------------------------
📰 获取 36氪 ...
  ✅ 获取 9 篇文章
📰 获取 少数派 ...
  ✅ 获取 1 篇文章
📰 获取 虎嗅 ...
  ✅ 获取 0 篇文章
📰 获取 澎湃新闻 ...
  ❌ 请求失败 (尝试 1/3): 404 Client Error: Not Found for url: https://m.thepaper.cn/rss_newsDetail.jsp
  ❌ 请求失败 (尝试 2/3): 404 Client Error: Not Found for url: https://m.thepaper.cn/rss_newsDetail.jsp
  ❌ 请求失败 (尝试 3/3): 404 Client Error: Not Found for url: https://m.thepaper.cn/rss_newsDetail.jsp
  ❌ 获取失败
----------------------------------------
📊 总计: 10 篇文章 (去重后)
✅ 新增 0 篇，总计 11 篇
💾 已保存到: /Users/qitmac001395/workspace/QAL/ideas/apps/daily-podcast-ai/cache/2026-01-19-news.json
⏰ [05:00] 开始收集新闻...
📂 当前缓存: 11 篇
🚀 开始获取新闻，共 4 个源
----------------------------------------
📰 获取 36氪 ...
  ✅ 获取 9 篇文章
📰 获取 少数派 ...
  ✅ 获取 1 篇文章
📰 获取 虎嗅 ...
  ✅ 获取 0 篇文章
📰 获取 澎湃新闻 ...
  ❌ 请求失败 (尝试 1/3): 404 Client Error: Not Found for url: https://m.thepaper.cn/rss_newsDetail.jsp
  ❌ 请求失败 (尝试 2/3): 404 Client Error: Not Found for url: https://m.thepaper.cn/rss_newsDetail.jsp
  ❌ 请求失败 (尝试 3/3): 404 Client Error: Not Found for url: https://m.thepaper.cn/rss_newsDetail.jsp
  ❌ 获取失败
----------------------------------------
📊 总计: 10 篇文章 (去重后)
✅ 新增 0 篇，总计 11 篇
💾 已保存到: /Users/qitmac001395/workspace/QAL/ideas/apps/daily-podcast-ai/cache/2026-01-19-news.json
⏰ [06:13] 开始收集新闻...
📂 当前缓存: 11 篇
🚀 开始获取新闻，共 4 个源
----------------------------------------
📰 获取 36氪 ...
  ✅ 获取 8 篇文章
📰 获取 少数派 ...
  ✅ 获取 1 篇文章
📰 获取 虎嗅 ...
  ✅ 获取 0 篇文章
📰 获取 澎湃新闻 ...
  ❌ 请求失败 (尝试 1/3): 404 Client Error: Not Found for url: https://m.thepaper.cn/rss_newsDetail.jsp
  ❌ 请求失败 (尝试 2/3): 404 Client Error: Not Found for url: https://m.thepaper.cn/rss_newsDetail.jsp
  ❌ 请求失败 (尝试 3/3): 404 Client Error: Not Found for url: https://m.thepaper.cn/rss_newsDetail.jsp
  ❌ 获取失败
----------------------------------------
📊 总计: 9 篇文章 (去重后)
✅ 新增 0 篇，总计 11 篇
💾 已保存到: /Users/qitmac001395/workspace/QAL/ideas/apps/daily-podcast-ai/cache/2026-01-19-news.json
⏰ [00:08] 开始收集新闻...
📂 当前缓存: 0 篇
🚀 开始获取新闻，共 4 个源
----------------------------------------
📰 获取 36氪 ...
  ❌ 请求失败 (尝试 1/3): HTTPSConnectionPool(host='36kr.com', port=443): Max retries exceeded with url: /feed (Caused by NameResolutionError("HTTPSConnection(host='36kr.com', port=443): Failed to resolve '36kr.com' ([Errno 8] nodename nor servname provided, or not known)"))
  ❌ 请求失败 (尝试 2/3): HTTPSConnectionPool(host='36kr.com', port=443): Max retries exceeded with url: /feed (Caused by NameResolutionError("HTTPSConnection(host='36kr.com', port=443): Failed to resolve '36kr.com' ([Errno 8] nodename nor servname provided, or not known)"))
  ❌ 请求失败 (尝试 3/3): HTTPSConnectionPool(host='36kr.com', port=443): Max retries exceeded with url: /feed (Caused by NameResolutionError("HTTPSConnection(host='36kr.com', port=443): Failed to resolve '36kr.com' ([Errno 8] nodename nor servname provided, or not known)"))
  ❌ 获取失败
📰 获取 少数派 ...
  ❌ 请求失败 (尝试 1/3): HTTPSConnectionPool(host='sspai.com', port=443): Max retries exceeded with url: /feed (Caused by NameResolutionError("HTTPSConnection(host='sspai.com', port=443): Failed to resolve 'sspai.com' ([Errno 8] nodename nor servname provided, or not known)"))
  ❌ 请求失败 (尝试 2/3): HTTPSConnectionPool(host='sspai.com', port=443): Max retries exceeded with url: /feed (Caused by NameResolutionError("HTTPSConnection(host='sspai.com', port=443): Failed to resolve 'sspai.com' ([Errno 8] nodename nor servname provided, or not known)"))
  ❌ 请求失败 (尝试 3/3): HTTPSConnectionPool(host='sspai.com', port=443): Max retries exceeded with url: /feed (Caused by NameResolutionError("HTTPSConnection(host='sspai.com', port=443): Failed to resolve 'sspai.com' ([Errno 8] nodename nor servname provided, or not known)"))
  ❌ 获取失败
📰 获取 虎嗅 ...
  ❌ 请求失败 (尝试 1/3): HTTPSConnectionPool(host='www.huxiu.com', port=443): Max retries exceeded with url: /rss/0.xml (Caused by NameResolutionError("HTTPSConnection(host='www.huxiu.com', port=443): Failed to resolve 'www.huxiu.com' ([Errno 8] nodename nor servname provided, or not known)"))
  ❌ 请求失败 (尝试 2/3): HTTPSConnectionPool(host='www.huxiu.com', port=443): Max retries exceeded with url: /rss/0.xml (Caused by NameResolutionError("HTTPSConnection(host='www.huxiu.com', port=443): Failed to resolve 'www.huxiu.com' ([Errno 8] nodename nor servname provided, or not known)"))
  ❌ 请求失败 (尝试 3/3): HTTPSConnectionPool(host='www.huxiu.com', port=443): Max retries exceeded with url: /rss/0.xml (Caused by NameResolutionError("HTTPSConnection(host='www.huxiu.com', port=443): Failed to resolve 'www.huxiu.com' ([Errno 8] nodename nor servname provided, or not known)"))
  ❌ 获取失败
📰 获取 澎湃新闻 ...
  ❌ 请求失败 (尝试 1/3): HTTPSConnectionPool(host='www.thepaper.cn', port=443): Max retries exceeded with url: /rss_newsDetail.jsp (Caused by NameResolutionError("HTTPSConnection(host='www.thepaper.cn', port=443): Failed to resolve 'www.thepaper.cn' ([Errno 8] nodename nor servname provided, or not known)"))
  ❌ 请求失败 (尝试 2/3): HTTPSConnectionPool(host='www.thepaper.cn', port=443): Max retries exceeded with url: /rss_newsDetail.jsp (Caused by NameResolutionError("HTTPSConnection(host='www.thepaper.cn', port=443): Failed to resolve 'www.thepaper.cn' ([Errno 8] nodename nor servname provided, or not known)"))
  ❌ 请求失败 (尝试 3/3): HTTPSConnectionPool(host='www.thepaper.cn', port=443): Max retries exceeded with url: /rss_newsDetail.jsp (Caused by NameResolutionError("HTTPSConnection(host='www.thepaper.cn', port=443): Failed to resolve 'www.thepaper.cn' ([Errno 8] nodename nor servname provided, or not known)"))
  ❌ 获取失败
----------------------------------------
📊 总计: 0 篇文章 (去重后)
❌ 未获取到新闻
⏰ [01:00] 开始收集新闻...
📂 当前缓存: 0 篇
🚀 开始获取新闻，共 4 个源
----------------------------------------
📰 获取 36氪 ...
  ✅ 获取 6 篇文章
📰 获取 少数派 ...
  ✅ 获取 0 篇文章
📰 获取 虎嗅 ...
  ✅ 获取 7 篇文章
📰 获取 澎湃新闻 ...
  ❌ 请求失败 (尝试 1/3): 404 Client Error: Not Found for url: https://m.thepaper.cn/rss_newsDetail.jsp
  ❌ 请求失败 (尝试 2/3): 404 Client Error: Not Found for url: https://m.thepaper.cn/rss_newsDetail.jsp
  ❌ 请求失败 (尝试 3/3): 404 Client Error: Not Found for url: https://m.thepaper.cn/rss_newsDetail.jsp
  ❌ 获取失败
----------------------------------------
📊 总计: 13 篇文章 (去重后)
✅ 新增 13 篇，总计 13 篇
💾 已保存到: /Users/qitmac001395/workspace/QAL/ideas/apps/daily-podcast-ai/cache/2026-01-20-news.json
⏰ [02:00] 开始收集新闻...
📂 当前缓存: 13 篇
🚀 开始获取新闻，共 4 个源
----------------------------------------
📰 获取 36氪 ...
  ✅ 获取 6 篇文章
📰 获取 少数派 ...
  ✅ 获取 0 篇文章
📰 获取 虎嗅 ...
  ✅ 获取 7 篇文章
📰 获取 澎湃新闻 ...
  ❌ 请求失败 (尝试 1/3): 404 Client Error: Not Found for url: https://m.thepaper.cn/rss_newsDetail.jsp
  ❌ 请求失败 (尝试 2/3): 404 Client Error: Not Found for url: https://m.thepaper.cn/rss_newsDetail.jsp
  ❌ 请求失败 (尝试 3/3): 404 Client Error: Not Found for url: https://m.thepaper.cn/rss_newsDetail.jsp
  ❌ 获取失败
----------------------------------------
📊 总计: 13 篇文章 (去重后)
✅ 新增 0 篇，总计 13 篇
💾 已保存到: /Users/qitmac001395/workspace/QAL/ideas/apps/daily-podcast-ai/cache/2026-01-20-news.json
⏰ [03:00] 开始收集新闻...
📂 当前缓存: 13 篇
🚀 开始获取新闻，共 4 个源
----------------------------------------
📰 获取 36氪 ...
  ✅ 获取 6 篇文章
📰 获取 少数派 ...
  ✅ 获取 0 篇文章
📰 获取 虎嗅 ...
  ✅ 获取 7 篇文章
📰 获取 澎湃新闻 ...
  ❌ 请求失败 (尝试 1/3): 404 Client Error: Not Found for url: https://m.thepaper.cn/rss_newsDetail.jsp
  ❌ 请求失败 (尝试 2/3): 404 Client Error: Not Found for url: https://m.thepaper.cn/rss_newsDetail.jsp
  ❌ 请求失败 (尝试 3/3): 404 Client Error: Not Found for url: https://m.thepaper.cn/rss_newsDetail.jsp
  ❌ 获取失败
----------------------------------------
📊 总计: 13 篇文章 (去重后)
✅ 新增 0 篇，总计 13 篇
💾 已保存到: /Users/qitmac001395/workspace/QAL/ideas/apps/daily-podcast-ai/cache/2026-01-20-news.json
⏰ [04:06] 开始收集新闻...
📂 当前缓存: 13 篇
🚀 开始获取新闻，共 4 个源
----------------------------------------
📰 获取 36氪 ...
  ✅ 获取 6 篇文章
📰 获取 少数派 ...
  ✅ 获取 0 篇文章
📰 获取 虎嗅 ...
  ✅ 获取 7 篇文章
📰 获取 澎湃新闻 ...
  ❌ 请求失败 (尝试 1/3): 404 Client Error: Not Found for url: https://m.thepaper.cn/rss_newsDetail.jsp
  ❌ 请求失败 (尝试 2/3): 404 Client Error: Not Found for url: https://m.thepaper.cn/rss_newsDetail.jsp
  ❌ 请求失败 (尝试 3/3): 404 Client Error: Not Found for url: https://m.thepaper.cn/rss_newsDetail.jsp
  ❌ 获取失败
----------------------------------------
📊 总计: 13 篇文章 (去重后)
✅ 新增 0 篇，总计 13 篇
💾 已保存到: /Users/qitmac001395/workspace/QAL/ideas/apps/daily-podcast-ai/cache/2026-01-20-news.json
⏰ [05:00] 开始收集新闻...
📂 当前缓存: 13 篇
🚀 开始获取新闻，共 4 个源
----------------------------------------
📰 获取 36氪 ...
  ✅ 获取 6 篇文章
📰 获取 少数派 ...
  ✅ 获取 0 篇文章
📰 获取 虎嗅 ...
  ✅ 获取 7 篇文章
📰 获取 澎湃新闻 ...
  ❌ 请求失败 (尝试 1/3): 404 Client Error: Not Found for url: https://m.thepaper.cn/rss_newsDetail.jsp
  ❌ 请求失败 (尝试 2/3): 404 Client Error: Not Found for url: https://m.thepaper.cn/rss_newsDetail.jsp
  ❌ 请求失败 (尝试 3/3): 404 Client Error: Not Found for url: https://m.thepaper.cn/rss_newsDetail.jsp
  ❌ 获取失败
----------------------------------------
📊 总计: 13 篇文章 (去重后)
✅ 新增 0 篇，总计 13 篇
💾 已保存到: /Users/qitmac001395/workspace/QAL/ideas/apps/daily-podcast-ai/cache/2026-01-20-news.json
⏰ [06:06] 开始收集新闻...
📂 当前缓存: 13 篇
🚀 开始获取新闻，共 4 个源
----------------------------------------
📰 获取 36氪 ...
  ✅ 获取 6 篇文章
📰 获取 少数派 ...
  ✅ 获取 0 篇文章
📰 获取 虎嗅 ...
  ✅ 获取 6 篇文章
📰 获取 澎湃新闻 ...
  ❌ 请求失败 (尝试 1/3): 404 Client Error: Not Found for url: https://m.thepaper.cn/rss_newsDetail.jsp
  ❌ 请求失败 (尝试 2/3): 404 Client Error: Not Found for url: https://m.thepaper.cn/rss_newsDetail.jsp
  ❌ 请求失败 (尝试 3/3): 404 Client Error: Not Found for url: https://m.thepaper.cn/rss_newsDetail.jsp
  ❌ 获取失败
----------------------------------------
📊 总计: 12 篇文章 (去重后)
✅ 新增 0 篇，总计 13 篇
💾 已保存到: /Users/qitmac001395/workspace/QAL/ideas/apps/daily-podcast-ai/cache/2026-01-20-news.json
⏰ [00:00] 开始收集新闻...
📂 当前缓存: 0 篇
🚀 开始获取新闻，共 4 个源
----------------------------------------
📰 获取 36氪 ...
  ✅ 获取 10 篇文章
📰 获取 少数派 ...
  ✅ 获取 1 篇文章
📰 获取 虎嗅 ...
  ✅ 获取 4 篇文章
📰 获取 澎湃新闻 ...
  ❌ 请求失败 (尝试 1/3): 404 Client Error: Not Found for url: https://m.thepaper.cn/rss_newsDetail.jsp
  ❌ 请求失败 (尝试 2/3): 404 Client Error: Not Found for url: https://m.thepaper.cn/rss_newsDetail.jsp
  ❌ 请求失败 (尝试 3/3): 404 Client Error: Not Found for url: https://m.thepaper.cn/rss_newsDetail.jsp
  ❌ 获取失败
----------------------------------------
📊 总计: 15 篇文章 (去重后)
✅ 新增 15 篇，总计 15 篇
💾 已保存到: /Users/qitmac001395/workspace/QAL/ideas/apps/daily-podcast-ai/cache/2026-01-21-news.json
⏰ [01:00] 开始收集新闻...
📂 当前缓存: 15 篇
🚀 开始获取新闻，共 4 个源
----------------------------------------
📰 获取 36氪 ...
  ❌ 请求失败 (尝试 1/3): HTTPSConnectionPool(host='36kr.com', port=443): Max retries exceeded with url: /feed (Caused by NameResolutionError("HTTPSConnection(host='36kr.com', port=443): Failed to resolve '36kr.com' ([Errno 8] nodename nor servname provided, or not known)"))
  ❌ 请求失败 (尝试 2/3): HTTPSConnectionPool(host='36kr.com', port=443): Max retries exceeded with url: /feed (Caused by NameResolutionError("HTTPSConnection(host='36kr.com', port=443): Failed to resolve '36kr.com' ([Errno 8] nodename nor servname provided, or not known)"))
  ❌ 请求失败 (尝试 3/3): HTTPSConnectionPool(host='36kr.com', port=443): Max retries exceeded with url: /feed (Caused by NameResolutionError("HTTPSConnection(host='36kr.com', port=443): Failed to resolve '36kr.com' ([Errno 8] nodename nor servname provided, or not known)"))
  ❌ 获取失败
📰 获取 少数派 ...
  ❌ 请求失败 (尝试 1/3): HTTPSConnectionPool(host='sspai.com', port=443): Max retries exceeded with url: /feed (Caused by NameResolutionError("HTTPSConnection(host='sspai.com', port=443): Failed to resolve 'sspai.com' ([Errno 8] nodename nor servname provided, or not known)"))
  ❌ 请求失败 (尝试 2/3): HTTPSConnectionPool(host='sspai.com', port=443): Max retries exceeded with url: /feed (Caused by NameResolutionError("HTTPSConnection(host='sspai.com', port=443): Failed to resolve 'sspai.com' ([Errno 8] nodename nor servname provided, or not known)"))
  ❌ 请求失败 (尝试 3/3): HTTPSConnectionPool(host='sspai.com', port=443): Max retries exceeded with url: /feed (Caused by NameResolutionError("HTTPSConnection(host='sspai.com', port=443): Failed to resolve 'sspai.com' ([Errno 8] nodename nor servname provided, or not known)"))
  ❌ 获取失败
📰 获取 虎嗅 ...
  ✅ 获取 4 篇文章
📰 获取 澎湃新闻 ...
  ❌ 请求失败 (尝试 1/3): 404 Client Error: Not Found for url: https://m.thepaper.cn/rss_newsDetail.jsp
  ❌ 请求失败 (尝试 2/3): 404 Client Error: Not Found for url: https://m.thepaper.cn/rss_newsDetail.jsp
  ❌ 请求失败 (尝试 3/3): 404 Client Error: Not Found for url: https://m.thepaper.cn/rss_newsDetail.jsp
  ❌ 获取失败
----------------------------------------
📊 总计: 4 篇文章 (去重后)
✅ 新增 0 篇，总计 15 篇
💾 已保存到: /Users/qitmac001395/workspace/QAL/ideas/apps/daily-podcast-ai/cache/2026-01-21-news.json
⏰ [02:13] 开始收集新闻...
📂 当前缓存: 15 篇
🚀 开始获取新闻，共 4 个源
----------------------------------------
📰 获取 36氪 ...
  ✅ 获取 9 篇文章
📰 获取 少数派 ...
  ✅ 获取 0 篇文章
📰 获取 虎嗅 ...
  ✅ 获取 4 篇文章
📰 获取 澎湃新闻 ...
  ❌ 请求失败 (尝试 1/3): 404 Client Error: Not Found for url: https://m.thepaper.cn/rss_newsDetail.jsp
  ❌ 请求失败 (尝试 2/3): 404 Client Error: Not Found for url: https://m.thepaper.cn/rss_newsDetail.jsp
  ❌ 请求失败 (尝试 3/3): 404 Client Error: Not Found for url: https://m.thepaper.cn/rss_newsDetail.jsp
  ❌ 获取失败
----------------------------------------
📊 总计: 13 篇文章 (去重后)
✅ 新增 2 篇，总计 17 篇
💾 已保存到: /Users/qitmac001395/workspace/QAL/ideas/apps/daily-podcast-ai/cache/2026-01-21-news.json
⏰ [03:05] 开始收集新闻...
📂 当前缓存: 17 篇
🚀 开始获取新闻，共 4 个源
----------------------------------------
📰 获取 36氪 ...
  ✅ 获取 8 篇文章
📰 获取 少数派 ...
  ✅ 获取 0 篇文章
📰 获取 虎嗅 ...
  ✅ 获取 4 篇文章
📰 获取 澎湃新闻 ...
  ❌ 请求失败 (尝试 1/3): 404 Client Error: Not Found for url: https://m.thepaper.cn/rss_newsDetail.jsp
  ❌ 请求失败 (尝试 2/3): 404 Client Error: Not Found for url: https://m.thepaper.cn/rss_newsDetail.jsp
  ❌ 请求失败 (尝试 3/3): 404 Client Error: Not Found for url: https://m.thepaper.cn/rss_newsDetail.jsp
  ❌ 获取失败
----------------------------------------
📊 总计: 12 篇文章 (去重后)
✅ 新增 0 篇，总计 17 篇
💾 已保存到: /Users/qitmac001395/workspace/QAL/ideas/apps/daily-podcast-ai/cache/2026-01-21-news.json
⏰ [04:06] 开始收集新闻...
📂 当前缓存: 17 篇
🚀 开始获取新闻，共 4 个源
----------------------------------------
📰 获取 36氪 ...
  ✅ 获取 8 篇文章
📰 获取 少数派 ...
  ✅ 获取 0 篇文章
📰 获取 虎嗅 ...
  ✅ 获取 4 篇文章
📰 获取 澎湃新闻 ...
  ❌ 请求失败 (尝试 1/3): 404 Client Error: Not Found for url: https://m.thepaper.cn/rss_newsDetail.jsp
  ❌ 请求失败 (尝试 2/3): 404 Client Error: Not Found for url: https://m.thepaper.cn/rss_newsDetail.jsp
  ❌ 请求失败 (尝试 3/3): 404 Client Error: Not Found for url: https://m.thepaper.cn/rss_newsDetail.jsp
  ❌ 获取失败
----------------------------------------
📊 总计: 12 篇文章 (去重后)
✅ 新增 0 篇，总计 17 篇
💾 已保存到: /Users/qitmac001395/workspace/QAL/ideas/apps/daily-podcast-ai/cache/2026-01-21-news.json
⏰ [05:10] 开始收集新闻...
📂 当前缓存: 17 篇
🚀 开始获取新闻，共 4 个源
----------------------------------------
📰 获取 36氪 ...
  ✅ 获取 8 篇文章
📰 获取 少数派 ...
  ✅ 获取 0 篇文章
📰 获取 虎嗅 ...
  ✅ 获取 4 篇文章
📰 获取 澎湃新闻 ...
  ❌ 请求失败 (尝试 1/3): 404 Client Error: Not Found for url: https://m.thepaper.cn/rss_newsDetail.jsp
  ❌ 请求失败 (尝试 2/3): 404 Client Error: Not Found for url: https://m.thepaper.cn/rss_newsDetail.jsp
  ❌ 请求失败 (尝试 3/3): 404 Client Error: Not Found for url: https://m.thepaper.cn/rss_newsDetail.jsp
  ❌ 获取失败
----------------------------------------
📊 总计: 12 篇文章 (去重后)
✅ 新增 0 篇，总计 17 篇
💾 已保存到: /Users/qitmac001395/workspace/QAL/ideas/apps/daily-podcast-ai/cache/2026-01-21-news.json
⏰ [06:08] 开始收集新闻...
📂 当前缓存: 17 篇
🚀 开始获取新闻，共 4 个源
----------------------------------------
📰 获取 36氪 ...
  ✅ 获取 8 篇文章
📰 获取 少数派 ...
  ✅ 获取 0 篇文章
📰 获取 虎嗅 ...
  ✅ 获取 4 篇文章
📰 获取 澎湃新闻 ...
  ❌ 请求失败 (尝试 1/3): 404 Client Error: Not Found for url: https://m.thepaper.cn/rss_newsDetail.jsp
  ❌ 请求失败 (尝试 2/3): 404 Client Error: Not Found for url: https://m.thepaper.cn/rss_newsDetail.jsp
  ❌ 请求失败 (尝试 3/3): 404 Client Error: Not Found for url: https://m.thepaper.cn/rss_newsDetail.jsp
  ❌ 获取失败
----------------------------------------
📊 总计: 12 篇文章 (去重后)
✅ 新增 0 篇，总计 17 篇
💾 已保存到: /Users/qitmac001395/workspace/QAL/ideas/apps/daily-podcast-ai/cache/2026-01-21-news.json
⏰ [00:00] 开始收集新闻...
📂 当前缓存: 0 篇
🚀 开始获取新闻，共 4 个源
----------------------------------------
📰 获取 36氪 ...
  ✅ 获取 9 篇文章
📰 获取 少数派 ...
  ✅ 获取 2 篇文章
📰 获取 虎嗅 ...
  ✅ 获取 3 篇文章
📰 获取 澎湃新闻 ...
  ❌ 请求失败 (尝试 1/3): 404 Client Error: Not Found for url: https://m.thepaper.cn/rss_newsDetail.jsp
  ❌ 请求失败 (尝试 2/3): 404 Client Error: Not Found for url: https://m.thepaper.cn/rss_newsDetail.jsp
  ❌ 请求失败 (尝试 3/3): 404 Client Error: Not Found for url: https://m.thepaper.cn/rss_newsDetail.jsp
  ❌ 获取失败
----------------------------------------
📊 总计: 14 篇文章 (去重后)
✅ 新增 14 篇，总计 14 篇
💾 已保存到: /Users/qitmac001395/workspace/QAL/ideas/apps/daily-podcast-ai/cache/2026-01-22-news.json
⏰ [01:00] 开始收集新闻...
📂 当前缓存: 14 篇
🚀 开始获取新闻，共 4 个源
----------------------------------------
📰 获取 36氪 ...
  ✅ 获取 8 篇文章
📰 获取 少数派 ...
  ✅ 获取 2 篇文章
📰 获取 虎嗅 ...
  ✅ 获取 3 篇文章
📰 获取 澎湃新闻 ...
  ❌ 请求失败 (尝试 1/3): 404 Client Error: Not Found for url: https://m.thepaper.cn/rss_newsDetail.jsp
  ❌ 请求失败 (尝试 2/3): 404 Client Error: Not Found for url: https://m.thepaper.cn/rss_newsDetail.jsp
  ❌ 请求失败 (尝试 3/3): 404 Client Error: Not Found for url: https://m.thepaper.cn/rss_newsDetail.jsp
  ❌ 获取失败
----------------------------------------
📊 总计: 13 篇文章 (去重后)
✅ 新增 0 篇，总计 14 篇
💾 已保存到: /Users/qitmac001395/workspace/QAL/ideas/apps/daily-podcast-ai/cache/2026-01-22-news.json
⏰ [02:00] 开始收集新闻...
📂 当前缓存: 14 篇
🚀 开始获取新闻，共 4 个源
----------------------------------------
📰 获取 36氪 ...
  ✅ 获取 7 篇文章
📰 获取 少数派 ...
  ✅ 获取 2 篇文章
📰 获取 虎嗅 ...
  ✅ 获取 3 篇文章
📰 获取 澎湃新闻 ...
  ❌ 请求失败 (尝试 1/3): 404 Client Error: Not Found for url: https://m.thepaper.cn/rss_newsDetail.jsp
  ❌ 请求失败 (尝试 2/3): 404 Client Error: Not Found for url: https://m.thepaper.cn/rss_newsDetail.jsp
  ❌ 请求失败 (尝试 3/3): 404 Client Error: Not Found for url: https://m.thepaper.cn/rss_newsDetail.jsp
  ❌ 获取失败
----------------------------------------
📊 总计: 12 篇文章 (去重后)
✅ 新增 0 篇，总计 14 篇
💾 已保存到: /Users/qitmac001395/workspace/QAL/ideas/apps/daily-podcast-ai/cache/2026-01-22-news.json
⏰ [03:00] 开始收集新闻...
📂 当前缓存: 14 篇
🚀 开始获取新闻，共 4 个源
----------------------------------------
📰 获取 36氪 ...
  ✅ 获取 7 篇文章
📰 获取 少数派 ...
  ✅ 获取 2 篇文章
📰 获取 虎嗅 ...
  ✅ 获取 3 篇文章
📰 获取 澎湃新闻 ...
  ❌ 请求失败 (尝试 1/3): 404 Client Error: Not Found for url: https://m.thepaper.cn/rss_newsDetail.jsp
  ❌ 请求失败 (尝试 2/3): 404 Client Error: Not Found for url: https://m.thepaper.cn/rss_newsDetail.jsp
  ❌ 请求失败 (尝试 3/3): 404 Client Error: Not Found for url: https://m.thepaper.cn/rss_newsDetail.jsp
  ❌ 获取失败
----------------------------------------
📊 总计: 12 篇文章 (去重后)
✅ 新增 0 篇，总计 14 篇
💾 已保存到: /Users/qitmac001395/workspace/QAL/ideas/apps/daily-podcast-ai/cache/2026-01-22-news.json
⏰ [04:00] 开始收集新闻...
📂 当前缓存: 14 篇
🚀 开始获取新闻，共 4 个源
----------------------------------------
📰 获取 36氪 ...
  ✅ 获取 7 篇文章
📰 获取 少数派 ...
  ✅ 获取 1 篇文章
📰 获取 虎嗅 ...
  ✅ 获取 3 篇文章
📰 获取 澎湃新闻 ...
  ❌ 请求失败 (尝试 1/3): 404 Client Error: Not Found for url: https://m.thepaper.cn/rss_newsDetail.jsp
  ❌ 请求失败 (尝试 2/3): 404 Client Error: Not Found for url: https://m.thepaper.cn/rss_newsDetail.jsp
  ❌ 请求失败 (尝试 3/3): 404 Client Error: Not Found for url: https://m.thepaper.cn/rss_newsDetail.jsp
  ❌ 获取失败
----------------------------------------
📊 总计: 11 篇文章 (去重后)
✅ 新增 0 篇，总计 14 篇
💾 已保存到: /Users/qitmac001395/workspace/QAL/ideas/apps/daily-podcast-ai/cache/2026-01-22-news.json
⏰ [05:00] 开始收集新闻...
📂 当前缓存: 14 篇
🚀 开始获取新闻，共 4 个源
----------------------------------------
📰 获取 36氪 ...
  ✅ 获取 7 篇文章
📰 获取 少数派 ...
  ✅ 获取 1 篇文章
📰 获取 虎嗅 ...
  ✅ 获取 3 篇文章
📰 获取 澎湃新闻 ...
  ❌ 请求失败 (尝试 1/3): 404 Client Error: Not Found for url: https://m.thepaper.cn/rss_newsDetail.jsp
  ❌ 请求失败 (尝试 2/3): 404 Client Error: Not Found for url: https://m.thepaper.cn/rss_newsDetail.jsp
  ❌ 请求失败 (尝试 3/3): 404 Client Error: Not Found for url: https://m.thepaper.cn/rss_newsDetail.jsp
  ❌ 获取失败
----------------------------------------
📊 总计: 11 篇文章 (去重后)
✅ 新增 0 篇，总计 14 篇
💾 已保存到: /Users/qitmac001395/workspace/QAL/ideas/apps/daily-podcast-ai/cache/2026-01-22-news.json
⏰ [06:00] 开始收集新闻...
📂 当前缓存: 14 篇
🚀 开始获取新闻，共 4 个源
----------------------------------------
📰 获取 36氪 ...
  ✅ 获取 7 篇文章
📰 获取 少数派 ...
  ✅ 获取 1 篇文章
📰 获取 虎嗅 ...
  ✅ 获取 2 篇文章
📰 获取 澎湃新闻 ...
  ❌ 请求失败 (尝试 1/3): 404 Client Error: Not Found for url: https://m.thepaper.cn/rss_newsDetail.jsp
  ❌ 请求失败 (尝试 2/3): 404 Client Error: Not Found for url: https://m.thepaper.cn/rss_newsDetail.jsp
  ❌ 请求失败 (尝试 3/3): 404 Client Error: Not Found for url: https://m.thepaper.cn/rss_newsDetail.jsp
  ❌ 获取失败
----------------------------------------
📊 总计: 10 篇文章 (去重后)
✅ 新增 0 篇，总计 14 篇
💾 已保存到: /Users/qitmac001395/workspace/QAL/ideas/apps/daily-podcast-ai/cache/2026-01-22-news.json
⏰ [00:04] 开始收集新闻...
📂 当前缓存: 0 篇
🚀 开始获取新闻，共 4 个源
----------------------------------------
📰 获取 36氪 ...
  ✅ 获取 10 篇文章
📰 获取 少数派 ...
  ✅ 获取 0 篇文章
📰 获取 虎嗅 ...
  ✅ 获取 4 篇文章
📰 获取 澎湃新闻 ...
  ❌ 请求失败 (尝试 1/3): 404 Client Error: Not Found for url: https://m.thepaper.cn/rss_newsDetail.jsp
  ❌ 请求失败 (尝试 2/3): 404 Client Error: Not Found for url: https://m.thepaper.cn/rss_newsDetail.jsp
  ❌ 请求失败 (尝试 3/3): HTTPSConnectionPool(host='www.thepaper.cn', port=443): Read timed out. (read timeout=30)
  ❌ 获取失败
----------------------------------------
📊 总计: 14 篇文章 (去重后)
✅ 新增 14 篇，总计 14 篇
💾 已保存到: /Users/qitmac001395/workspace/QAL/ideas/apps/daily-podcast-ai/cache/2026-01-23-news.json
⏰ [01:00] 开始收集新闻...
📂 当前缓存: 14 篇
🚀 开始获取新闻，共 4 个源
----------------------------------------
📰 获取 36氪 ...
  ✅ 获取 9 篇文章
📰 获取 少数派 ...
  ✅ 获取 0 篇文章
📰 获取 虎嗅 ...
  ✅ 获取 4 篇文章
📰 获取 澎湃新闻 ...
  ❌ 请求失败 (尝试 1/3): 404 Client Error: Not Found for url: https://m.thepaper.cn/rss_newsDetail.jsp
  ❌ 请求失败 (尝试 2/3): 404 Client Error: Not Found for url: https://m.thepaper.cn/rss_newsDetail.jsp
  ❌ 请求失败 (尝试 3/3): 404 Client Error: Not Found for url: https://m.thepaper.cn/rss_newsDetail.jsp
  ❌ 获取失败
----------------------------------------
📊 总计: 13 篇文章 (去重后)
✅ 新增 0 篇，总计 14 篇
💾 已保存到: /Users/qitmac001395/workspace/QAL/ideas/apps/daily-podcast-ai/cache/2026-01-23-news.json
⏰ [02:08] 开始收集新闻...
📂 当前缓存: 14 篇
🚀 开始获取新闻，共 4 个源
----------------------------------------
📰 获取 36氪 ...
  ✅ 获取 9 篇文章
📰 获取 少数派 ...
  ✅ 获取 0 篇文章
📰 获取 虎嗅 ...
  ✅ 获取 3 篇文章
📰 获取 澎湃新闻 ...
  ❌ 请求失败 (尝试 1/3): 404 Client Error: Not Found for url: https://m.thepaper.cn/rss_newsDetail.jsp
  ❌ 请求失败 (尝试 2/3): 404 Client Error: Not Found for url: https://m.thepaper.cn/rss_newsDetail.jsp
  ❌ 请求失败 (尝试 3/3): 404 Client Error: Not Found for url: https://m.thepaper.cn/rss_newsDetail.jsp
  ❌ 获取失败
----------------------------------------
📊 总计: 12 篇文章 (去重后)
✅ 新增 0 篇，总计 14 篇
💾 已保存到: /Users/qitmac001395/workspace/QAL/ideas/apps/daily-podcast-ai/cache/2026-01-23-news.json
⏰ [03:09] 开始收集新闻...
📂 当前缓存: 14 篇
🚀 开始获取新闻，共 4 个源
----------------------------------------
📰 获取 36氪 ...
  ✅ 获取 7 篇文章
📰 获取 少数派 ...
  ✅ 获取 0 篇文章
📰 获取 虎嗅 ...
  ✅ 获取 2 篇文章
📰 获取 澎湃新闻 ...
  ❌ 请求失败 (尝试 1/3): 404 Client Error: Not Found for url: https://m.thepaper.cn/rss_newsDetail.jsp
  ❌ 请求失败 (尝试 2/3): 404 Client Error: Not Found for url: https://m.thepaper.cn/rss_newsDetail.jsp
  ❌ 请求失败 (尝试 3/3): 404 Client Error: Not Found for url: https://m.thepaper.cn/rss_newsDetail.jsp
  ❌ 获取失败
----------------------------------------
📊 总计: 9 篇文章 (去重后)
✅ 新增 0 篇，总计 14 篇
💾 已保存到: /Users/qitmac001395/workspace/QAL/ideas/apps/daily-podcast-ai/cache/2026-01-23-news.json
⏰ [04:14] 开始收集新闻...
📂 当前缓存: 14 篇
🚀 开始获取新闻，共 4 个源
----------------------------------------
📰 获取 36氪 ...
  ✅ 获取 7 篇文章
📰 获取 少数派 ...
  ✅ 获取 0 篇文章
📰 获取 虎嗅 ...
  ✅ 获取 2 篇文章
📰 获取 澎湃新闻 ...
  ❌ 请求失败 (尝试 1/3): 404 Client Error: Not Found for url: https://m.thepaper.cn/rss_newsDetail.jsp
  ❌ 请求失败 (尝试 2/3): 404 Client Error: Not Found for url: https://m.thepaper.cn/rss_newsDetail.jsp
  ❌ 请求失败 (尝试 3/3): 404 Client Error: Not Found for url: https://m.thepaper.cn/rss_newsDetail.jsp
  ❌ 获取失败
----------------------------------------
📊 总计: 9 篇文章 (去重后)
✅ 新增 0 篇，总计 14 篇
💾 已保存到: /Users/qitmac001395/workspace/QAL/ideas/apps/daily-podcast-ai/cache/2026-01-23-news.json
⏰ [05:04] 开始收集新闻...
📂 当前缓存: 14 篇
🚀 开始获取新闻，共 4 个源
----------------------------------------
📰 获取 36氪 ...
  ✅ 获取 7 篇文章
📰 获取 少数派 ...
  ✅ 获取 0 篇文章
📰 获取 虎嗅 ...
  ✅ 获取 1 篇文章
📰 获取 澎湃新闻 ...
  ❌ 请求失败 (尝试 1/3): 404 Client Error: Not Found for url: https://m.thepaper.cn/rss_newsDetail.jsp
  ❌ 请求失败 (尝试 2/3): 404 Client Error: Not Found for url: https://m.thepaper.cn/rss_newsDetail.jsp
  ❌ 请求失败 (尝试 3/3): 404 Client Error: Not Found for url: https://m.thepaper.cn/rss_newsDetail.jsp
  ❌ 获取失败
----------------------------------------
📊 总计: 8 篇文章 (去重后)
✅ 新增 0 篇，总计 14 篇
💾 已保存到: /Users/qitmac001395/workspace/QAL/ideas/apps/daily-podcast-ai/cache/2026-01-23-news.json
⏰ [06:01] 开始收集新闻...
📂 当前缓存: 14 篇
🚀 开始获取新闻，共 4 个源
----------------------------------------
📰 获取 36氪 ...
  ✅ 获取 7 篇文章
📰 获取 少数派 ...
  ✅ 获取 0 篇文章
📰 获取 虎嗅 ...
  ✅ 获取 1 篇文章
📰 获取 澎湃新闻 ...
  ❌ 请求失败 (尝试 1/3): 404 Client Error: Not Found for url: https://m.thepaper.cn/rss_newsDetail.jsp
  ❌ 请求失败 (尝试 2/3): 404 Client Error: Not Found for url: https://m.thepaper.cn/rss_newsDetail.jsp
  ❌ 请求失败 (尝试 3/3): 404 Client Error: Not Found for url: https://m.thepaper.cn/rss_newsDetail.jsp
  ❌ 获取失败
----------------------------------------
📊 总计: 8 篇文章 (去重后)
✅ 新增 0 篇，总计 14 篇
💾 已保存到: /Users/qitmac001395/workspace/QAL/ideas/apps/daily-podcast-ai/cache/2026-01-23-news.json
⏰ [00:08] 开始收集新闻...
📂 当前缓存: 0 篇
🚀 开始获取新闻，共 4 个源
----------------------------------------
📰 获取 36氪 ...
  ✅ 获取 10 篇文章
📰 获取 少数派 ...
  ✅ 获取 0 篇文章
📰 获取 虎嗅 ...
  ✅ 获取 3 篇文章
📰 获取 澎湃新闻 ...
  ❌ 请求失败 (尝试 1/3): 404 Client Error: Not Found for url: https://m.thepaper.cn/rss_newsDetail.jsp
  ❌ 请求失败 (尝试 2/3): 404 Client Error: Not Found for url: https://m.thepaper.cn/rss_newsDetail.jsp
  ❌ 请求失败 (尝试 3/3): 404 Client Error: Not Found for url: https://m.thepaper.cn/rss_newsDetail.jsp
  ❌ 获取失败
----------------------------------------
📊 总计: 13 篇文章 (去重后)
✅ 新增 13 篇，总计 13 篇
💾 已保存到: /Users/qitmac001395/workspace/QAL/ideas/apps/daily-podcast-ai/cache/2026-01-24-news.json
⏰ [01:00] 开始收集新闻...
📂 当前缓存: 13 篇
🚀 开始获取新闻，共 4 个源
----------------------------------------
📰 获取 36氪 ...
  ✅ 获取 9 篇文章
📰 获取 少数派 ...
  ✅ 获取 0 篇文章
📰 获取 虎嗅 ...
  ✅ 获取 3 篇文章
📰 获取 澎湃新闻 ...
  ❌ 请求失败 (尝试 1/3): 404 Client Error: Not Found for url: https://m.thepaper.cn/rss_newsDetail.jsp
  ❌ 请求失败 (尝试 2/3): 404 Client Error: Not Found for url: https://m.thepaper.cn/rss_newsDetail.jsp
  ❌ 请求失败 (尝试 3/3): 404 Client Error: Not Found for url: https://m.thepaper.cn/rss_newsDetail.jsp
  ❌ 获取失败
----------------------------------------
📊 总计: 12 篇文章 (去重后)
✅ 新增 0 篇，总计 13 篇
💾 已保存到: /Users/qitmac001395/workspace/QAL/ideas/apps/daily-podcast-ai/cache/2026-01-24-news.json
⏰ [02:00] 开始收集新闻...
📂 当前缓存: 13 篇
🚀 开始获取新闻，共 4 个源
----------------------------------------
📰 获取 36氪 ...
  ✅ 获取 8 篇文章
📰 获取 少数派 ...
  ✅ 获取 0 篇文章
📰 获取 虎嗅 ...
  ✅ 获取 2 篇文章
📰 获取 澎湃新闻 ...
  ❌ 请求失败 (尝试 1/3): 404 Client Error: Not Found for url: https://m.thepaper.cn/rss_newsDetail.jsp
  ❌ 请求失败 (尝试 2/3): 404 Client Error: Not Found for url: https://m.thepaper.cn/rss_newsDetail.jsp
  ❌ 请求失败 (尝试 3/3): 404 Client Error: Not Found for url: https://m.thepaper.cn/rss_newsDetail.jsp
  ❌ 获取失败
----------------------------------------
📊 总计: 10 篇文章 (去重后)
✅ 新增 0 篇，总计 13 篇
💾 已保存到: /Users/qitmac001395/workspace/QAL/ideas/apps/daily-podcast-ai/cache/2026-01-24-news.json
⏰ [03:00] 开始收集新闻...
📂 当前缓存: 13 篇
🚀 开始获取新闻，共 4 个源
----------------------------------------
📰 获取 36氪 ...
  ✅ 获取 8 篇文章
📰 获取 少数派 ...
  ✅ 获取 0 篇文章
📰 获取 虎嗅 ...
  ✅ 获取 2 篇文章
📰 获取 澎湃新闻 ...
  ❌ 请求失败 (尝试 1/3): 404 Client Error: Not Found for url: https://m.thepaper.cn/rss_newsDetail.jsp
  ❌ 请求失败 (尝试 2/3): 404 Client Error: Not Found for url: https://m.thepaper.cn/rss_newsDetail.jsp
  ❌ 请求失败 (尝试 3/3): 404 Client Error: Not Found for url: https://m.thepaper.cn/rss_newsDetail.jsp
  ❌ 获取失败
----------------------------------------
📊 总计: 10 篇文章 (去重后)
✅ 新增 0 篇，总计 13 篇
💾 已保存到: /Users/qitmac001395/workspace/QAL/ideas/apps/daily-podcast-ai/cache/2026-01-24-news.json
⏰ [04:00] 开始收集新闻...
📂 当前缓存: 13 篇
🚀 开始获取新闻，共 4 个源
----------------------------------------
📰 获取 36氪 ...
  ✅ 获取 8 篇文章
📰 获取 少数派 ...
  ✅ 获取 0 篇文章
📰 获取 虎嗅 ...
  ✅ 获取 2 篇文章
📰 获取 澎湃新闻 ...
  ❌ 请求失败 (尝试 1/3): 404 Client Error: Not Found for url: https://m.thepaper.cn/rss_newsDetail.jsp
  ❌ 请求失败 (尝试 2/3): 404 Client Error: Not Found for url: https://m.thepaper.cn/rss_newsDetail.jsp
  ❌ 请求失败 (尝试 3/3): 404 Client Error: Not Found for url: https://m.thepaper.cn/rss_newsDetail.jsp
  ❌ 获取失败
----------------------------------------
📊 总计: 10 篇文章 (去重后)
✅ 新增 0 篇，总计 13 篇
💾 已保存到: /Users/qitmac001395/workspace/QAL/ideas/apps/daily-podcast-ai/cache/2026-01-24-news.json
⏰ [05:04] 开始收集新闻...
📂 当前缓存: 13 篇
🚀 开始获取新闻，共 4 个源
----------------------------------------
📰 获取 36氪 ...
  ✅ 获取 8 篇文章
📰 获取 少数派 ...
  ✅ 获取 0 篇文章
📰 获取 虎嗅 ...
  ✅ 获取 2 篇文章
📰 获取 澎湃新闻 ...
  ❌ 请求失败 (尝试 1/3): 404 Client Error: Not Found for url: https://m.thepaper.cn/rss_newsDetail.jsp
  ❌ 请求失败 (尝试 2/3): 404 Client Error: Not Found for url: https://m.thepaper.cn/rss_newsDetail.jsp
  ❌ 请求失败 (尝试 3/3): 404 Client Error: Not Found for url: https://m.thepaper.cn/rss_newsDetail.jsp
  ❌ 获取失败
----------------------------------------
📊 总计: 10 篇文章 (去重后)
✅ 新增 0 篇，总计 13 篇
💾 已保存到: /Users/qitmac001395/workspace/QAL/ideas/apps/daily-podcast-ai/cache/2026-01-24-news.json
⏰ [06:09] 开始收集新闻...
📂 当前缓存: 13 篇
🚀 开始获取新闻，共 4 个源
----------------------------------------
📰 获取 36氪 ...
  ✅ 获取 7 篇文章
📰 获取 少数派 ...
  ✅ 获取 0 篇文章
📰 获取 虎嗅 ...
  ✅ 获取 2 篇文章
📰 获取 澎湃新闻 ...
  ❌ 请求失败 (尝试 1/3): 404 Client Error: Not Found for url: https://m.thepaper.cn/rss_newsDetail.jsp
  ❌ 请求失败 (尝试 2/3): 404 Client Error: Not Found for url: https://m.thepaper.cn/rss_newsDetail.jsp
  ❌ 请求失败 (尝试 3/3): HTTPSConnectionPool(host='www.thepaper.cn', port=443): Max retries exceeded with url: /rss_newsDetail.jsp (Caused by NameResolutionError("HTTPSConnection(host='www.thepaper.cn', port=443): Failed to resolve 'www.thepaper.cn' ([Errno 8] nodename nor servname provided, or not known)"))
  ❌ 获取失败
----------------------------------------
📊 总计: 9 篇文章 (去重后)
✅ 新增 0 篇，总计 13 篇
💾 已保存到: /Users/qitmac001395/workspace/QAL/ideas/apps/daily-podcast-ai/cache/2026-01-24-news.json
⏰ [00:00] 开始收集新闻...
📂 当前缓存: 0 篇
🚀 开始获取新闻，共 4 个源
----------------------------------------
📰 获取 36氪 ...
  ✅ 获取 9 篇文章
📰 获取 少数派 ...
  ✅ 获取 3 篇文章
📰 获取 虎嗅 ...
  ✅ 获取 2 篇文章
📰 获取 澎湃新闻 ...
  ❌ 请求失败 (尝试 1/3): 404 Client Error: Not Found for url: https://m.thepaper.cn/rss_newsDetail.jsp
  ❌ 请求失败 (尝试 2/3): 404 Client Error: Not Found for url: https://m.thepaper.cn/rss_newsDetail.jsp
  ❌ 请求失败 (尝试 3/3): 404 Client Error: Not Found for url: https://m.thepaper.cn/rss_newsDetail.jsp
  ❌ 获取失败
----------------------------------------
📊 总计: 14 篇文章 (去重后)
✅ 新增 14 篇，总计 14 篇
💾 已保存到: /Users/qitmac001395/workspace/QAL/ideas/apps/daily-podcast-ai/cache/2026-01-27-news.json
⏰ [04:48] 开始收集新闻...
📂 当前缓存: 14 篇
🚀 开始获取新闻，共 4 个源
----------------------------------------
📰 获取 36氪 ...
  ✅ 获取 6 篇文章
📰 获取 少数派 ...
  ✅ 获取 1 篇文章
📰 获取 虎嗅 ...
  ✅ 获取 1 篇文章
📰 获取 澎湃新闻 ...
  ❌ 请求失败 (尝试 1/3): 404 Client Error: Not Found for url: https://m.thepaper.cn/rss_newsDetail.jsp
  ❌ 请求失败 (尝试 2/3): 404 Client Error: Not Found for url: https://m.thepaper.cn/rss_newsDetail.jsp
  ❌ 请求失败 (尝试 3/3): 404 Client Error: Not Found for url: https://m.thepaper.cn/rss_newsDetail.jsp
  ❌ 获取失败
----------------------------------------
📊 总计: 8 篇文章 (去重后)
✅ 新增 0 篇，总计 14 篇
💾 已保存到: /Users/qitmac001395/workspace/QAL/ideas/apps/daily-podcast-ai/cache/2026-01-27-news.json
⏰ [05:00] 开始收集新闻...
📂 当前缓存: 14 篇
🚀 开始获取新闻，共 4 个源
----------------------------------------
📰 获取 36氪 ...
  ✅ 获取 6 篇文章
📰 获取 少数派 ...
  ✅ 获取 1 篇文章
📰 获取 虎嗅 ...
  ✅ 获取 1 篇文章
📰 获取 澎湃新闻 ...
  ❌ 请求失败 (尝试 1/3): 404 Client Error: Not Found for url: https://m.thepaper.cn/rss_newsDetail.jsp
  ❌ 请求失败 (尝试 2/3): 404 Client Error: Not Found for url: https://m.thepaper.cn/rss_newsDetail.jsp
  ❌ 请求失败 (尝试 3/3): 404 Client Error: Not Found for url: https://m.thepaper.cn/rss_newsDetail.jsp
  ❌ 获取失败
----------------------------------------
📊 总计: 8 篇文章 (去重后)
✅ 新增 0 篇，总计 14 篇
💾 已保存到: /Users/qitmac001395/workspace/QAL/ideas/apps/daily-podcast-ai/cache/2026-01-27-news.json
⏰ [06:00] 开始收集新闻...
📂 当前缓存: 14 篇
🚀 开始获取新闻，共 4 个源
----------------------------------------
📰 获取 36氪 ...
  ✅ 获取 5 篇文章
📰 获取 少数派 ...
  ✅ 获取 1 篇文章
📰 获取 虎嗅 ...
  ✅ 获取 1 篇文章
📰 获取 澎湃新闻 ...
  ❌ 请求失败 (尝试 1/3): 404 Client Error: Not Found for url: https://m.thepaper.cn/rss_newsDetail.jsp
  ❌ 请求失败 (尝试 2/3): 404 Client Error: Not Found for url: https://m.thepaper.cn/rss_newsDetail.jsp
  ❌ 请求失败 (尝试 3/3): 404 Client Error: Not Found for url: https://m.thepaper.cn/rss_newsDetail.jsp
  ❌ 获取失败
----------------------------------------
📊 总计: 7 篇文章 (去重后)
✅ 新增 0 篇，总计 14 篇
💾 已保存到: /Users/qitmac001395/workspace/QAL/ideas/apps/daily-podcast-ai/cache/2026-01-27-news.json
⏰ [00:14] 开始收集新闻...
📂 当前缓存: 0 篇
🚀 开始获取新闻，共 4 个源
----------------------------------------
📰 获取 36氪 ...
  ✅ 获取 5 篇文章
📰 获取 少数派 ...
  ✅ 获取 2 篇文章
📰 获取 虎嗅 ...
  ✅ 获取 1 篇文章
📰 获取 澎湃新闻 ...
  ❌ 请求失败 (尝试 1/3): 404 Client Error: Not Found for url: https://m.thepaper.cn/rss_newsDetail.jsp
  ❌ 请求失败 (尝试 2/3): 404 Client Error: Not Found for url: https://m.thepaper.cn/rss_newsDetail.jsp
  ❌ 请求失败 (尝试 3/3): 404 Client Error: Not Found for url: https://m.thepaper.cn/rss_newsDetail.jsp
  ❌ 获取失败
----------------------------------------
📊 总计: 8 篇文章 (去重后)
✅ 新增 8 篇，总计 8 篇
💾 已保存到: /Users/qitmac001395/workspace/QAL/ideas/apps/daily-podcast-ai/cache/2026-01-28-news.json
⏰ [01:00] 开始收集新闻...
📂 当前缓存: 8 篇
🚀 开始获取新闻，共 4 个源
----------------------------------------
📰 获取 36氪 ...
  ✅ 获取 4 篇文章
📰 获取 少数派 ...
  ✅ 获取 2 篇文章
📰 获取 虎嗅 ...
  ✅ 获取 1 篇文章
📰 获取 澎湃新闻 ...
  ❌ 请求失败 (尝试 1/3): 404 Client Error: Not Found for url: https://m.thepaper.cn/rss_newsDetail.jsp
  ❌ 请求失败 (尝试 2/3): 404 Client Error: Not Found for url: https://m.thepaper.cn/rss_newsDetail.jsp
  ❌ 请求失败 (尝试 3/3): 404 Client Error: Not Found for url: https://m.thepaper.cn/rss_newsDetail.jsp
  ❌ 获取失败
----------------------------------------
📊 总计: 7 篇文章 (去重后)
✅ 新增 0 篇，总计 8 篇
💾 已保存到: /Users/qitmac001395/workspace/QAL/ideas/apps/daily-podcast-ai/cache/2026-01-28-news.json
⏰ [02:00] 开始收集新闻...
📂 当前缓存: 8 篇
🚀 开始获取新闻，共 4 个源
----------------------------------------
📰 获取 36氪 ...
  ✅ 获取 3 篇文章
📰 获取 少数派 ...
  ✅ 获取 2 篇文章
📰 获取 虎嗅 ...
  ✅ 获取 1 篇文章
📰 获取 澎湃新闻 ...
  ❌ 请求失败 (尝试 1/3): 404 Client Error: Not Found for url: https://m.thepaper.cn/rss_newsDetail.jsp
  ❌ 请求失败 (尝试 2/3): 404 Client Error: Not Found for url: https://m.thepaper.cn/rss_newsDetail.jsp
  ❌ 请求失败 (尝试 3/3): 404 Client Error: Not Found for url: https://m.thepaper.cn/rss_newsDetail.jsp
  ❌ 获取失败
----------------------------------------
📊 总计: 6 篇文章 (去重后)
✅ 新增 0 篇，总计 8 篇
💾 已保存到: /Users/qitmac001395/workspace/QAL/ideas/apps/daily-podcast-ai/cache/2026-01-28-news.json
⏰ [03:07] 开始收集新闻...
📂 当前缓存: 8 篇
🚀 开始获取新闻，共 4 个源
----------------------------------------
📰 获取 36氪 ...
  ✅ 获取 3 篇文章
📰 获取 少数派 ...
  ✅ 获取 2 篇文章
📰 获取 虎嗅 ...
  ✅ 获取 1 篇文章
📰 获取 澎湃新闻 ...
  ❌ 请求失败 (尝试 1/3): 404 Client Error: Not Found for url: https://m.thepaper.cn/rss_newsDetail.jsp
  ❌ 请求失败 (尝试 2/3): 404 Client Error: Not Found for url: https://m.thepaper.cn/rss_newsDetail.jsp
  ❌ 请求失败 (尝试 3/3): 404 Client Error: Not Found for url: https://m.thepaper.cn/rss_newsDetail.jsp
  ❌ 获取失败
----------------------------------------
📊 总计: 6 篇文章 (去重后)
✅ 新增 0 篇，总计 8 篇
💾 已保存到: /Users/qitmac001395/workspace/QAL/ideas/apps/daily-podcast-ai/cache/2026-01-28-news.json
⏰ [04:00] 开始收集新闻...
📂 当前缓存: 8 篇
🚀 开始获取新闻，共 4 个源
----------------------------------------
📰 获取 36氪 ...
  ✅ 获取 3 篇文章
📰 获取 少数派 ...
  ✅ 获取 1 篇文章
📰 获取 虎嗅 ...
  ✅ 获取 1 篇文章
📰 获取 澎湃新闻 ...
  ❌ 请求失败 (尝试 1/3): 404 Client Error: Not Found for url: https://m.thepaper.cn/rss_newsDetail.jsp
  ❌ 请求失败 (尝试 2/3): 404 Client Error: Not Found for url: https://m.thepaper.cn/rss_newsDetail.jsp
  ❌ 请求失败 (尝试 3/3): 404 Client Error: Not Found for url: https://m.thepaper.cn/rss_newsDetail.jsp
  ❌ 获取失败
----------------------------------------
📊 总计: 5 篇文章 (去重后)
✅ 新增 0 篇，总计 8 篇
💾 已保存到: /Users/qitmac001395/workspace/QAL/ideas/apps/daily-podcast-ai/cache/2026-01-28-news.json
⏰ [05:10] 开始收集新闻...
📂 当前缓存: 8 篇
🚀 开始获取新闻，共 4 个源
----------------------------------------
📰 获取 36氪 ...
  ✅ 获取 3 篇文章
📰 获取 少数派 ...
  ✅ 获取 1 篇文章
📰 获取 虎嗅 ...
  ✅ 获取 1 篇文章
📰 获取 澎湃新闻 ...
  ❌ 请求失败 (尝试 1/3): 404 Client Error: Not Found for url: https://m.thepaper.cn/rss_newsDetail.jsp
  ❌ 请求失败 (尝试 2/3): 404 Client Error: Not Found for url: https://m.thepaper.cn/rss_newsDetail.jsp
  ❌ 请求失败 (尝试 3/3): 404 Client Error: Not Found for url: https://m.thepaper.cn/rss_newsDetail.jsp
  ❌ 获取失败
----------------------------------------
📊 总计: 5 篇文章 (去重后)
✅ 新增 0 篇，总计 8 篇
💾 已保存到: /Users/qitmac001395/workspace/QAL/ideas/apps/daily-podcast-ai/cache/2026-01-28-news.json
⏰ [06:12] 开始收集新闻...
📂 当前缓存: 8 篇
🚀 开始获取新闻，共 4 个源
----------------------------------------
📰 获取 36氪 ...
  ✅ 获取 3 篇文章
📰 获取 少数派 ...
  ✅ 获取 1 篇文章
📰 获取 虎嗅 ...
  ✅ 获取 1 篇文章
📰 获取 澎湃新闻 ...
  ❌ 请求失败 (尝试 1/3): 404 Client Error: Not Found for url: https://m.thepaper.cn/rss_newsDetail.jsp
  ❌ 请求失败 (尝试 2/3): 404 Client Error: Not Found for url: https://m.thepaper.cn/rss_newsDetail.jsp
  ❌ 请求失败 (尝试 3/3): 404 Client Error: Not Found for url: https://m.thepaper.cn/rss_newsDetail.jsp
  ❌ 获取失败
----------------------------------------
📊 总计: 5 篇文章 (去重后)
✅ 新增 0 篇，总计 8 篇
💾 已保存到: /Users/qitmac001395/workspace/QAL/ideas/apps/daily-podcast-ai/cache/2026-01-28-news.json
⏰ [00:04] 开始收集新闻...
📂 当前缓存: 0 篇
🚀 开始获取新闻，共 4 个源
----------------------------------------
📰 获取 36氪 ...
  ✅ 获取 10 篇文章
📰 获取 少数派 ...
  ✅ 获取 1 篇文章
📰 获取 虎嗅 ...
  ✅ 获取 2 篇文章
📰 获取 澎湃新闻 ...
  ❌ 请求失败 (尝试 1/3): 404 Client Error: Not Found for url: https://m.thepaper.cn/rss_newsDetail.jsp
  ❌ 请求失败 (尝试 2/3): 404 Client Error: Not Found for url: https://m.thepaper.cn/rss_newsDetail.jsp
  ❌ 请求失败 (尝试 3/3): 404 Client Error: Not Found for url: https://m.thepaper.cn/rss_newsDetail.jsp
  ❌ 获取失败
----------------------------------------
📊 总计: 13 篇文章 (去重后)
✅ 新增 13 篇，总计 13 篇
💾 已保存到: /Users/qitmac001395/workspace/QAL/ideas/apps/daily-podcast-ai/cache/2026-01-29-news.json
⏰ [01:00] 开始收集新闻...
📂 当前缓存: 13 篇
🚀 开始获取新闻，共 4 个源
----------------------------------------
📰 获取 36氪 ...
  ✅ 获取 10 篇文章
📰 获取 少数派 ...
  ✅ 获取 0 篇文章
📰 获取 虎嗅 ...
  ✅ 获取 1 篇文章
📰 获取 澎湃新闻 ...
  ❌ 请求失败 (尝试 1/3): 404 Client Error: Not Found for url: https://m.thepaper.cn/rss_newsDetail.jsp
  ❌ 请求失败 (尝试 2/3): 404 Client Error: Not Found for url: https://m.thepaper.cn/rss_newsDetail.jsp
  ❌ 请求失败 (尝试 3/3): 404 Client Error: Not Found for url: https://m.thepaper.cn/rss_newsDetail.jsp
  ❌ 获取失败
----------------------------------------
📊 总计: 11 篇文章 (去重后)
✅ 新增 0 篇，总计 13 篇
💾 已保存到: /Users/qitmac001395/workspace/QAL/ideas/apps/daily-podcast-ai/cache/2026-01-29-news.json
⏰ [02:00] 开始收集新闻...
📂 当前缓存: 13 篇
🚀 开始获取新闻，共 4 个源
----------------------------------------
📰 获取 36氪 ...
  ✅ 获取 10 篇文章
📰 获取 少数派 ...
  ✅ 获取 0 篇文章
📰 获取 虎嗅 ...
  ✅ 获取 1 篇文章
📰 获取 澎湃新闻 ...
  ❌ 请求失败 (尝试 1/3): 404 Client Error: Not Found for url: https://m.thepaper.cn/rss_newsDetail.jsp
  ❌ 请求失败 (尝试 2/3): 404 Client Error: Not Found for url: https://m.thepaper.cn/rss_newsDetail.jsp
  ❌ 请求失败 (尝试 3/3): 404 Client Error: Not Found for url: https://m.thepaper.cn/rss_newsDetail.jsp
  ❌ 获取失败
----------------------------------------
📊 总计: 11 篇文章 (去重后)
✅ 新增 1 篇，总计 14 篇
💾 已保存到: /Users/qitmac001395/workspace/QAL/ideas/apps/daily-podcast-ai/cache/2026-01-29-news.json
⏰ [03:03] 开始收集新闻...
📂 当前缓存: 14 篇
🚀 开始获取新闻，共 4 个源
----------------------------------------
📰 获取 36氪 ...
  ✅ 获取 9 篇文章
📰 获取 少数派 ...
  ✅ 获取 0 篇文章
📰 获取 虎嗅 ...
  ✅ 获取 1 篇文章
📰 获取 澎湃新闻 ...
  ❌ 请求失败 (尝试 1/3): 404 Client Error: Not Found for url: https://m.thepaper.cn/rss_newsDetail.jsp
  ❌ 请求失败 (尝试 2/3): 404 Client Error: Not Found for url: https://m.thepaper.cn/rss_newsDetail.jsp
  ❌ 请求失败 (尝试 3/3): 404 Client Error: Not Found for url: https://m.thepaper.cn/rss_newsDetail.jsp
  ❌ 获取失败
----------------------------------------
📊 总计: 10 篇文章 (去重后)
✅ 新增 0 篇，总计 14 篇
💾 已保存到: /Users/qitmac001395/workspace/QAL/ideas/apps/daily-podcast-ai/cache/2026-01-29-news.json
⏰ [04:04] 开始收集新闻...
📂 当前缓存: 14 篇
🚀 开始获取新闻，共 4 个源
----------------------------------------
📰 获取 36氪 ...
  ✅ 获取 7 篇文章
📰 获取 少数派 ...
  ✅ 获取 0 篇文章
📰 获取 虎嗅 ...
  ✅ 获取 1 篇文章
📰 获取 澎湃新闻 ...
  ❌ 请求失败 (尝试 1/3): 404 Client Error: Not Found for url: https://m.thepaper.cn/rss_newsDetail.jsp
  ❌ 请求失败 (尝试 2/3): 404 Client Error: Not Found for url: https://m.thepaper.cn/rss_newsDetail.jsp
  ❌ 请求失败 (尝试 3/3): 404 Client Error: Not Found for url: https://m.thepaper.cn/rss_newsDetail.jsp
  ❌ 获取失败
----------------------------------------
📊 总计: 8 篇文章 (去重后)
✅ 新增 0 篇，总计 14 篇
💾 已保存到: /Users/qitmac001395/workspace/QAL/ideas/apps/daily-podcast-ai/cache/2026-01-29-news.json
⏰ [05:07] 开始收集新闻...
📂 当前缓存: 14 篇
🚀 开始获取新闻，共 4 个源
----------------------------------------
📰 获取 36氪 ...
  ✅ 获取 7 篇文章
📰 获取 少数派 ...
  ✅ 获取 0 篇文章
📰 获取 虎嗅 ...
  ✅ 获取 1 篇文章
📰 获取 澎湃新闻 ...
  ❌ 请求失败 (尝试 1/3): 404 Client Error: Not Found for url: https://m.thepaper.cn/rss_newsDetail.jsp
  ❌ 请求失败 (尝试 2/3): 404 Client Error: Not Found for url: https://m.thepaper.cn/rss_newsDetail.jsp
  ❌ 请求失败 (尝试 3/3): 404 Client Error: Not Found for url: https://m.thepaper.cn/rss_newsDetail.jsp
  ❌ 获取失败
----------------------------------------
📊 总计: 8 篇文章 (去重后)
✅ 新增 0 篇，总计 14 篇
💾 已保存到: /Users/qitmac001395/workspace/QAL/ideas/apps/daily-podcast-ai/cache/2026-01-29-news.json
⏰ [06:07] 开始收集新闻...
📂 当前缓存: 14 篇
🚀 开始获取新闻，共 4 个源
----------------------------------------
📰 获取 36氪 ...
  ✅ 获取 7 篇文章
📰 获取 少数派 ...
  ✅ 获取 0 篇文章
📰 获取 虎嗅 ...
  ✅ 获取 1 篇文章
📰 获取 澎湃新闻 ...
  ❌ 请求失败 (尝试 1/3): 404 Client Error: Not Found for url: https://m.thepaper.cn/rss_newsDetail.jsp
  ❌ 请求失败 (尝试 2/3): 404 Client Error: Not Found for url: https://m.thepaper.cn/rss_newsDetail.jsp
  ❌ 请求失败 (尝试 3/3): 404 Client Error: Not Found for url: https://m.thepaper.cn/rss_newsDetail.jsp
  ❌ 获取失败
----------------------------------------
📊 总计: 8 篇文章 (去重后)
✅ 新增 0 篇，总计 14 篇
💾 已保存到: /Users/qitmac001395/workspace/QAL/ideas/apps/daily-podcast-ai/cache/2026-01-29-news.json
⏰ [00:09] 开始收集新闻...
📂 当前缓存: 0 篇
🚀 开始获取新闻，共 4 个源
----------------------------------------
📰 获取 36氪 ...
  ✅ 获取 9 篇文章
📰 获取 少数派 ...
  ❌ 请求失败 (尝试 1/3): ('Connection aborted.', ConnectionResetError(54, 'Connection reset by peer'))
  ❌ 请求失败 (尝试 2/3): HTTPSConnectionPool(host='sspai.com', port=443): Max retries exceeded with url: /feed (Caused by NameResolutionError("HTTPSConnection(host='sspai.com', port=443): Failed to resolve 'sspai.com' ([Errno 8] nodename nor servname provided, or not known)"))
  ✅ 获取 1 篇文章
📰 获取 虎嗅 ...
  ✅ 获取 6 篇文章
📰 获取 澎湃新闻 ...
  ❌ 请求失败 (尝试 1/3): 404 Client Error: Not Found for url: https://m.thepaper.cn/rss_newsDetail.jsp
  ❌ 请求失败 (尝试 2/3): 404 Client Error: Not Found for url: https://m.thepaper.cn/rss_newsDetail.jsp
  ❌ 请求失败 (尝试 3/3): 404 Client Error: Not Found for url: https://m.thepaper.cn/rss_newsDetail.jsp
  ❌ 获取失败
----------------------------------------
📊 总计: 16 篇文章 (去重后)
✅ 新增 16 篇，总计 16 篇
💾 已保存到: /Users/qitmac001395/workspace/QAL/ideas/apps/daily-podcast-ai/cache/2026-01-30-news.json
⏰ [01:00] 开始收集新闻...
📂 当前缓存: 16 篇
🚀 开始获取新闻，共 4 个源
----------------------------------------
📰 获取 36氪 ...
  ✅ 获取 9 篇文章
📰 获取 少数派 ...
  ✅ 获取 1 篇文章
📰 获取 虎嗅 ...
  ✅ 获取 5 篇文章
📰 获取 澎湃新闻 ...
  ❌ 请求失败 (尝试 1/3): 404 Client Error: Not Found for url: https://m.thepaper.cn/rss_newsDetail.jsp
  ❌ 请求失败 (尝试 2/3): 404 Client Error: Not Found for url: https://m.thepaper.cn/rss_newsDetail.jsp
  ❌ 请求失败 (尝试 3/3): 404 Client Error: Not Found for url: https://m.thepaper.cn/rss_newsDetail.jsp
  ❌ 获取失败
----------------------------------------
📊 总计: 15 篇文章 (去重后)
✅ 新增 0 篇，总计 16 篇
💾 已保存到: /Users/qitmac001395/workspace/QAL/ideas/apps/daily-podcast-ai/cache/2026-01-30-news.json
⏰ [02:12] 开始收集新闻...
📂 当前缓存: 16 篇
🚀 开始获取新闻，共 4 个源
----------------------------------------
📰 获取 36氪 ...
  ✅ 获取 8 篇文章
📰 获取 少数派 ...
  ✅ 获取 1 篇文章
📰 获取 虎嗅 ...
  ✅ 获取 3 篇文章
📰 获取 澎湃新闻 ...
  ❌ 请求失败 (尝试 1/3): 404 Client Error: Not Found for url: https://m.thepaper.cn/rss_newsDetail.jsp
  ❌ 请求失败 (尝试 2/3): 404 Client Error: Not Found for url: https://m.thepaper.cn/rss_newsDetail.jsp
  ❌ 请求失败 (尝试 3/3): 404 Client Error: Not Found for url: https://m.thepaper.cn/rss_newsDetail.jsp
  ❌ 获取失败
----------------------------------------
📊 总计: 12 篇文章 (去重后)
✅ 新增 0 篇，总计 16 篇
💾 已保存到: /Users/qitmac001395/workspace/QAL/ideas/apps/daily-podcast-ai/cache/2026-01-30-news.json
⏰ [04:01] 开始收集新闻...
📂 当前缓存: 16 篇
🚀 开始获取新闻，共 4 个源
----------------------------------------
📰 获取 36氪 ...
  ✅ 获取 8 篇文章
📰 获取 少数派 ...
  ✅ 获取 1 篇文章
📰 获取 虎嗅 ...
  ✅ 获取 3 篇文章
📰 获取 澎湃新闻 ...
  ❌ 请求失败 (尝试 1/3): 404 Client Error: Not Found for url: https://m.thepaper.cn/rss_newsDetail.jsp
  ❌ 请求失败 (尝试 2/3): 404 Client Error: Not Found for url: https://m.thepaper.cn/rss_newsDetail.jsp
  ❌ 请求失败 (尝试 3/3): 404 Client Error: Not Found for url: https://m.thepaper.cn/rss_newsDetail.jsp
  ❌ 获取失败
----------------------------------------
📊 总计: 12 篇文章 (去重后)
✅ 新增 0 篇，总计 16 篇
💾 已保存到: /Users/qitmac001395/workspace/QAL/ideas/apps/daily-podcast-ai/cache/2026-01-30-news.json
⏰ [06:04] 开始收集新闻...
📂 当前缓存: 16 篇
🚀 开始获取新闻，共 4 个源
----------------------------------------
📰 获取 36氪 ...
  ✅ 获取 6 篇文章
📰 获取 少数派 ...
  ✅ 获取 1 篇文章
📰 获取 虎嗅 ...
  ✅ 获取 3 篇文章
📰 获取 澎湃新闻 ...
  ❌ 请求失败 (尝试 1/3): 404 Client Error: Not Found for url: https://m.thepaper.cn/rss_newsDetail.jsp
  ❌ 请求失败 (尝试 2/3): 404 Client Error: Not Found for url: https://m.thepaper.cn/rss_newsDetail.jsp
  ❌ 请求失败 (尝试 3/3): 404 Client Error: Not Found for url: https://m.thepaper.cn/rss_newsDetail.jsp
  ❌ 获取失败
----------------------------------------
📊 总计: 10 篇文章 (去重后)
✅ 新增 0 篇，总计 16 篇
💾 已保存到: /Users/qitmac001395/workspace/QAL/ideas/apps/daily-podcast-ai/cache/2026-01-30-news.json
⏰ [00:00] 开始收集新闻...
📂 当前缓存: 0 篇
🚀 开始获取新闻，共 4 个源
----------------------------------------
📰 获取 36氪 ...
  ✅ 获取 10 篇文章
📰 获取 少数派 ...
  ❌ 请求失败 (尝试 1/3): HTTPSConnectionPool(host='sspai.com', port=443): Max retries exceeded with url: /feed (Caused by NameResolutionError("HTTPSConnection(host='sspai.com', port=443): Failed to resolve 'sspai.com' ([Errno 8] nodename nor servname provided, or not known)"))
  ❌ 请求失败 (尝试 2/3): HTTPSConnectionPool(host='sspai.com', port=443): Max retries exceeded with url: /feed (Caused by NameResolutionError("HTTPSConnection(host='sspai.com', port=443): Failed to resolve 'sspai.com' ([Errno 8] nodename nor servname provided, or not known)"))
  ❌ 请求失败 (尝试 3/3): HTTPSConnectionPool(host='sspai.com', port=443): Max retries exceeded with url: /feed (Caused by NameResolutionError("HTTPSConnection(host='sspai.com', port=443): Failed to resolve 'sspai.com' ([Errno 8] nodename nor servname provided, or not known)"))
  ❌ 获取失败
📰 获取 虎嗅 ...
  ✅ 获取 8 篇文章
📰 获取 澎湃新闻 ...
  ❌ 请求失败 (尝试 1/3): 404 Client Error: Not Found for url: https://m.thepaper.cn/rss_newsDetail.jsp
  ❌ 请求失败 (尝试 2/3): 404 Client Error: Not Found for url: https://m.thepaper.cn/rss_newsDetail.jsp
  ❌ 请求失败 (尝试 3/3): 404 Client Error: Not Found for url: https://m.thepaper.cn/rss_newsDetail.jsp
  ❌ 获取失败
----------------------------------------
📊 总计: 18 篇文章 (去重后)
✅ 新增 18 篇，总计 18 篇
💾 已保存到: /Users/qitmac001395/workspace/QAL/ideas/apps/daily-podcast-ai/cache/2026-01-31-news.json
⏰ [01:00] 开始收集新闻...
📂 当前缓存: 18 篇
🚀 开始获取新闻，共 4 个源
----------------------------------------
📰 获取 36氪 ...
  ✅ 获取 10 篇文章
📰 获取 少数派 ...
  ✅ 获取 0 篇文章
📰 获取 虎嗅 ...
  ✅ 获取 8 篇文章
📰 获取 澎湃新闻 ...
  ❌ 请求失败 (尝试 1/3): 404 Client Error: Not Found for url: https://m.thepaper.cn/rss_newsDetail.jsp
  ❌ 请求失败 (尝试 2/3): 404 Client Error: Not Found for url: https://m.thepaper.cn/rss_newsDetail.jsp
  ❌ 请求失败 (尝试 3/3): 404 Client Error: Not Found for url: https://m.thepaper.cn/rss_newsDetail.jsp
  ❌ 获取失败
----------------------------------------
📊 总计: 18 篇文章 (去重后)
✅ 新增 0 篇，总计 18 篇
💾 已保存到: /Users/qitmac001395/workspace/QAL/ideas/apps/daily-podcast-ai/cache/2026-01-31-news.json
⏰ [02:00] 开始收集新闻...
📂 当前缓存: 18 篇
🚀 开始获取新闻，共 4 个源
----------------------------------------
📰 获取 36氪 ...
  ✅ 获取 9 篇文章
📰 获取 少数派 ...
  ✅ 获取 0 篇文章
📰 获取 虎嗅 ...
  ✅ 获取 8 篇文章
📰 获取 澎湃新闻 ...
  ❌ 请求失败 (尝试 1/3): 404 Client Error: Not Found for url: https://m.thepaper.cn/rss_newsDetail.jsp
  ❌ 请求失败 (尝试 2/3): 404 Client Error: Not Found for url: https://m.thepaper.cn/rss_newsDetail.jsp
  ❌ 请求失败 (尝试 3/3): 404 Client Error: Not Found for url: https://m.thepaper.cn/rss_newsDetail.jsp
  ❌ 获取失败
----------------------------------------
📊 总计: 17 篇文章 (去重后)
✅ 新增 0 篇，总计 18 篇
💾 已保存到: /Users/qitmac001395/workspace/QAL/ideas/apps/daily-podcast-ai/cache/2026-01-31-news.json
⏰ [03:02] 开始收集新闻...
📂 当前缓存: 18 篇
🚀 开始获取新闻，共 4 个源
----------------------------------------
📰 获取 36氪 ...
  ✅ 获取 9 篇文章
📰 获取 少数派 ...
  ✅ 获取 0 篇文章
📰 获取 虎嗅 ...
  ✅ 获取 8 篇文章
📰 获取 澎湃新闻 ...
  ❌ 请求失败 (尝试 1/3): 404 Client Error: Not Found for url: https://m.thepaper.cn/rss_newsDetail.jsp
  ❌ 请求失败 (尝试 2/3): 404 Client Error: Not Found for url: https://m.thepaper.cn/rss_newsDetail.jsp
  ❌ 请求失败 (尝试 3/3): 404 Client Error: Not Found for url: https://m.thepaper.cn/rss_newsDetail.jsp
  ❌ 获取失败
----------------------------------------
📊 总计: 17 篇文章 (去重后)
✅ 新增 0 篇，总计 18 篇
💾 已保存到: /Users/qitmac001395/workspace/QAL/ideas/apps/daily-podcast-ai/cache/2026-01-31-news.json
⏰ [04:10] 开始收集新闻...
📂 当前缓存: 18 篇
🚀 开始获取新闻，共 4 个源
----------------------------------------
📰 获取 36氪 ...
  ✅ 获取 9 篇文章
📰 获取 少数派 ...
  ✅ 获取 0 篇文章
📰 获取 虎嗅 ...
  ✅ 获取 7 篇文章
📰 获取 澎湃新闻 ...
  ❌ 请求失败 (尝试 1/3): 404 Client Error: Not Found for url: https://m.thepaper.cn/rss_newsDetail.jsp
  ❌ 请求失败 (尝试 2/3): 404 Client Error: Not Found for url: https://m.thepaper.cn/rss_newsDetail.jsp
  ❌ 请求失败 (尝试 3/3): 404 Client Error: Not Found for url: https://m.thepaper.cn/rss_newsDetail.jsp
  ❌ 获取失败
----------------------------------------
📊 总计: 16 篇文章 (去重后)
✅ 新增 0 篇，总计 18 篇
💾 已保存到: /Users/qitmac001395/workspace/QAL/ideas/apps/daily-podcast-ai/cache/2026-01-31-news.json
⏰ [05:07] 开始收集新闻...
📂 当前缓存: 18 篇
🚀 开始获取新闻，共 4 个源
----------------------------------------
📰 获取 36氪 ...
  ✅ 获取 9 篇文章
📰 获取 少数派 ...
  ✅ 获取 0 篇文章
📰 获取 虎嗅 ...
  ✅ 获取 6 篇文章
📰 获取 澎湃新闻 ...
  ❌ 请求失败 (尝试 1/3): 404 Client Error: Not Found for url: https://m.thepaper.cn/rss_newsDetail.jsp
  ❌ 请求失败 (尝试 2/3): 404 Client Error: Not Found for url: https://m.thepaper.cn/rss_newsDetail.jsp
  ❌ 请求失败 (尝试 3/3): 404 Client Error: Not Found for url: https://m.thepaper.cn/rss_newsDetail.jsp
  ❌ 获取失败
----------------------------------------
📊 总计: 15 篇文章 (去重后)
✅ 新增 0 篇，总计 18 篇
💾 已保存到: /Users/qitmac001395/workspace/QAL/ideas/apps/daily-podcast-ai/cache/2026-01-31-news.json
⏰ [06:03] 开始收集新闻...
📂 当前缓存: 18 篇
🚀 开始获取新闻，共 4 个源
----------------------------------------
📰 获取 36氪 ...
  ✅ 获取 9 篇文章
📰 获取 少数派 ...
  ✅ 获取 0 篇文章
📰 获取 虎嗅 ...
  ✅ 获取 5 篇文章
📰 获取 澎湃新闻 ...
  ❌ 请求失败 (尝试 1/3): 404 Client Error: Not Found for url: https://m.thepaper.cn/rss_newsDetail.jsp
  ❌ 请求失败 (尝试 2/3): 404 Client Error: Not Found for url: https://m.thepaper.cn/rss_newsDetail.jsp
  ❌ 请求失败 (尝试 3/3): 404 Client Error: Not Found for url: https://m.thepaper.cn/rss_newsDetail.jsp
  ❌ 获取失败
----------------------------------------
📊 总计: 14 篇文章 (去重后)
✅ 新增 0 篇，总计 18 篇
💾 已保存到: /Users/qitmac001395/workspace/QAL/ideas/apps/daily-podcast-ai/cache/2026-01-31-news.json
⏰ [00:07] 开始收集新闻...
📂 当前缓存: 0 篇
🚀 开始获取新闻，共 4 个源
----------------------------------------
📰 获取 36氪 ...
  ❌ 请求失败 (尝试 1/3): HTTPSConnectionPool(host='36kr.com', port=443): Max retries exceeded with url: /feed (Caused by NameResolutionError("HTTPSConnection(host='36kr.com', port=443): Failed to resolve '36kr.com' ([Errno 8] nodename nor servname provided, or not known)"))
  ❌ 请求失败 (尝试 2/3): HTTPSConnectionPool(host='36kr.com', port=443): Max retries exceeded with url: /feed (Caused by NameResolutionError("HTTPSConnection(host='36kr.com', port=443): Failed to resolve '36kr.com' ([Errno 8] nodename nor servname provided, or not known)"))
  ❌ 请求失败 (尝试 3/3): HTTPSConnectionPool(host='36kr.com', port=443): Max retries exceeded with url: /feed (Caused by NameResolutionError("HTTPSConnection(host='36kr.com', port=443): Failed to resolve '36kr.com' ([Errno 8] nodename nor servname provided, or not known)"))
  ❌ 获取失败
📰 获取 少数派 ...
  ❌ 请求失败 (尝试 1/3): HTTPSConnectionPool(host='sspai.com', port=443): Max retries exceeded with url: /feed (Caused by NameResolutionError("HTTPSConnection(host='sspai.com', port=443): Failed to resolve 'sspai.com' ([Errno 8] nodename nor servname provided, or not known)"))
  ❌ 请求失败 (尝试 2/3): HTTPSConnectionPool(host='sspai.com', port=443): Max retries exceeded with url: /feed (Caused by NameResolutionError("HTTPSConnection(host='sspai.com', port=443): Failed to resolve 'sspai.com' ([Errno 8] nodename nor servname provided, or not known)"))
  ✅ 获取 2 篇文章
📰 获取 虎嗅 ...
  ✅ 获取 2 篇文章
📰 获取 澎湃新闻 ...
  ❌ 请求失败 (尝试 1/3): 404 Client Error: Not Found for url: https://m.thepaper.cn/rss_newsDetail.jsp
  ❌ 请求失败 (尝试 2/3): 404 Client Error: Not Found for url: https://m.thepaper.cn/rss_newsDetail.jsp
  ❌ 请求失败 (尝试 3/3): 404 Client Error: Not Found for url: https://m.thepaper.cn/rss_newsDetail.jsp
  ❌ 获取失败
----------------------------------------
📊 总计: 4 篇文章 (去重后)
✅ 新增 4 篇，总计 4 篇
💾 已保存到: /Users/qitmac001395/workspace/QAL/ideas/apps/daily-podcast-ai/cache/2026-02-01-news.json
⏰ [01:00] 开始收集新闻...
📂 当前缓存: 4 篇
🚀 开始获取新闻，共 4 个源
----------------------------------------
📰 获取 36氪 ...
  ✅ 获取 4 篇文章
📰 获取 少数派 ...
  ✅ 获取 2 篇文章
📰 获取 虎嗅 ...
  ✅ 获取 2 篇文章
📰 获取 澎湃新闻 ...
  ❌ 请求失败 (尝试 1/3): 404 Client Error: Not Found for url: https://m.thepaper.cn/rss_newsDetail.jsp
  ❌ 请求失败 (尝试 2/3): 404 Client Error: Not Found for url: https://m.thepaper.cn/rss_newsDetail.jsp
  ❌ 请求失败 (尝试 3/3): 404 Client Error: Not Found for url: https://m.thepaper.cn/rss_newsDetail.jsp
  ❌ 获取失败
----------------------------------------
📊 总计: 8 篇文章 (去重后)
✅ 新增 4 篇，总计 8 篇
💾 已保存到: /Users/qitmac001395/workspace/QAL/ideas/apps/daily-podcast-ai/cache/2026-02-01-news.json
⏰ [02:17] 开始收集新闻...
📂 当前缓存: 8 篇
🚀 开始获取新闻，共 4 个源
----------------------------------------
📰 获取 36氪 ...
  ✅ 获取 3 篇文章
📰 获取 少数派 ...
  ✅ 获取 2 篇文章
📰 获取 虎嗅 ...
  ✅ 获取 2 篇文章
📰 获取 澎湃新闻 ...
  ❌ 请求失败 (尝试 1/3): 404 Client Error: Not Found for url: https://m.thepaper.cn/rss_newsDetail.jsp
  ❌ 请求失败 (尝试 2/3): 404 Client Error: Not Found for url: https://m.thepaper.cn/rss_newsDetail.jsp
  ❌ 请求失败 (尝试 3/3): 404 Client Error: Not Found for url: https://m.thepaper.cn/rss_newsDetail.jsp
  ❌ 获取失败
----------------------------------------
📊 总计: 7 篇文章 (去重后)
✅ 新增 0 篇，总计 8 篇
💾 已保存到: /Users/qitmac001395/workspace/QAL/ideas/apps/daily-podcast-ai/cache/2026-02-01-news.json
⏰ [03:07] 开始收集新闻...
📂 当前缓存: 8 篇
🚀 开始获取新闻，共 4 个源
----------------------------------------
📰 获取 36氪 ...
  ✅ 获取 3 篇文章
📰 获取 少数派 ...
  ✅ 获取 2 篇文章
📰 获取 虎嗅 ...
  ✅ 获取 1 篇文章
📰 获取 澎湃新闻 ...
  ❌ 请求失败 (尝试 1/3): 404 Client Error: Not Found for url: https://m.thepaper.cn/rss_newsDetail.jsp
  ❌ 请求失败 (尝试 2/3): 404 Client Error: Not Found for url: https://m.thepaper.cn/rss_newsDetail.jsp
  ❌ 请求失败 (尝试 3/3): 404 Client Error: Not Found for url: https://m.thepaper.cn/rss_newsDetail.jsp
  ❌ 获取失败
----------------------------------------
📊 总计: 6 篇文章 (去重后)
✅ 新增 0 篇，总计 8 篇
💾 已保存到: /Users/qitmac001395/workspace/QAL/ideas/apps/daily-podcast-ai/cache/2026-02-01-news.json
⏰ [04:12] 开始收集新闻...
📂 当前缓存: 8 篇
🚀 开始获取新闻，共 4 个源
----------------------------------------
📰 获取 36氪 ...
  ✅ 获取 3 篇文章
📰 获取 少数派 ...
  ✅ 获取 2 篇文章
📰 获取 虎嗅 ...
  ✅ 获取 1 篇文章
📰 获取 澎湃新闻 ...
  ❌ 请求失败 (尝试 1/3): 404 Client Error: Not Found for url: https://m.thepaper.cn/rss_newsDetail.jsp
  ❌ 请求失败 (尝试 2/3): 404 Client Error: Not Found for url: https://m.thepaper.cn/rss_newsDetail.jsp
  ❌ 请求失败 (尝试 3/3): 404 Client Error: Not Found for url: https://m.thepaper.cn/rss_newsDetail.jsp
  ❌ 获取失败
----------------------------------------
📊 总计: 6 篇文章 (去重后)
✅ 新增 0 篇，总计 8 篇
💾 已保存到: /Users/qitmac001395/workspace/QAL/ideas/apps/daily-podcast-ai/cache/2026-02-01-news.json
⏰ [05:02] 开始收集新闻...
📂 当前缓存: 8 篇
🚀 开始获取新闻，共 4 个源
----------------------------------------
📰 获取 36氪 ...
  ✅ 获取 3 篇文章
📰 获取 少数派 ...
  ✅ 获取 2 篇文章
📰 获取 虎嗅 ...
  ✅ 获取 1 篇文章
📰 获取 澎湃新闻 ...
  ❌ 请求失败 (尝试 1/3): 404 Client Error: Not Found for url: https://m.thepaper.cn/rss_newsDetail.jsp
  ❌ 请求失败 (尝试 2/3): 404 Client Error: Not Found for url: https://m.thepaper.cn/rss_newsDetail.jsp
  ❌ 请求失败 (尝试 3/3): 404 Client Error: Not Found for url: https://m.thepaper.cn/rss_newsDetail.jsp
  ❌ 获取失败
----------------------------------------
📊 总计: 6 篇文章 (去重后)
✅ 新增 0 篇，总计 8 篇
💾 已保存到: /Users/qitmac001395/workspace/QAL/ideas/apps/daily-podcast-ai/cache/2026-02-01-news.json
⏰ [06:11] 开始收集新闻...
📂 当前缓存: 8 篇
🚀 开始获取新闻，共 4 个源
----------------------------------------
📰 获取 36氪 ...
  ✅ 获取 3 篇文章
📰 获取 少数派 ...
  ✅ 获取 2 篇文章
📰 获取 虎嗅 ...
  ✅ 获取 1 篇文章
📰 获取 澎湃新闻 ...
  ❌ 请求失败 (尝试 1/3): 404 Client Error: Not Found for url: https://m.thepaper.cn/rss_newsDetail.jsp
  ❌ 请求失败 (尝试 2/3): 404 Client Error: Not Found for url: https://m.thepaper.cn/rss_newsDetail.jsp
  ❌ 请求失败 (尝试 3/3): 404 Client Error: Not Found for url: https://m.thepaper.cn/rss_newsDetail.jsp
  ❌ 获取失败
----------------------------------------
📊 总计: 6 篇文章 (去重后)
✅ 新增 0 篇，总计 8 篇
💾 已保存到: /Users/qitmac001395/workspace/QAL/ideas/apps/daily-podcast-ai/cache/2026-02-01-news.json
⏰ [00:15] 开始收集新闻...
📂 当前缓存: 0 篇
🚀 开始获取新闻，共 4 个源
----------------------------------------
📰 获取 36氪 ...
  ✅ 获取 5 篇文章
📰 获取 少数派 ...
  ✅ 获取 0 篇文章
📰 获取 虎嗅 ...
  ✅ 获取 0 篇文章
📰 获取 澎湃新闻 ...
  ❌ 请求失败 (尝试 1/3): 404 Client Error: Not Found for url: https://m.thepaper.cn/rss_newsDetail.jsp
  ❌ 请求失败 (尝试 2/3): 404 Client Error: Not Found for url: https://m.thepaper.cn/rss_newsDetail.jsp
  ❌ 请求失败 (尝试 3/3): 404 Client Error: Not Found for url: https://m.thepaper.cn/rss_newsDetail.jsp
  ❌ 获取失败
----------------------------------------
📊 总计: 5 篇文章 (去重后)
✅ 新增 5 篇，总计 5 篇
💾 已保存到: /Users/qitmac001395/workspace/QAL/ideas/apps/daily-podcast-ai/cache/2026-02-02-news.json
⏰ [01:00] 开始收集新闻...
📂 当前缓存: 5 篇
🚀 开始获取新闻，共 4 个源
----------------------------------------
📰 获取 36氪 ...
  ✅ 获取 5 篇文章
📰 获取 少数派 ...
  ✅ 获取 0 篇文章
📰 获取 虎嗅 ...
  ✅ 获取 0 篇文章
📰 获取 澎湃新闻 ...
  ❌ 请求失败 (尝试 1/3): 404 Client Error: Not Found for url: https://m.thepaper.cn/rss_newsDetail.jsp
  ❌ 请求失败 (尝试 2/3): 404 Client Error: Not Found for url: https://m.thepaper.cn/rss_newsDetail.jsp
  ❌ 请求失败 (尝试 3/3): 404 Client Error: Not Found for url: https://m.thepaper.cn/rss_newsDetail.jsp
  ❌ 获取失败
----------------------------------------
📊 总计: 5 篇文章 (去重后)
✅ 新增 0 篇，总计 5 篇
💾 已保存到: /Users/qitmac001395/workspace/QAL/ideas/apps/daily-podcast-ai/cache/2026-02-02-news.json
⏰ [02:00] 开始收集新闻...
📂 当前缓存: 5 篇
🚀 开始获取新闻，共 4 个源
----------------------------------------
📰 获取 36氪 ...
  ✅ 获取 3 篇文章
📰 获取 少数派 ...
  ✅ 获取 0 篇文章
📰 获取 虎嗅 ...
  ✅ 获取 0 篇文章
📰 获取 澎湃新闻 ...
  ❌ 请求失败 (尝试 1/3): 404 Client Error: Not Found for url: https://m.thepaper.cn/rss_newsDetail.jsp
  ❌ 请求失败 (尝试 2/3): 404 Client Error: Not Found for url: https://m.thepaper.cn/rss_newsDetail.jsp
  ❌ 请求失败 (尝试 3/3): 404 Client Error: Not Found for url: https://m.thepaper.cn/rss_newsDetail.jsp
  ❌ 获取失败
----------------------------------------
📊 总计: 3 篇文章 (去重后)
✅ 新增 0 篇，总计 5 篇
💾 已保存到: /Users/qitmac001395/workspace/QAL/ideas/apps/daily-podcast-ai/cache/2026-02-02-news.json
⏰ [03:00] 开始收集新闻...
📂 当前缓存: 5 篇
🚀 开始获取新闻，共 4 个源
----------------------------------------
📰 获取 36氪 ...
  ✅ 获取 3 篇文章
📰 获取 少数派 ...
  ✅ 获取 0 篇文章
📰 获取 虎嗅 ...
  ✅ 获取 0 篇文章
📰 获取 澎湃新闻 ...
  ❌ 请求失败 (尝试 1/3): 404 Client Error: Not Found for url: https://m.thepaper.cn/rss_newsDetail.jsp
  ❌ 请求失败 (尝试 2/3): 404 Client Error: Not Found for url: https://m.thepaper.cn/rss_newsDetail.jsp
  ❌ 请求失败 (尝试 3/3): 404 Client Error: Not Found for url: https://m.thepaper.cn/rss_newsDetail.jsp
  ❌ 获取失败
----------------------------------------
📊 总计: 3 篇文章 (去重后)
✅ 新增 0 篇，总计 5 篇
💾 已保存到: /Users/qitmac001395/workspace/QAL/ideas/apps/daily-podcast-ai/cache/2026-02-02-news.json
⏰ [04:01] 开始收集新闻...
📂 当前缓存: 5 篇
🚀 开始获取新闻，共 4 个源
----------------------------------------
📰 获取 36氪 ...
  ✅ 获取 3 篇文章
📰 获取 少数派 ...
  ✅ 获取 0 篇文章
📰 获取 虎嗅 ...
  ✅ 获取 0 篇文章
📰 获取 澎湃新闻 ...
  ❌ 请求失败 (尝试 1/3): 404 Client Error: Not Found for url: https://m.thepaper.cn/rss_newsDetail.jsp
  ❌ 请求失败 (尝试 2/3): HTTPSConnectionPool(host='www.thepaper.cn', port=443): Read timed out. (read timeout=30)
  ❌ 请求失败 (尝试 3/3): 404 Client Error: Not Found for url: https://m.thepaper.cn/rss_newsDetail.jsp
  ❌ 获取失败
----------------------------------------
📊 总计: 3 篇文章 (去重后)
✅ 新增 0 篇，总计 5 篇
💾 已保存到: /Users/qitmac001395/workspace/QAL/ideas/apps/daily-podcast-ai/cache/2026-02-02-news.json
⏰ [05:02] 开始收集新闻...
📂 当前缓存: 5 篇
🚀 开始获取新闻，共 4 个源
----------------------------------------
📰 获取 36氪 ...
  ✅ 获取 3 篇文章
📰 获取 少数派 ...
  ✅ 获取 0 篇文章
📰 获取 虎嗅 ...
  ✅ 获取 0 篇文章
📰 获取 澎湃新闻 ...
  ❌ 请求失败 (尝试 1/3): 404 Client Error: Not Found for url: https://m.thepaper.cn/rss_newsDetail.jsp
  ❌ 请求失败 (尝试 2/3): 404 Client Error: Not Found for url: https://m.thepaper.cn/rss_newsDetail.jsp
  ❌ 请求失败 (尝试 3/3): 404 Client Error: Not Found for url: https://m.thepaper.cn/rss_newsDetail.jsp
  ❌ 获取失败
----------------------------------------
📊 总计: 3 篇文章 (去重后)
✅ 新增 0 篇，总计 5 篇
💾 已保存到: /Users/qitmac001395/workspace/QAL/ideas/apps/daily-podcast-ai/cache/2026-02-02-news.json
⏰ [06:01] 开始收集新闻...
📂 当前缓存: 5 篇
🚀 开始获取新闻，共 4 个源
----------------------------------------
📰 获取 36氪 ...
  ✅ 获取 3 篇文章
📰 获取 少数派 ...
  ✅ 获取 0 篇文章
📰 获取 虎嗅 ...
  ✅ 获取 0 篇文章
📰 获取 澎湃新闻 ...
  ❌ 请求失败 (尝试 1/3): 404 Client Error: Not Found for url: https://m.thepaper.cn/rss_newsDetail.jsp
  ❌ 请求失败 (尝试 2/3): 404 Client Error: Not Found for url: https://m.thepaper.cn/rss_newsDetail.jsp
  ❌ 请求失败 (尝试 3/3): 404 Client Error: Not Found for url: https://m.thepaper.cn/rss_newsDetail.jsp
  ❌ 获取失败
----------------------------------------
📊 总计: 3 篇文章 (去重后)
✅ 新增 0 篇，总计 5 篇
💾 已保存到: /Users/qitmac001395/workspace/QAL/ideas/apps/daily-podcast-ai/cache/2026-02-02-news.json
⏰ [00:15] 开始收集新闻...
📂 当前缓存: 0 篇
🚀 开始获取新闻，共 4 个源
----------------------------------------
📰 获取 36氪 ...
  ✅ 获取 8 篇文章
📰 获取 少数派 ...
  ✅ 获取 2 篇文章
📰 获取 虎嗅 ...
  ✅ 获取 6 篇文章
📰 获取 澎湃新闻 ...
  ❌ 请求失败 (尝试 1/3): 404 Client Error: Not Found for url: https://m.thepaper.cn/rss_newsDetail.jsp
  ❌ 请求失败 (尝试 2/3): 404 Client Error: Not Found for url: https://m.thepaper.cn/rss_newsDetail.jsp
  ❌ 请求失败 (尝试 3/3): 404 Client Error: Not Found for url: https://m.thepaper.cn/rss_newsDetail.jsp
  ❌ 获取失败
----------------------------------------
📊 总计: 16 篇文章 (去重后)
✅ 新增 16 篇，总计 16 篇
💾 已保存到: /Users/qitmac001395/workspace/QAL/ideas/apps/daily-podcast-ai/cache/2026-02-03-news.json
⏰ [01:00] 开始收集新闻...
📂 当前缓存: 16 篇
🚀 开始获取新闻，共 4 个源
----------------------------------------
📰 获取 36氪 ...
  ✅ 获取 7 篇文章
📰 获取 少数派 ...
  ✅ 获取 1 篇文章
📰 获取 虎嗅 ...
  ✅ 获取 6 篇文章
📰 获取 澎湃新闻 ...
  ❌ 请求失败 (尝试 1/3): 404 Client Error: Not Found for url: https://m.thepaper.cn/rss_newsDetail.jsp
  ❌ 请求失败 (尝试 2/3): 404 Client Error: Not Found for url: https://m.thepaper.cn/rss_newsDetail.jsp
  ❌ 请求失败 (尝试 3/3): 404 Client Error: Not Found for url: https://m.thepaper.cn/rss_newsDetail.jsp
  ❌ 获取失败
----------------------------------------
📊 总计: 14 篇文章 (去重后)
✅ 新增 0 篇，总计 16 篇
💾 已保存到: /Users/qitmac001395/workspace/QAL/ideas/apps/daily-podcast-ai/cache/2026-02-03-news.json
⏰ [02:16] 开始收集新闻...
📂 当前缓存: 16 篇
🚀 开始获取新闻，共 4 个源
----------------------------------------
📰 获取 36氪 ...
  ✅ 获取 7 篇文章
📰 获取 少数派 ...
  ✅ 获取 1 篇文章
📰 获取 虎嗅 ...
  ✅ 获取 4 篇文章
📰 获取 澎湃新闻 ...
  ❌ 请求失败 (尝试 1/3): 404 Client Error: Not Found for url: https://m.thepaper.cn/rss_newsDetail.jsp
  ❌ 请求失败 (尝试 2/3): 404 Client Error: Not Found for url: https://m.thepaper.cn/rss_newsDetail.jsp
  ❌ 请求失败 (尝试 3/3): 404 Client Error: Not Found for url: https://m.thepaper.cn/rss_newsDetail.jsp
  ❌ 获取失败
----------------------------------------
📊 总计: 12 篇文章 (去重后)
✅ 新增 0 篇，总计 16 篇
💾 已保存到: /Users/qitmac001395/workspace/QAL/ideas/apps/daily-podcast-ai/cache/2026-02-03-news.json
⏰ [03:00] 开始收集新闻...
📂 当前缓存: 16 篇
🚀 开始获取新闻，共 4 个源
----------------------------------------
📰 获取 36氪 ...
  ✅ 获取 7 篇文章
📰 获取 少数派 ...
  ✅ 获取 1 篇文章
📰 获取 虎嗅 ...
  ✅ 获取 4 篇文章
📰 获取 澎湃新闻 ...
  ❌ 请求失败 (尝试 1/3): 404 Client Error: Not Found for url: https://m.thepaper.cn/rss_newsDetail.jsp
  ❌ 请求失败 (尝试 2/3): 404 Client Error: Not Found for url: https://m.thepaper.cn/rss_newsDetail.jsp
  ❌ 请求失败 (尝试 3/3): 404 Client Error: Not Found for url: https://m.thepaper.cn/rss_newsDetail.jsp
  ❌ 获取失败
----------------------------------------
📊 总计: 12 篇文章 (去重后)
✅ 新增 0 篇，总计 16 篇
💾 已保存到: /Users/qitmac001395/workspace/QAL/ideas/apps/daily-podcast-ai/cache/2026-02-03-news.json
⏰ [04:01] 开始收集新闻...
📂 当前缓存: 16 篇
🚀 开始获取新闻，共 4 个源
----------------------------------------
📰 获取 36氪 ...
  ✅ 获取 7 篇文章
📰 获取 少数派 ...
  ✅ 获取 0 篇文章
📰 获取 虎嗅 ...
  ✅ 获取 4 篇文章
📰 获取 澎湃新闻 ...
  ❌ 请求失败 (尝试 1/3): 404 Client Error: Not Found for url: https://m.thepaper.cn/rss_newsDetail.jsp
  ❌ 请求失败 (尝试 2/3): 404 Client Error: Not Found for url: https://m.thepaper.cn/rss_newsDetail.jsp
  ❌ 请求失败 (尝试 3/3): 404 Client Error: Not Found for url: https://m.thepaper.cn/rss_newsDetail.jsp
  ❌ 获取失败
----------------------------------------
📊 总计: 11 篇文章 (去重后)
✅ 新增 0 篇，总计 16 篇
💾 已保存到: /Users/qitmac001395/workspace/QAL/ideas/apps/daily-podcast-ai/cache/2026-02-03-news.json
⏰ [05:02] 开始收集新闻...
📂 当前缓存: 16 篇
🚀 开始获取新闻，共 4 个源
----------------------------------------
📰 获取 36氪 ...
  ✅ 获取 7 篇文章
📰 获取 少数派 ...
  ✅ 获取 0 篇文章
📰 获取 虎嗅 ...
  ✅ 获取 3 篇文章
📰 获取 澎湃新闻 ...
  ❌ 请求失败 (尝试 1/3): 404 Client Error: Not Found for url: https://m.thepaper.cn/rss_newsDetail.jsp
  ❌ 请求失败 (尝试 2/3): 404 Client Error: Not Found for url: https://m.thepaper.cn/rss_newsDetail.jsp
  ❌ 请求失败 (尝试 3/3): 404 Client Error: Not Found for url: https://m.thepaper.cn/rss_newsDetail.jsp
  ❌ 获取失败
----------------------------------------
📊 总计: 10 篇文章 (去重后)
✅ 新增 0 篇，总计 16 篇
💾 已保存到: /Users/qitmac001395/workspace/QAL/ideas/apps/daily-podcast-ai/cache/2026-02-03-news.json
⏰ [06:03] 开始收集新闻...
📂 当前缓存: 16 篇
🚀 开始获取新闻，共 4 个源
----------------------------------------
📰 获取 36氪 ...
  ✅ 获取 7 篇文章
📰 获取 少数派 ...
  ✅ 获取 0 篇文章
📰 获取 虎嗅 ...
  ✅ 获取 2 篇文章
📰 获取 澎湃新闻 ...
  ❌ 请求失败 (尝试 1/3): 404 Client Error: Not Found for url: https://m.thepaper.cn/rss_newsDetail.jsp
  ❌ 请求失败 (尝试 2/3): 404 Client Error: Not Found for url: https://m.thepaper.cn/rss_newsDetail.jsp
  ❌ 请求失败 (尝试 3/3): 404 Client Error: Not Found for url: https://m.thepaper.cn/rss_newsDetail.jsp
  ❌ 获取失败
----------------------------------------
📊 总计: 9 篇文章 (去重后)
✅ 新增 0 篇，总计 16 篇
💾 已保存到: /Users/qitmac001395/workspace/QAL/ideas/apps/daily-podcast-ai/cache/2026-02-03-news.json
⏰ [00:00] 开始收集新闻...
📂 当前缓存: 0 篇
🚀 开始获取新闻，共 4 个源
----------------------------------------
📰 获取 36氪 ...
  ✅ 获取 9 篇文章
📰 获取 少数派 ...
  ✅ 获取 2 篇文章
📰 获取 虎嗅 ...
  ✅ 获取 5 篇文章
📰 获取 澎湃新闻 ...
  ❌ 请求失败 (尝试 1/3): 404 Client Error: Not Found for url: https://m.thepaper.cn/rss_newsDetail.jsp
  ❌ 请求失败 (尝试 2/3): 404 Client Error: Not Found for url: https://m.thepaper.cn/rss_newsDetail.jsp
  ❌ 请求失败 (尝试 3/3): 404 Client Error: Not Found for url: https://m.thepaper.cn/rss_newsDetail.jsp
  ❌ 获取失败
----------------------------------------
📊 总计: 16 篇文章 (去重后)
✅ 新增 16 篇，总计 16 篇
💾 已保存到: /Users/qitmac001395/workspace/QAL/ideas/apps/daily-podcast-ai/cache/2026-02-04-news.json
⏰ [01:00] 开始收集新闻...
📂 当前缓存: 16 篇
🚀 开始获取新闻，共 4 个源
----------------------------------------
📰 获取 36氪 ...
  ✅ 获取 8 篇文章
📰 获取 少数派 ...
  ✅ 获取 1 篇文章
📰 获取 虎嗅 ...
  ✅ 获取 4 篇文章
📰 获取 澎湃新闻 ...
  ❌ 请求失败 (尝试 1/3): 404 Client Error: Not Found for url: https://m.thepaper.cn/rss_newsDetail.jsp
  ❌ 请求失败 (尝试 2/3): 404 Client Error: Not Found for url: https://m.thepaper.cn/rss_newsDetail.jsp
  ❌ 请求失败 (尝试 3/3): 404 Client Error: Not Found for url: https://m.thepaper.cn/rss_newsDetail.jsp
  ❌ 获取失败
----------------------------------------
📊 总计: 13 篇文章 (去重后)
✅ 新增 0 篇，总计 16 篇
💾 已保存到: /Users/qitmac001395/workspace/QAL/ideas/apps/daily-podcast-ai/cache/2026-02-04-news.json
⏰ [02:00] 开始收集新闻...
📂 当前缓存: 16 篇
🚀 开始获取新闻，共 4 个源
----------------------------------------
📰 获取 36氪 ...
  ✅ 获取 7 篇文章
📰 获取 少数派 ...
  ✅ 获取 1 篇文章
📰 获取 虎嗅 ...
  ✅ 获取 3 篇文章
📰 获取 澎湃新闻 ...
  ❌ 请求失败 (尝试 1/3): 404 Client Error: Not Found for url: https://m.thepaper.cn/rss_newsDetail.jsp
  ❌ 请求失败 (尝试 2/3): 404 Client Error: Not Found for url: https://m.thepaper.cn/rss_newsDetail.jsp
  ❌ 请求失败 (尝试 3/3): 404 Client Error: Not Found for url: https://m.thepaper.cn/rss_newsDetail.jsp
  ❌ 获取失败
----------------------------------------
📊 总计: 11 篇文章 (去重后)
✅ 新增 0 篇，总计 16 篇
💾 已保存到: /Users/qitmac001395/workspace/QAL/ideas/apps/daily-podcast-ai/cache/2026-02-04-news.json
⏰ [03:00] 开始收集新闻...
📂 当前缓存: 16 篇
🚀 开始获取新闻，共 4 个源
----------------------------------------
📰 获取 36氪 ...
  ✅ 获取 6 篇文章
📰 获取 少数派 ...
  ✅ 获取 1 篇文章
📰 获取 虎嗅 ...
  ✅ 获取 2 篇文章
📰 获取 澎湃新闻 ...
  ❌ 请求失败 (尝试 1/3): 404 Client Error: Not Found for url: https://m.thepaper.cn/rss_newsDetail.jsp
  ❌ 请求失败 (尝试 2/3): 404 Client Error: Not Found for url: https://m.thepaper.cn/rss_newsDetail.jsp
  ❌ 请求失败 (尝试 3/3): 404 Client Error: Not Found for url: https://m.thepaper.cn/rss_newsDetail.jsp
  ❌ 获取失败
----------------------------------------
📊 总计: 9 篇文章 (去重后)
✅ 新增 0 篇，总计 16 篇
💾 已保存到: /Users/qitmac001395/workspace/QAL/ideas/apps/daily-podcast-ai/cache/2026-02-04-news.json
⏰ [04:00] 开始收集新闻...
📂 当前缓存: 16 篇
🚀 开始获取新闻，共 4 个源
----------------------------------------
📰 获取 36氪 ...
  ✅ 获取 6 篇文章
📰 获取 少数派 ...
  ✅ 获取 1 篇文章
📰 获取 虎嗅 ...
  ✅ 获取 2 篇文章
📰 获取 澎湃新闻 ...
  ❌ 请求失败 (尝试 1/3): 404 Client Error: Not Found for url: https://m.thepaper.cn/rss_newsDetail.jsp
  ❌ 请求失败 (尝试 2/3): 404 Client Error: Not Found for url: https://m.thepaper.cn/rss_newsDetail.jsp
  ❌ 请求失败 (尝试 3/3): 404 Client Error: Not Found for url: https://m.thepaper.cn/rss_newsDetail.jsp
  ❌ 获取失败
----------------------------------------
📊 总计: 9 篇文章 (去重后)
✅ 新增 0 篇，总计 16 篇
💾 已保存到: /Users/qitmac001395/workspace/QAL/ideas/apps/daily-podcast-ai/cache/2026-02-04-news.json
⏰ [05:00] 开始收集新闻...
📂 当前缓存: 16 篇
🚀 开始获取新闻，共 4 个源
----------------------------------------
📰 获取 36氪 ...
  ✅ 获取 6 篇文章
📰 获取 少数派 ...
  ✅ 获取 1 篇文章
📰 获取 虎嗅 ...
  ✅ 获取 2 篇文章
📰 获取 澎湃新闻 ...
  ❌ 请求失败 (尝试 1/3): 404 Client Error: Not Found for url: https://m.thepaper.cn/rss_newsDetail.jsp
  ❌ 请求失败 (尝试 2/3): 404 Client Error: Not Found for url: https://m.thepaper.cn/rss_newsDetail.jsp
  ❌ 请求失败 (尝试 3/3): 404 Client Error: Not Found for url: https://m.thepaper.cn/rss_newsDetail.jsp
  ❌ 获取失败
----------------------------------------
📊 总计: 9 篇文章 (去重后)
✅ 新增 0 篇，总计 16 篇
💾 已保存到: /Users/qitmac001395/workspace/QAL/ideas/apps/daily-podcast-ai/cache/2026-02-04-news.json
⏰ [06:00] 开始收集新闻...
📂 当前缓存: 16 篇
🚀 开始获取新闻，共 4 个源
----------------------------------------
📰 获取 36氪 ...
  ✅ 获取 6 篇文章
📰 获取 少数派 ...
  ✅ 获取 1 篇文章
📰 获取 虎嗅 ...
  ✅ 获取 2 篇文章
📰 获取 澎湃新闻 ...
  ❌ 请求失败 (尝试 1/3): 404 Client Error: Not Found for url: https://m.thepaper.cn/rss_newsDetail.jsp
  ❌ 请求失败 (尝试 2/3): 404 Client Error: Not Found for url: https://m.thepaper.cn/rss_newsDetail.jsp
  ❌ 请求失败 (尝试 3/3): 404 Client Error: Not Found for url: https://m.thepaper.cn/rss_newsDetail.jsp
  ❌ 获取失败
----------------------------------------
📊 总计: 9 篇文章 (去重后)
✅ 新增 0 篇，总计 16 篇
💾 已保存到: /Users/qitmac001395/workspace/QAL/ideas/apps/daily-podcast-ai/cache/2026-02-04-news.json
⏰ [00:04] 开始收集新闻...
📂 当前缓存: 0 篇
🚀 开始获取新闻，共 4 个源
----------------------------------------
📰 获取 36氪 ...
  ✅ 获取 8 篇文章
📰 获取 少数派 ...
  ✅ 获取 1 篇文章
📰 获取 虎嗅 ...
  ✅ 获取 5 篇文章
📰 获取 澎湃新闻 ...
  ❌ 请求失败 (尝试 1/3): 404 Client Error: Not Found for url: https://m.thepaper.cn/rss_newsDetail.jsp
  ❌ 请求失败 (尝试 2/3): 404 Client Error: Not Found for url: https://m.thepaper.cn/rss_newsDetail.jsp
  ❌ 请求失败 (尝试 3/3): 404 Client Error: Not Found for url: https://m.thepaper.cn/rss_newsDetail.jsp
  ❌ 获取失败
----------------------------------------
📊 总计: 14 篇文章 (去重后)
✅ 新增 14 篇，总计 14 篇
💾 已保存到: /Users/qitmac001395/workspace/QAL/ideas/apps/daily-podcast-ai/cache/2026-02-05-news.json
⏰ [01:00] 开始收集新闻...
📂 当前缓存: 14 篇
🚀 开始获取新闻，共 4 个源
----------------------------------------
📰 获取 36氪 ...
  ✅ 获取 6 篇文章
📰 获取 少数派 ...
  ✅ 获取 1 篇文章
📰 获取 虎嗅 ...
  ✅ 获取 5 篇文章
📰 获取 澎湃新闻 ...
  ❌ 请求失败 (尝试 1/3): 404 Client Error: Not Found for url: https://m.thepaper.cn/rss_newsDetail.jsp
  ❌ 请求失败 (尝试 2/3): 404 Client Error: Not Found for url: https://m.thepaper.cn/rss_newsDetail.jsp
  ❌ 请求失败 (尝试 3/3): 404 Client Error: Not Found for url: https://m.thepaper.cn/rss_newsDetail.jsp
  ❌ 获取失败
----------------------------------------
📊 总计: 12 篇文章 (去重后)
✅ 新增 0 篇，总计 14 篇
💾 已保存到: /Users/qitmac001395/workspace/QAL/ideas/apps/daily-podcast-ai/cache/2026-02-05-news.json
⏰ [02:06] 开始收集新闻...
📂 当前缓存: 14 篇
🚀 开始获取新闻，共 4 个源
----------------------------------------
📰 获取 36氪 ...
  ✅ 获取 5 篇文章
📰 获取 少数派 ...
  ✅ 获取 1 篇文章
📰 获取 虎嗅 ...
  ✅ 获取 4 篇文章
📰 获取 澎湃新闻 ...
  ❌ 请求失败 (尝试 1/3): 404 Client Error: Not Found for url: https://m.thepaper.cn/rss_newsDetail.jsp
  ❌ 请求失败 (尝试 2/3): 404 Client Error: Not Found for url: https://m.thepaper.cn/rss_newsDetail.jsp
  ❌ 请求失败 (尝试 3/3): 404 Client Error: Not Found for url: https://m.thepaper.cn/rss_newsDetail.jsp
  ❌ 获取失败
----------------------------------------
📊 总计: 10 篇文章 (去重后)
✅ 新增 0 篇，总计 14 篇
💾 已保存到: /Users/qitmac001395/workspace/QAL/ideas/apps/daily-podcast-ai/cache/2026-02-05-news.json
⏰ [03:06] 开始收集新闻...
📂 当前缓存: 14 篇
🚀 开始获取新闻，共 4 个源
----------------------------------------
📰 获取 36氪 ...
  ✅ 获取 5 篇文章
📰 获取 少数派 ...
  ✅ 获取 1 篇文章
📰 获取 虎嗅 ...
  ✅ 获取 3 篇文章
📰 获取 澎湃新闻 ...
  ❌ 请求失败 (尝试 1/3): 404 Client Error: Not Found for url: https://m.thepaper.cn/rss_newsDetail.jsp
  ❌ 请求失败 (尝试 2/3): 404 Client Error: Not Found for url: https://m.thepaper.cn/rss_newsDetail.jsp
  ❌ 请求失败 (尝试 3/3): 404 Client Error: Not Found for url: https://m.thepaper.cn/rss_newsDetail.jsp
  ❌ 获取失败
----------------------------------------
📊 总计: 9 篇文章 (去重后)
✅ 新增 0 篇，总计 14 篇
💾 已保存到: /Users/qitmac001395/workspace/QAL/ideas/apps/daily-podcast-ai/cache/2026-02-05-news.json
⏰ [04:08] 开始收集新闻...
📂 当前缓存: 14 篇
🚀 开始获取新闻，共 4 个源
----------------------------------------
📰 获取 36氪 ...
  ✅ 获取 5 篇文章
📰 获取 少数派 ...
  ✅ 获取 1 篇文章
📰 获取 虎嗅 ...
  ✅ 获取 3 篇文章
📰 获取 澎湃新闻 ...
  ❌ 请求失败 (尝试 1/3): 404 Client Error: Not Found for url: https://m.thepaper.cn/rss_newsDetail.jsp
  ❌ 请求失败 (尝试 2/3): 404 Client Error: Not Found for url: https://m.thepaper.cn/rss_newsDetail.jsp
  ❌ 请求失败 (尝试 3/3): 404 Client Error: Not Found for url: https://m.thepaper.cn/rss_newsDetail.jsp
  ❌ 获取失败
----------------------------------------
📊 总计: 9 篇文章 (去重后)
✅ 新增 0 篇，总计 14 篇
💾 已保存到: /Users/qitmac001395/workspace/QAL/ideas/apps/daily-podcast-ai/cache/2026-02-05-news.json
⏰ [05:11] 开始收集新闻...
📂 当前缓存: 14 篇
🚀 开始获取新闻，共 4 个源
----------------------------------------
📰 获取 36氪 ...
  ✅ 获取 5 篇文章
📰 获取 少数派 ...
  ✅ 获取 1 篇文章
📰 获取 虎嗅 ...
  ✅ 获取 3 篇文章
📰 获取 澎湃新闻 ...
  ❌ 请求失败 (尝试 1/3): 404 Client Error: Not Found for url: https://m.thepaper.cn/rss_newsDetail.jsp
  ❌ 请求失败 (尝试 2/3): 404 Client Error: Not Found for url: https://m.thepaper.cn/rss_newsDetail.jsp
  ❌ 请求失败 (尝试 3/3): 404 Client Error: Not Found for url: https://m.thepaper.cn/rss_newsDetail.jsp
  ❌ 获取失败
----------------------------------------
📊 总计: 9 篇文章 (去重后)
✅ 新增 0 篇，总计 14 篇
💾 已保存到: /Users/qitmac001395/workspace/QAL/ideas/apps/daily-podcast-ai/cache/2026-02-05-news.json
⏰ [06:10] 开始收集新闻...
📂 当前缓存: 14 篇
🚀 开始获取新闻，共 4 个源
----------------------------------------
📰 获取 36氪 ...
  ✅ 获取 4 篇文章
📰 获取 少数派 ...
  ✅ 获取 1 篇文章
📰 获取 虎嗅 ...
  ✅ 获取 2 篇文章
📰 获取 澎湃新闻 ...
  ❌ 请求失败 (尝试 1/3): 404 Client Error: Not Found for url: https://m.thepaper.cn/rss_newsDetail.jsp
  ❌ 请求失败 (尝试 2/3): 404 Client Error: Not Found for url: https://m.thepaper.cn/rss_newsDetail.jsp
  ❌ 请求失败 (尝试 3/3): 404 Client Error: Not Found for url: https://m.thepaper.cn/rss_newsDetail.jsp
  ❌ 获取失败
----------------------------------------
📊 总计: 7 篇文章 (去重后)
✅ 新增 0 篇，总计 14 篇
💾 已保存到: /Users/qitmac001395/workspace/QAL/ideas/apps/daily-podcast-ai/cache/2026-02-05-news.json
⏰ [00:11] 开始收集新闻...
📂 当前缓存: 0 篇
🚀 开始获取新闻，共 4 个源
----------------------------------------
📰 获取 36氪 ...
  ❌ 请求失败 (尝试 1/3): HTTPSConnectionPool(host='36kr.com', port=443): Max retries exceeded with url: /feed (Caused by NameResolutionError("HTTPSConnection(host='36kr.com', port=443): Failed to resolve '36kr.com' ([Errno 8] nodename nor servname provided, or not known)"))
  ❌ 请求失败 (尝试 2/3): HTTPSConnectionPool(host='36kr.com', port=443): Max retries exceeded with url: /feed (Caused by NameResolutionError("HTTPSConnection(host='36kr.com', port=443): Failed to resolve '36kr.com' ([Errno 8] nodename nor servname provided, or not known)"))
  ❌ 请求失败 (尝试 3/3): HTTPSConnectionPool(host='36kr.com', port=443): Max retries exceeded with url: /feed (Caused by NameResolutionError("HTTPSConnection(host='36kr.com', port=443): Failed to resolve '36kr.com' ([Errno 8] nodename nor servname provided, or not known)"))
  ❌ 获取失败
📰 获取 少数派 ...
  ❌ 请求失败 (尝试 1/3): HTTPSConnectionPool(host='sspai.com', port=443): Max retries exceeded with url: /feed (Caused by NameResolutionError("HTTPSConnection(host='sspai.com', port=443): Failed to resolve 'sspai.com' ([Errno 8] nodename nor servname provided, or not known)"))
  ❌ 请求失败 (尝试 2/3): HTTPSConnectionPool(host='sspai.com', port=443): Max retries exceeded with url: /feed (Caused by NameResolutionError("HTTPSConnection(host='sspai.com', port=443): Failed to resolve 'sspai.com' ([Errno 8] nodename nor servname provided, or not known)"))
  ✅ 获取 1 篇文章
📰 获取 虎嗅 ...
  ❌ 请求失败 (尝试 1/3): ('Connection aborted.', ConnectionResetError(54, 'Connection reset by peer'))
  ✅ 获取 2 篇文章
📰 获取 澎湃新闻 ...
  ❌ 请求失败 (尝试 1/3): 404 Client Error: Not Found for url: https://m.thepaper.cn/rss_newsDetail.jsp
  ❌ 请求失败 (尝试 2/3): 404 Client Error: Not Found for url: https://m.thepaper.cn/rss_newsDetail.jsp
  ❌ 请求失败 (尝试 3/3): 404 Client Error: Not Found for url: https://m.thepaper.cn/rss_newsDetail.jsp
  ❌ 获取失败
----------------------------------------
📊 总计: 3 篇文章 (去重后)
✅ 新增 3 篇，总计 3 篇
💾 已保存到: /Users/qitmac001395/workspace/QAL/ideas/apps/daily-podcast-ai/cache/2026-02-06-news.json
⏰ [05:07] 开始收集新闻...
📂 当前缓存: 3 篇
🚀 开始获取新闻，共 4 个源
----------------------------------------
📰 获取 36氪 ...
  ✅ 获取 5 篇文章
📰 获取 少数派 ...
  ✅ 获取 1 篇文章
📰 获取 虎嗅 ...
  ✅ 获取 2 篇文章
📰 获取 澎湃新闻 ...
  ❌ 请求失败 (尝试 1/3): 404 Client Error: Not Found for url: https://m.thepaper.cn/rss_newsDetail.jsp
  ❌ 请求失败 (尝试 2/3): 404 Client Error: Not Found for url: https://m.thepaper.cn/rss_newsDetail.jsp
  ❌ 请求失败 (尝试 3/3): 404 Client Error: Not Found for url: https://m.thepaper.cn/rss_newsDetail.jsp
  ❌ 获取失败
----------------------------------------
📊 总计: 8 篇文章 (去重后)
✅ 新增 5 篇，总计 8 篇
💾 已保存到: /Users/qitmac001395/workspace/QAL/ideas/apps/daily-podcast-ai/cache/2026-02-06-news.json
⏰ [06:02] 开始收集新闻...
📂 当前缓存: 8 篇
🚀 开始获取新闻，共 4 个源
----------------------------------------
📰 获取 36氪 ...
  ✅ 获取 5 篇文章
📰 获取 少数派 ...
  ✅ 获取 1 篇文章
📰 获取 虎嗅 ...
  ✅ 获取 2 篇文章
📰 获取 澎湃新闻 ...
  ❌ 请求失败 (尝试 1/3): 404 Client Error: Not Found for url: https://m.thepaper.cn/rss_newsDetail.jsp
  ❌ 请求失败 (尝试 2/3): 404 Client Error: Not Found for url: https://m.thepaper.cn/rss_newsDetail.jsp
  ❌ 请求失败 (尝试 3/3): 404 Client Error: Not Found for url: https://m.thepaper.cn/rss_newsDetail.jsp
  ❌ 获取失败
----------------------------------------
📊 总计: 8 篇文章 (去重后)
✅ 新增 0 篇，总计 8 篇
💾 已保存到: /Users/qitmac001395/workspace/QAL/ideas/apps/daily-podcast-ai/cache/2026-02-06-news.json
⏰ [00:00] 开始收集新闻...
📂 当前缓存: 0 篇
🚀 开始获取新闻，共 4 个源
----------------------------------------
📰 获取 36氪 ...
  ✅ 获取 10 篇文章
📰 获取 少数派 ...
  ✅ 获取 0 篇文章
📰 获取 虎嗅 ...
  ✅ 获取 2 篇文章
📰 获取 澎湃新闻 ...
  ❌ 请求失败 (尝试 1/3): 404 Client Error: Not Found for url: https://m.thepaper.cn/rss_newsDetail.jsp
  ❌ 请求失败 (尝试 2/3): 404 Client Error: Not Found for url: https://m.thepaper.cn/rss_newsDetail.jsp
  ❌ 请求失败 (尝试 3/3): 404 Client Error: Not Found for url: https://m.thepaper.cn/rss_newsDetail.jsp
  ❌ 获取失败
----------------------------------------
📊 总计: 12 篇文章 (去重后)
✅ 新增 12 篇，总计 12 篇
💾 已保存到: /Users/qitmac001395/workspace/QAL/ideas/apps/daily-podcast-ai/cache/2026-02-07-news.json
⏰ [01:00] 开始收集新闻...
📂 当前缓存: 12 篇
🚀 开始获取新闻，共 4 个源
----------------------------------------
📰 获取 36氪 ...
  ✅ 获取 10 篇文章
📰 获取 少数派 ...
  ✅ 获取 0 篇文章
📰 获取 虎嗅 ...
  ✅ 获取 2 篇文章
📰 获取 澎湃新闻 ...
  ❌ 请求失败 (尝试 1/3): 404 Client Error: Not Found for url: https://m.thepaper.cn/rss_newsDetail.jsp
  ❌ 请求失败 (尝试 2/3): 404 Client Error: Not Found for url: https://m.thepaper.cn/rss_newsDetail.jsp
  ❌ 请求失败 (尝试 3/3): 404 Client Error: Not Found for url: https://m.thepaper.cn/rss_newsDetail.jsp
  ❌ 获取失败
----------------------------------------
📊 总计: 12 篇文章 (去重后)
✅ 新增 0 篇，总计 12 篇
💾 已保存到: /Users/qitmac001395/workspace/QAL/ideas/apps/daily-podcast-ai/cache/2026-02-07-news.json
⏰ [02:06] 开始收集新闻...
📂 当前缓存: 12 篇
🚀 开始获取新闻，共 4 个源
----------------------------------------
📰 获取 36氪 ...
  ✅ 获取 10 篇文章
📰 获取 少数派 ...
  ✅ 获取 0 篇文章
📰 获取 虎嗅 ...
  ✅ 获取 1 篇文章
📰 获取 澎湃新闻 ...
  ❌ 请求失败 (尝试 1/3): 404 Client Error: Not Found for url: https://m.thepaper.cn/rss_newsDetail.jsp
  ❌ 请求失败 (尝试 2/3): 404 Client Error: Not Found for url: https://m.thepaper.cn/rss_newsDetail.jsp
  ❌ 请求失败 (尝试 3/3): 404 Client Error: Not Found for url: https://m.thepaper.cn/rss_newsDetail.jsp
  ❌ 获取失败
----------------------------------------
📊 总计: 11 篇文章 (去重后)
✅ 新增 2 篇，总计 14 篇
💾 已保存到: /Users/qitmac001395/workspace/QAL/ideas/apps/daily-podcast-ai/cache/2026-02-07-news.json
⏰ [03:07] 开始收集新闻...
📂 当前缓存: 14 篇
🚀 开始获取新闻，共 4 个源
----------------------------------------
📰 获取 36氪 ...
  ✅ 获取 9 篇文章
📰 获取 少数派 ...
  ✅ 获取 0 篇文章
📰 获取 虎嗅 ...
  ✅ 获取 1 篇文章
📰 获取 澎湃新闻 ...
  ❌ 请求失败 (尝试 1/3): 404 Client Error: Not Found for url: https://m.thepaper.cn/rss_newsDetail.jsp
  ❌ 请求失败 (尝试 2/3): 404 Client Error: Not Found for url: https://m.thepaper.cn/rss_newsDetail.jsp
  ❌ 请求失败 (尝试 3/3): 404 Client Error: Not Found for url: https://m.thepaper.cn/rss_newsDetail.jsp
  ❌ 获取失败
----------------------------------------
📊 总计: 10 篇文章 (去重后)
✅ 新增 0 篇，总计 14 篇
💾 已保存到: /Users/qitmac001395/workspace/QAL/ideas/apps/daily-podcast-ai/cache/2026-02-07-news.json
⏰ [04:01] 开始收集新闻...
📂 当前缓存: 14 篇
🚀 开始获取新闻，共 4 个源
----------------------------------------
📰 获取 36氪 ...
  ✅ 获取 9 篇文章
📰 获取 少数派 ...
  ✅ 获取 0 篇文章
📰 获取 虎嗅 ...
  ✅ 获取 1 篇文章
📰 获取 澎湃新闻 ...
  ❌ 请求失败 (尝试 1/3): 404 Client Error: Not Found for url: https://m.thepaper.cn/rss_newsDetail.jsp
  ❌ 请求失败 (尝试 2/3): 404 Client Error: Not Found for url: https://m.thepaper.cn/rss_newsDetail.jsp
  ❌ 请求失败 (尝试 3/3): 404 Client Error: Not Found for url: https://m.thepaper.cn/rss_newsDetail.jsp
  ❌ 获取失败
----------------------------------------
📊 总计: 10 篇文章 (去重后)
✅ 新增 0 篇，总计 14 篇
💾 已保存到: /Users/qitmac001395/workspace/QAL/ideas/apps/daily-podcast-ai/cache/2026-02-07-news.json
⏰ [05:09] 开始收集新闻...
📂 当前缓存: 14 篇
🚀 开始获取新闻，共 4 个源
----------------------------------------
📰 获取 36氪 ...
  ✅ 获取 9 篇文章
📰 获取 少数派 ...
  ✅ 获取 0 篇文章
📰 获取 虎嗅 ...
  ✅ 获取 1 篇文章
📰 获取 澎湃新闻 ...
  ❌ 请求失败 (尝试 1/3): 404 Client Error: Not Found for url: https://m.thepaper.cn/rss_newsDetail.jsp
  ❌ 请求失败 (尝试 2/3): 404 Client Error: Not Found for url: https://m.thepaper.cn/rss_newsDetail.jsp
  ❌ 请求失败 (尝试 3/3): 404 Client Error: Not Found for url: https://m.thepaper.cn/rss_newsDetail.jsp
  ❌ 获取失败
----------------------------------------
📊 总计: 10 篇文章 (去重后)
✅ 新增 0 篇，总计 14 篇
💾 已保存到: /Users/qitmac001395/workspace/QAL/ideas/apps/daily-podcast-ai/cache/2026-02-07-news.json
⏰ [06:01] 开始收集新闻...
📂 当前缓存: 14 篇
🚀 开始获取新闻，共 4 个源
----------------------------------------
📰 获取 36氪 ...
  ✅ 获取 9 篇文章
📰 获取 少数派 ...
  ✅ 获取 0 篇文章
📰 获取 虎嗅 ...
  ✅ 获取 1 篇文章
📰 获取 澎湃新闻 ...
  ❌ 请求失败 (尝试 1/3): 404 Client Error: Not Found for url: https://m.thepaper.cn/rss_newsDetail.jsp
  ❌ 请求失败 (尝试 2/3): 404 Client Error: Not Found for url: https://m.thepaper.cn/rss_newsDetail.jsp
  ❌ 请求失败 (尝试 3/3): 404 Client Error: Not Found for url: https://m.thepaper.cn/rss_newsDetail.jsp
  ❌ 获取失败
----------------------------------------
📊 总计: 10 篇文章 (去重后)
✅ 新增 0 篇，总计 14 篇
💾 已保存到: /Users/qitmac001395/workspace/QAL/ideas/apps/daily-podcast-ai/cache/2026-02-07-news.json
⏰ [00:00] 开始收集新闻...
📂 当前缓存: 0 篇
🚀 开始获取新闻，共 4 个源
----------------------------------------
📰 获取 36氪 ...
  ✅ 获取 5 篇文章
📰 获取 少数派 ...
  ✅ 获取 0 篇文章
📰 获取 虎嗅 ...
  ✅ 获取 4 篇文章
📰 获取 澎湃新闻 ...
  ❌ 请求失败 (尝试 1/3): 404 Client Error: Not Found for url: https://m.thepaper.cn/rss_newsDetail.jsp
  ❌ 请求失败 (尝试 2/3): 404 Client Error: Not Found for url: https://m.thepaper.cn/rss_newsDetail.jsp
  ❌ 请求失败 (尝试 3/3): 404 Client Error: Not Found for url: https://m.thepaper.cn/rss_newsDetail.jsp
  ❌ 获取失败
----------------------------------------
📊 总计: 9 篇文章 (去重后)
✅ 新增 9 篇，总计 9 篇
💾 已保存到: /Users/qitmac001395/workspace/QAL/ideas/apps/daily-podcast-ai/cache/2026-02-08-news.json
⏰ [01:00] 开始收集新闻...
📂 当前缓存: 9 篇
🚀 开始获取新闻，共 4 个源
----------------------------------------
📰 获取 36氪 ...
  ✅ 获取 5 篇文章
📰 获取 少数派 ...
  ✅ 获取 0 篇文章
📰 获取 虎嗅 ...
  ✅ 获取 4 篇文章
📰 获取 澎湃新闻 ...
  ❌ 请求失败 (尝试 1/3): 404 Client Error: Not Found for url: https://m.thepaper.cn/rss_newsDetail.jsp
  ❌ 请求失败 (尝试 2/3): 404 Client Error: Not Found for url: https://m.thepaper.cn/rss_newsDetail.jsp
  ❌ 请求失败 (尝试 3/3): 404 Client Error: Not Found for url: https://m.thepaper.cn/rss_newsDetail.jsp
  ❌ 获取失败
----------------------------------------
📊 总计: 9 篇文章 (去重后)
✅ 新增 0 篇，总计 9 篇
💾 已保存到: /Users/qitmac001395/workspace/QAL/ideas/apps/daily-podcast-ai/cache/2026-02-08-news.json
⏰ [02:00] 开始收集新闻...
📂 当前缓存: 9 篇
🚀 开始获取新闻，共 4 个源
----------------------------------------
📰 获取 36氪 ...
  ✅ 获取 4 篇文章
📰 获取 少数派 ...
  ✅ 获取 0 篇文章
📰 获取 虎嗅 ...
  ✅ 获取 2 篇文章
📰 获取 澎湃新闻 ...
  ❌ 请求失败 (尝试 1/3): 404 Client Error: Not Found for url: https://m.thepaper.cn/rss_newsDetail.jsp
  ❌ 请求失败 (尝试 2/3): 404 Client Error: Not Found for url: https://m.thepaper.cn/rss_newsDetail.jsp
  ❌ 请求失败 (尝试 3/3): 404 Client Error: Not Found for url: https://m.thepaper.cn/rss_newsDetail.jsp
  ❌ 获取失败
----------------------------------------
📊 总计: 6 篇文章 (去重后)
✅ 新增 0 篇，总计 9 篇
💾 已保存到: /Users/qitmac001395/workspace/QAL/ideas/apps/daily-podcast-ai/cache/2026-02-08-news.json
⏰ [03:00] 开始收集新闻...
📂 当前缓存: 9 篇
🚀 开始获取新闻，共 4 个源
----------------------------------------
📰 获取 36氪 ...
  ❌ 请求失败 (尝试 1/3): HTTPSConnectionPool(host='36kr.com', port=443): Read timed out.
  ✅ 获取 3 篇文章
📰 获取 少数派 ...
  ✅ 获取 0 篇文章
📰 获取 虎嗅 ...
  ✅ 获取 2 篇文章
📰 获取 澎湃新闻 ...
  ❌ 请求失败 (尝试 1/3): 404 Client Error: Not Found for url: https://m.thepaper.cn/rss_newsDetail.jsp
  ❌ 请求失败 (尝试 2/3): 404 Client Error: Not Found for url: https://m.thepaper.cn/rss_newsDetail.jsp
  ❌ 请求失败 (尝试 3/3): 404 Client Error: Not Found for url: https://m.thepaper.cn/rss_newsDetail.jsp
  ❌ 获取失败
----------------------------------------
📊 总计: 5 篇文章 (去重后)
✅ 新增 0 篇，总计 9 篇
💾 已保存到: /Users/qitmac001395/workspace/QAL/ideas/apps/daily-podcast-ai/cache/2026-02-08-news.json
⏰ [04:00] 开始收集新闻...
📂 当前缓存: 9 篇
🚀 开始获取新闻，共 4 个源
----------------------------------------
📰 获取 36氪 ...
  ✅ 获取 3 篇文章
📰 获取 少数派 ...
  ✅ 获取 0 篇文章
📰 获取 虎嗅 ...
  ✅ 获取 2 篇文章
📰 获取 澎湃新闻 ...
  ❌ 请求失败 (尝试 1/3): 404 Client Error: Not Found for url: https://m.thepaper.cn/rss_newsDetail.jsp
  ❌ 请求失败 (尝试 2/3): 404 Client Error: Not Found for url: https://m.thepaper.cn/rss_newsDetail.jsp
  ❌ 请求失败 (尝试 3/3): 404 Client Error: Not Found for url: https://m.thepaper.cn/rss_newsDetail.jsp
  ❌ 获取失败
----------------------------------------
📊 总计: 5 篇文章 (去重后)
✅ 新增 0 篇，总计 9 篇
💾 已保存到: /Users/qitmac001395/workspace/QAL/ideas/apps/daily-podcast-ai/cache/2026-02-08-news.json
⏰ [05:00] 开始收集新闻...
📂 当前缓存: 9 篇
🚀 开始获取新闻，共 4 个源
----------------------------------------
📰 获取 36氪 ...
  ✅ 获取 3 篇文章
📰 获取 少数派 ...
  ✅ 获取 0 篇文章
📰 获取 虎嗅 ...
  ✅ 获取 2 篇文章
📰 获取 澎湃新闻 ...
  ❌ 请求失败 (尝试 1/3): 404 Client Error: Not Found for url: https://m.thepaper.cn/rss_newsDetail.jsp
  ❌ 请求失败 (尝试 2/3): 404 Client Error: Not Found for url: https://m.thepaper.cn/rss_newsDetail.jsp
  ❌ 请求失败 (尝试 3/3): 404 Client Error: Not Found for url: https://m.thepaper.cn/rss_newsDetail.jsp
  ❌ 获取失败
----------------------------------------
📊 总计: 5 篇文章 (去重后)
✅ 新增 0 篇，总计 9 篇
💾 已保存到: /Users/qitmac001395/workspace/QAL/ideas/apps/daily-podcast-ai/cache/2026-02-08-news.json
⏰ [06:00] 开始收集新闻...
📂 当前缓存: 9 篇
🚀 开始获取新闻，共 4 个源
----------------------------------------
📰 获取 36氪 ...
  ✅ 获取 3 篇文章
📰 获取 少数派 ...
  ✅ 获取 0 篇文章
📰 获取 虎嗅 ...
  ✅ 获取 2 篇文章
📰 获取 澎湃新闻 ...
  ❌ 请求失败 (尝试 1/3): 404 Client Error: Not Found for url: https://m.thepaper.cn/rss_newsDetail.jsp
  ❌ 请求失败 (尝试 2/3): 404 Client Error: Not Found for url: https://m.thepaper.cn/rss_newsDetail.jsp
  ❌ 请求失败 (尝试 3/3): 404 Client Error: Not Found for url: https://m.thepaper.cn/rss_newsDetail.jsp
  ❌ 获取失败
----------------------------------------
📊 总计: 5 篇文章 (去重后)
✅ 新增 0 篇，总计 9 篇
💾 已保存到: /Users/qitmac001395/workspace/QAL/ideas/apps/daily-podcast-ai/cache/2026-02-08-news.json
⏰ [00:00] 开始收集新闻...
📂 当前缓存: 0 篇
🚀 开始获取新闻，共 4 个源
----------------------------------------
📰 获取 36氪 ...
  ✅ 获取 6 篇文章
📰 获取 少数派 ...
  ✅ 获取 0 篇文章
📰 获取 虎嗅 ...
  ✅ 获取 1 篇文章
📰 获取 澎湃新闻 ...
  ❌ 请求失败 (尝试 1/3): 404 Client Error: Not Found for url: https://m.thepaper.cn/rss_newsDetail.jsp
  ❌ 请求失败 (尝试 2/3): 404 Client Error: Not Found for url: https://m.thepaper.cn/rss_newsDetail.jsp
  ❌ 请求失败 (尝试 3/3): 404 Client Error: Not Found for url: https://m.thepaper.cn/rss_newsDetail.jsp
  ❌ 获取失败
----------------------------------------
📊 总计: 7 篇文章 (去重后)
✅ 新增 7 篇，总计 7 篇
💾 已保存到: /Users/qitmac001395/workspace/QAL/ideas/apps/daily-podcast-ai/cache/2026-02-09-news.json
⏰ [01:00] 开始收集新闻...
📂 当前缓存: 7 篇
🚀 开始获取新闻，共 4 个源
----------------------------------------
📰 获取 36氪 ...
  ✅ 获取 5 篇文章
📰 获取 少数派 ...
  ✅ 获取 0 篇文章
📰 获取 虎嗅 ...
  ✅ 获取 1 篇文章
📰 获取 澎湃新闻 ...
  ❌ 请求失败 (尝试 1/3): 404 Client Error: Not Found for url: https://m.thepaper.cn/rss_newsDetail.jsp
  ❌ 请求失败 (尝试 2/3): 404 Client Error: Not Found for url: https://m.thepaper.cn/rss_newsDetail.jsp
  ❌ 请求失败 (尝试 3/3): 404 Client Error: Not Found for url: https://m.thepaper.cn/rss_newsDetail.jsp
  ❌ 获取失败
----------------------------------------
📊 总计: 6 篇文章 (去重后)
✅ 新增 0 篇，总计 7 篇
💾 已保存到: /Users/qitmac001395/workspace/QAL/ideas/apps/daily-podcast-ai/cache/2026-02-09-news.json
⏰ [02:00] 开始收集新闻...
📂 当前缓存: 7 篇
🚀 开始获取新闻，共 4 个源
----------------------------------------
📰 获取 36氪 ...
  ✅ 获取 5 篇文章
📰 获取 少数派 ...
  ✅ 获取 0 篇文章
📰 获取 虎嗅 ...
  ✅ 获取 1 篇文章
📰 获取 澎湃新闻 ...
  ❌ 请求失败 (尝试 1/3): 404 Client Error: Not Found for url: https://m.thepaper.cn/rss_newsDetail.jsp
  ❌ 请求失败 (尝试 2/3): 404 Client Error: Not Found for url: https://m.thepaper.cn/rss_newsDetail.jsp
  ❌ 请求失败 (尝试 3/3): 404 Client Error: Not Found for url: https://m.thepaper.cn/rss_newsDetail.jsp
  ❌ 获取失败
----------------------------------------
📊 总计: 6 篇文章 (去重后)
✅ 新增 0 篇，总计 7 篇
💾 已保存到: /Users/qitmac001395/workspace/QAL/ideas/apps/daily-podcast-ai/cache/2026-02-09-news.json
⏰ [03:00] 开始收集新闻...
📂 当前缓存: 7 篇
🚀 开始获取新闻，共 4 个源
----------------------------------------
📰 获取 36氪 ...
  ✅ 获取 5 篇文章
📰 获取 少数派 ...
  ✅ 获取 0 篇文章
📰 获取 虎嗅 ...
  ✅ 获取 1 篇文章
📰 获取 澎湃新闻 ...
  ❌ 请求失败 (尝试 1/3): 404 Client Error: Not Found for url: https://m.thepaper.cn/rss_newsDetail.jsp
  ❌ 请求失败 (尝试 2/3): 404 Client Error: Not Found for url: https://m.thepaper.cn/rss_newsDetail.jsp
  ❌ 请求失败 (尝试 3/3): 404 Client Error: Not Found for url: https://m.thepaper.cn/rss_newsDetail.jsp
  ❌ 获取失败
----------------------------------------
📊 总计: 6 篇文章 (去重后)
✅ 新增 0 篇，总计 7 篇
💾 已保存到: /Users/qitmac001395/workspace/QAL/ideas/apps/daily-podcast-ai/cache/2026-02-09-news.json
⏰ [08:41] 开始收集新闻...
📂 当前缓存: 7 篇
🚀 开始获取新闻，共 4 个源
----------------------------------------
📰 获取 36氪 ...
  ❌ 请求失败 (尝试 1/3): HTTPSConnectionPool(host='36kr.com', port=443): Max retries exceeded with url: /feed (Caused by NameResolutionError("HTTPSConnection(host='36kr.com', port=443): Failed to resolve '36kr.com' ([Errno 8] nodename nor servname provided, or not known)"))
  ❌ 请求失败 (尝试 2/3): HTTPSConnectionPool(host='36kr.com', port=443): Max retries exceeded with url: /feed (Caused by NameResolutionError("HTTPSConnection(host='36kr.com', port=443): Failed to resolve '36kr.com' ([Errno 8] nodename nor servname provided, or not known)"))
  ✅ 获取 4 篇文章
📰 获取 少数派 ...
  ✅ 获取 0 篇文章
📰 获取 虎嗅 ...
  ✅ 获取 0 篇文章
📰 获取 澎湃新闻 ...
  ❌ 请求失败 (尝试 1/3): 404 Client Error: Not Found for url: https://m.thepaper.cn/rss_newsDetail.jsp
  ❌ 请求失败 (尝试 2/3): 404 Client Error: Not Found for url: https://m.thepaper.cn/rss_newsDetail.jsp
  ❌ 请求失败 (尝试 3/3): 404 Client Error: Not Found for url: https://m.thepaper.cn/rss_newsDetail.jsp
  ❌ 获取失败
----------------------------------------
📊 总计: 4 篇文章 (去重后)
✅ 新增 4 篇，总计 11 篇
💾 已保存到: /Users/qitmac001395/workspace/QAL/ideas/apps/daily-podcast-ai/cache/2026-02-09-news.json
⏰ [00:06] 开始收集新闻...
📂 当前缓存: 0 篇
🚀 开始获取新闻，共 4 个源
----------------------------------------
📰 获取 36氪 ...
  ✅ 获取 9 篇文章
📰 获取 少数派 ...
  ✅ 获取 2 篇文章
📰 获取 虎嗅 ...
  ✅ 获取 1 篇文章
📰 获取 澎湃新闻 ...
  ❌ 请求失败 (尝试 1/3): 404 Client Error: Not Found for url: https://m.thepaper.cn/rss_newsDetail.jsp
  ❌ 请求失败 (尝试 2/3): 404 Client Error: Not Found for url: https://m.thepaper.cn/rss_newsDetail.jsp
  ❌ 请求失败 (尝试 3/3): 404 Client Error: Not Found for url: https://m.thepaper.cn/rss_newsDetail.jsp
  ❌ 获取失败
----------------------------------------
📊 总计: 12 篇文章 (去重后)
✅ 新增 12 篇，总计 12 篇
💾 已保存到: /Users/qitmac001395/workspace/QAL/ideas/apps/daily-podcast-ai/cache/2026-02-10-news.json
⏰ [01:00] 开始收集新闻...
📂 当前缓存: 12 篇
🚀 开始获取新闻，共 4 个源
----------------------------------------
📰 获取 36氪 ...
  ✅ 获取 9 篇文章
📰 获取 少数派 ...
  ✅ 获取 1 篇文章
📰 获取 虎嗅 ...
  ✅ 获取 1 篇文章
📰 获取 澎湃新闻 ...
  ❌ 请求失败 (尝试 1/3): 404 Client Error: Not Found for url: https://m.thepaper.cn/rss_newsDetail.jsp
  ❌ 请求失败 (尝试 2/3): 404 Client Error: Not Found for url: https://m.thepaper.cn/rss_newsDetail.jsp
  ❌ 请求失败 (尝试 3/3): 404 Client Error: Not Found for url: https://m.thepaper.cn/rss_newsDetail.jsp
  ❌ 获取失败
----------------------------------------
📊 总计: 11 篇文章 (去重后)
✅ 新增 0 篇，总计 12 篇
💾 已保存到: /Users/qitmac001395/workspace/QAL/ideas/apps/daily-podcast-ai/cache/2026-02-10-news.json
⏰ [02:11] 开始收集新闻...
📂 当前缓存: 12 篇
🚀 开始获取新闻，共 4 个源
----------------------------------------
📰 获取 36氪 ...
  ✅ 获取 7 篇文章
📰 获取 少数派 ...
  ✅ 获取 1 篇文章
📰 获取 虎嗅 ...
  ✅ 获取 0 篇文章
📰 获取 澎湃新闻 ...
  ❌ 请求失败 (尝试 1/3): 404 Client Error: Not Found for url: https://m.thepaper.cn/rss_newsDetail.jsp
  ❌ 请求失败 (尝试 2/3): 404 Client Error: Not Found for url: https://m.thepaper.cn/rss_newsDetail.jsp
  ❌ 请求失败 (尝试 3/3): 404 Client Error: Not Found for url: https://m.thepaper.cn/rss_newsDetail.jsp
  ❌ 获取失败
----------------------------------------
📊 总计: 8 篇文章 (去重后)
✅ 新增 0 篇，总计 12 篇
💾 已保存到: /Users/qitmac001395/workspace/QAL/ideas/apps/daily-podcast-ai/cache/2026-02-10-news.json
⏰ [03:16] 开始收集新闻...
📂 当前缓存: 12 篇
🚀 开始获取新闻，共 4 个源
----------------------------------------
📰 获取 36氪 ...
  ✅ 获取 7 篇文章
📰 获取 少数派 ...
  ✅ 获取 1 篇文章
📰 获取 虎嗅 ...
  ✅ 获取 0 篇文章
📰 获取 澎湃新闻 ...
  ❌ 请求失败 (尝试 1/3): 404 Client Error: Not Found for url: https://m.thepaper.cn/rss_newsDetail.jsp
  ❌ 请求失败 (尝试 2/3): 404 Client Error: Not Found for url: https://m.thepaper.cn/rss_newsDetail.jsp
  ❌ 请求失败 (尝试 3/3): 404 Client Error: Not Found for url: https://m.thepaper.cn/rss_newsDetail.jsp
  ❌ 获取失败
----------------------------------------
📊 总计: 8 篇文章 (去重后)
✅ 新增 0 篇，总计 12 篇
💾 已保存到: /Users/qitmac001395/workspace/QAL/ideas/apps/daily-podcast-ai/cache/2026-02-10-news.json
⏰ [04:06] 开始收集新闻...
📂 当前缓存: 12 篇
🚀 开始获取新闻，共 4 个源
----------------------------------------
📰 获取 36氪 ...
  ✅ 获取 7 篇文章
📰 获取 少数派 ...
  ✅ 获取 0 篇文章
📰 获取 虎嗅 ...
  ✅ 获取 0 篇文章
📰 获取 澎湃新闻 ...
  ❌ 请求失败 (尝试 1/3): 404 Client Error: Not Found for url: https://m.thepaper.cn/rss_newsDetail.jsp
  ❌ 请求失败 (尝试 2/3): 404 Client Error: Not Found for url: https://m.thepaper.cn/rss_newsDetail.jsp
  ❌ 请求失败 (尝试 3/3): 404 Client Error: Not Found for url: https://m.thepaper.cn/rss_newsDetail.jsp
  ❌ 获取失败
----------------------------------------
📊 总计: 7 篇文章 (去重后)
✅ 新增 0 篇，总计 12 篇
💾 已保存到: /Users/qitmac001395/workspace/QAL/ideas/apps/daily-podcast-ai/cache/2026-02-10-news.json
⏰ [05:10] 开始收集新闻...
📂 当前缓存: 12 篇
🚀 开始获取新闻，共 4 个源
----------------------------------------
📰 获取 36氪 ...
  ✅ 获取 6 篇文章
📰 获取 少数派 ...
  ✅ 获取 0 篇文章
📰 获取 虎嗅 ...
  ✅ 获取 0 篇文章
📰 获取 澎湃新闻 ...
  ❌ 请求失败 (尝试 1/3): 404 Client Error: Not Found for url: https://m.thepaper.cn/rss_newsDetail.jsp
  ❌ 请求失败 (尝试 2/3): 404 Client Error: Not Found for url: https://m.thepaper.cn/rss_newsDetail.jsp
  ❌ 请求失败 (尝试 3/3): 404 Client Error: Not Found for url: https://m.thepaper.cn/rss_newsDetail.jsp
  ❌ 获取失败
----------------------------------------
📊 总计: 6 篇文章 (去重后)
✅ 新增 0 篇，总计 12 篇
💾 已保存到: /Users/qitmac001395/workspace/QAL/ideas/apps/daily-podcast-ai/cache/2026-02-10-news.json
⏰ [06:01] 开始收集新闻...
📂 当前缓存: 12 篇
🚀 开始获取新闻，共 4 个源
----------------------------------------
📰 获取 36氪 ...
  ✅ 获取 6 篇文章
📰 获取 少数派 ...
  ✅ 获取 0 篇文章
📰 获取 虎嗅 ...
  ✅ 获取 0 篇文章
📰 获取 澎湃新闻 ...
  ❌ 请求失败 (尝试 1/3): 404 Client Error: Not Found for url: https://m.thepaper.cn/rss_newsDetail.jsp
  ❌ 请求失败 (尝试 2/3): 404 Client Error: Not Found for url: https://m.thepaper.cn/rss_newsDetail.jsp
  ❌ 请求失败 (尝试 3/3): 404 Client Error: Not Found for url: https://m.thepaper.cn/rss_newsDetail.jsp
  ❌ 获取失败
----------------------------------------
📊 总计: 6 篇文章 (去重后)
✅ 新增 0 篇，总计 12 篇
💾 已保存到: /Users/qitmac001395/workspace/QAL/ideas/apps/daily-podcast-ai/cache/2026-02-10-news.json
⏰ [00:02] 开始收集新闻...
📂 当前缓存: 0 篇
🚀 开始获取新闻，共 4 个源
----------------------------------------
📰 获取 36氪 ...
  ✅ 获取 9 篇文章
📰 获取 少数派 ...
  ✅ 获取 2 篇文章
📰 获取 虎嗅 ...
  ✅ 获取 4 篇文章
📰 获取 澎湃新闻 ...
  ❌ 请求失败 (尝试 1/3): 404 Client Error: Not Found for url: https://m.thepaper.cn/rss_newsDetail.jsp
  ❌ 请求失败 (尝试 2/3): 404 Client Error: Not Found for url: https://m.thepaper.cn/rss_newsDetail.jsp
  ❌ 请求失败 (尝试 3/3): 404 Client Error: Not Found for url: https://m.thepaper.cn/rss_newsDetail.jsp
  ❌ 获取失败
----------------------------------------
📊 总计: 15 篇文章 (去重后)
✅ 新增 15 篇，总计 15 篇
💾 已保存到: /Users/qitmac001395/workspace/QAL/ideas/apps/daily-podcast-ai/cache/2026-02-11-news.json
⏰ [01:00] 开始收集新闻...
📂 当前缓存: 15 篇
🚀 开始获取新闻，共 4 个源
----------------------------------------
📰 获取 36氪 ...
  ✅ 获取 8 篇文章
📰 获取 少数派 ...
  ✅ 获取 2 篇文章
📰 获取 虎嗅 ...
  ✅ 获取 4 篇文章
📰 获取 澎湃新闻 ...
  ❌ 请求失败 (尝试 1/3): 404 Client Error: Not Found for url: https://m.thepaper.cn/rss_newsDetail.jsp
  ❌ 请求失败 (尝试 2/3): 404 Client Error: Not Found for url: https://m.thepaper.cn/rss_newsDetail.jsp
  ❌ 请求失败 (尝试 3/3): 404 Client Error: Not Found for url: https://m.thepaper.cn/rss_newsDetail.jsp
  ❌ 获取失败
----------------------------------------
📊 总计: 14 篇文章 (去重后)
✅ 新增 0 篇，总计 15 篇
💾 已保存到: /Users/qitmac001395/workspace/QAL/ideas/apps/daily-podcast-ai/cache/2026-02-11-news.json
⏰ [02:07] 开始收集新闻...
📂 当前缓存: 15 篇
🚀 开始获取新闻，共 4 个源
----------------------------------------
📰 获取 36氪 ...
  ✅ 获取 6 篇文章
📰 获取 少数派 ...
  ✅ 获取 2 篇文章
📰 获取 虎嗅 ...
  ✅ 获取 4 篇文章
📰 获取 澎湃新闻 ...
  ❌ 请求失败 (尝试 1/3): 404 Client Error: Not Found for url: https://m.thepaper.cn/rss_newsDetail.jsp
  ❌ 请求失败 (尝试 2/3): HTTPSConnectionPool(host='m.thepaper.cn', port=443): Read timed out. (read timeout=30)
  ❌ 请求失败 (尝试 3/3): 404 Client Error: Not Found for url: https://m.thepaper.cn/rss_newsDetail.jsp
  ❌ 获取失败
----------------------------------------
📊 总计: 12 篇文章 (去重后)
✅ 新增 0 篇，总计 15 篇
💾 已保存到: /Users/qitmac001395/workspace/QAL/ideas/apps/daily-podcast-ai/cache/2026-02-11-news.json
⏰ [04:09] 开始收集新闻...
📂 当前缓存: 15 篇
🚀 开始获取新闻，共 4 个源
----------------------------------------
📰 获取 36氪 ...
  ✅ 获取 6 篇文章
📰 获取 少数派 ...
  ✅ 获取 1 篇文章
📰 获取 虎嗅 ...
  ✅ 获取 2 篇文章
📰 获取 澎湃新闻 ...
  ❌ 请求失败 (尝试 1/3): 404 Client Error: Not Found for url: https://m.thepaper.cn/rss_newsDetail.jsp
  ❌ 请求失败 (尝试 2/3): 404 Client Error: Not Found for url: https://m.thepaper.cn/rss_newsDetail.jsp
  ❌ 请求失败 (尝试 3/3): 404 Client Error: Not Found for url: https://m.thepaper.cn/rss_newsDetail.jsp
  ❌ 获取失败
----------------------------------------
📊 总计: 9 篇文章 (去重后)
✅ 新增 0 篇，总计 15 篇
💾 已保存到: /Users/qitmac001395/workspace/QAL/ideas/apps/daily-podcast-ai/cache/2026-02-11-news.json
⏰ [05:00] 开始收集新闻...
📂 当前缓存: 15 篇
🚀 开始获取新闻，共 4 个源
----------------------------------------
📰 获取 36氪 ...
  ✅ 获取 6 篇文章
📰 获取 少数派 ...
  ✅ 获取 1 篇文章
📰 获取 虎嗅 ...
  ✅ 获取 2 篇文章
📰 获取 澎湃新闻 ...
  ❌ 请求失败 (尝试 1/3): 404 Client Error: Not Found for url: https://m.thepaper.cn/rss_newsDetail.jsp
  ❌ 请求失败 (尝试 2/3): 404 Client Error: Not Found for url: https://m.thepaper.cn/rss_newsDetail.jsp
  ❌ 请求失败 (尝试 3/3): 404 Client Error: Not Found for url: https://m.thepaper.cn/rss_newsDetail.jsp
  ❌ 获取失败
----------------------------------------
📊 总计: 9 篇文章 (去重后)
✅ 新增 0 篇，总计 15 篇
💾 已保存到: /Users/qitmac001395/workspace/QAL/ideas/apps/daily-podcast-ai/cache/2026-02-11-news.json
⏰ [06:00] 开始收集新闻...
📂 当前缓存: 15 篇
🚀 开始获取新闻，共 4 个源
----------------------------------------
📰 获取 36氪 ...
  ✅ 获取 6 篇文章
📰 获取 少数派 ...
  ✅ 获取 1 篇文章
📰 获取 虎嗅 ...
  ✅ 获取 2 篇文章
📰 获取 澎湃新闻 ...
  ❌ 请求失败 (尝试 1/3): 404 Client Error: Not Found for url: https://m.thepaper.cn/rss_newsDetail.jsp
  ❌ 请求失败 (尝试 2/3): 404 Client Error: Not Found for url: https://m.thepaper.cn/rss_newsDetail.jsp
  ❌ 请求失败 (尝试 3/3): 404 Client Error: Not Found for url: https://m.thepaper.cn/rss_newsDetail.jsp
  ❌ 获取失败
----------------------------------------
📊 总计: 9 篇文章 (去重后)
✅ 新增 0 篇，总计 15 篇
💾 已保存到: /Users/qitmac001395/workspace/QAL/ideas/apps/daily-podcast-ai/cache/2026-02-11-news.json
⏰ [00:03] 开始收集新闻...
📂 当前缓存: 0 篇
🚀 开始获取新闻，共 4 个源
----------------------------------------
📰 获取 36氪 ...
  ✅ 获取 10 篇文章
📰 获取 少数派 ...
  ✅ 获取 2 篇文章
📰 获取 虎嗅 ...
  ✅ 获取 2 篇文章
📰 获取 澎湃新闻 ...
  ❌ 请求失败 (尝试 1/3): 404 Client Error: Not Found for url: https://m.thepaper.cn/rss_newsDetail.jsp
  ❌ 请求失败 (尝试 2/3): 404 Client Error: Not Found for url: https://m.thepaper.cn/rss_newsDetail.jsp
  ❌ 请求失败 (尝试 3/3): 404 Client Error: Not Found for url: https://m.thepaper.cn/rss_newsDetail.jsp
  ❌ 获取失败
----------------------------------------
📊 总计: 14 篇文章 (去重后)
✅ 新增 14 篇，总计 14 篇
💾 已保存到: /Users/qitmac001395/workspace/QAL/ideas/apps/daily-podcast-ai/cache/2026-02-12-news.json
⏰ [01:00] 开始收集新闻...
📂 当前缓存: 14 篇
🚀 开始获取新闻，共 4 个源
----------------------------------------
📰 获取 36氪 ...
  ✅ 获取 10 篇文章
📰 获取 少数派 ...
  ✅ 获取 2 篇文章
📰 获取 虎嗅 ...
  ✅ 获取 2 篇文章
📰 获取 澎湃新闻 ...
  ❌ 请求失败 (尝试 1/3): 404 Client Error: Not Found for url: https://m.thepaper.cn/rss_newsDetail.jsp
  ❌ 请求失败 (尝试 2/3): 404 Client Error: Not Found for url: https://m.thepaper.cn/rss_newsDetail.jsp
  ❌ 请求失败 (尝试 3/3): 404 Client Error: Not Found for url: https://m.thepaper.cn/rss_newsDetail.jsp
  ❌ 获取失败
----------------------------------------
📊 总计: 14 篇文章 (去重后)
✅ 新增 1 篇，总计 15 篇
💾 已保存到: /Users/qitmac001395/workspace/QAL/ideas/apps/daily-podcast-ai/cache/2026-02-12-news.json
⏰ [02:07] 开始收集新闻...
📂 当前缓存: 15 篇
🚀 开始获取新闻，共 4 个源
----------------------------------------
📰 获取 36氪 ...
  ✅ 获取 9 篇文章
📰 获取 少数派 ...
  ✅ 获取 2 篇文章
📰 获取 虎嗅 ...
  ✅ 获取 2 篇文章
📰 获取 澎湃新闻 ...
  ❌ 请求失败 (尝试 1/3): 404 Client Error: Not Found for url: https://m.thepaper.cn/rss_newsDetail.jsp
  ❌ 请求失败 (尝试 2/3): 404 Client Error: Not Found for url: https://m.thepaper.cn/rss_newsDetail.jsp
  ❌ 请求失败 (尝试 3/3): 404 Client Error: Not Found for url: https://m.thepaper.cn/rss_newsDetail.jsp
  ❌ 获取失败
----------------------------------------
📊 总计: 13 篇文章 (去重后)
✅ 新增 1 篇，总计 16 篇
💾 已保存到: /Users/qitmac001395/workspace/QAL/ideas/apps/daily-podcast-ai/cache/2026-02-12-news.json
⏰ [03:15] 开始收集新闻...
📂 当前缓存: 16 篇
🚀 开始获取新闻，共 4 个源
----------------------------------------
📰 获取 36氪 ...
  ✅ 获取 8 篇文章
📰 获取 少数派 ...
  ✅ 获取 2 篇文章
📰 获取 虎嗅 ...
  ✅ 获取 2 篇文章
📰 获取 澎湃新闻 ...
  ❌ 请求失败 (尝试 1/3): 404 Client Error: Not Found for url: https://m.thepaper.cn/rss_newsDetail.jsp
  ❌ 请求失败 (尝试 2/3): 404 Client Error: Not Found for url: https://m.thepaper.cn/rss_newsDetail.jsp
  ❌ 请求失败 (尝试 3/3): 404 Client Error: Not Found for url: https://m.thepaper.cn/rss_newsDetail.jsp
  ❌ 获取失败
----------------------------------------
📊 总计: 12 篇文章 (去重后)
✅ 新增 0 篇，总计 16 篇
💾 已保存到: /Users/qitmac001395/workspace/QAL/ideas/apps/daily-podcast-ai/cache/2026-02-12-news.json
⏰ [04:15] 开始收集新闻...
📂 当前缓存: 16 篇
🚀 开始获取新闻，共 4 个源
----------------------------------------
📰 获取 36氪 ...
  ✅ 获取 5 篇文章
📰 获取 少数派 ...
  ✅ 获取 1 篇文章
📰 获取 虎嗅 ...
  ✅ 获取 2 篇文章
📰 获取 澎湃新闻 ...
  ❌ 请求失败 (尝试 1/3): 404 Client Error: Not Found for url: https://m.thepaper.cn/rss_newsDetail.jsp
  ❌ 请求失败 (尝试 2/3): 404 Client Error: Not Found for url: https://m.thepaper.cn/rss_newsDetail.jsp
  ❌ 请求失败 (尝试 3/3): 404 Client Error: Not Found for url: https://m.thepaper.cn/rss_newsDetail.jsp
  ❌ 获取失败
----------------------------------------
📊 总计: 8 篇文章 (去重后)
✅ 新增 0 篇，总计 16 篇
💾 已保存到: /Users/qitmac001395/workspace/QAL/ideas/apps/daily-podcast-ai/cache/2026-02-12-news.json
⏰ [05:06] 开始收集新闻...
📂 当前缓存: 16 篇
🚀 开始获取新闻，共 4 个源
----------------------------------------
📰 获取 36氪 ...
  ✅ 获取 5 篇文章
📰 获取 少数派 ...
  ✅ 获取 1 篇文章
📰 获取 虎嗅 ...
  ✅ 获取 2 篇文章
📰 获取 澎湃新闻 ...
  ❌ 请求失败 (尝试 1/3): 404 Client Error: Not Found for url: https://m.thepaper.cn/rss_newsDetail.jsp
  ❌ 请求失败 (尝试 2/3): 404 Client Error: Not Found for url: https://m.thepaper.cn/rss_newsDetail.jsp
  ❌ 请求失败 (尝试 3/3): 404 Client Error: Not Found for url: https://m.thepaper.cn/rss_newsDetail.jsp
  ❌ 获取失败
----------------------------------------
📊 总计: 8 篇文章 (去重后)
✅ 新增 0 篇，总计 16 篇
💾 已保存到: /Users/qitmac001395/workspace/QAL/ideas/apps/daily-podcast-ai/cache/2026-02-12-news.json
⏰ [06:01] 开始收集新闻...
📂 当前缓存: 16 篇
🚀 开始获取新闻，共 4 个源
----------------------------------------
📰 获取 36氪 ...
  ✅ 获取 5 篇文章
📰 获取 少数派 ...
  ✅ 获取 1 篇文章
📰 获取 虎嗅 ...
  ✅ 获取 2 篇文章
📰 获取 澎湃新闻 ...
  ❌ 请求失败 (尝试 1/3): 404 Client Error: Not Found for url: https://m.thepaper.cn/rss_newsDetail.jsp
  ❌ 请求失败 (尝试 2/3): 404 Client Error: Not Found for url: https://m.thepaper.cn/rss_newsDetail.jsp
  ❌ 请求失败 (尝试 3/3): 404 Client Error: Not Found for url: https://m.thepaper.cn/rss_newsDetail.jsp
  ❌ 获取失败
----------------------------------------
📊 总计: 8 篇文章 (去重后)
✅ 新增 0 篇，总计 16 篇
💾 已保存到: /Users/qitmac001395/workspace/QAL/ideas/apps/daily-podcast-ai/cache/2026-02-12-news.json
⏰ [00:01] 开始收集新闻...
📂 当前缓存: 0 篇
🚀 开始获取新闻，共 4 个源
----------------------------------------
📰 获取 36氪 ...
  ✅ 获取 10 篇文章
📰 获取 少数派 ...
  ✅ 获取 2 篇文章
📰 获取 虎嗅 ...
  ✅ 获取 1 篇文章
📰 获取 澎湃新闻 ...
  ❌ 请求失败 (尝试 1/3): 404 Client Error: Not Found for url: https://m.thepaper.cn/rss_newsDetail.jsp
  ❌ 请求失败 (尝试 2/3): 404 Client Error: Not Found for url: https://m.thepaper.cn/rss_newsDetail.jsp
  ❌ 请求失败 (尝试 3/3): 404 Client Error: Not Found for url: https://m.thepaper.cn/rss_newsDetail.jsp
  ❌ 获取失败
----------------------------------------
📊 总计: 13 篇文章 (去重后)
✅ 新增 13 篇，总计 13 篇
💾 已保存到: /Users/qitmac001395/workspace/QAL/ideas/apps/daily-podcast-ai/cache/2026-02-13-news.json
⏰ [01:00] 开始收集新闻...
📂 当前缓存: 13 篇
🚀 开始获取新闻，共 4 个源
----------------------------------------
📰 获取 36氪 ...
  ✅ 获取 9 篇文章
📰 获取 少数派 ...
  ✅ 获取 2 篇文章
📰 获取 虎嗅 ...
  ✅ 获取 1 篇文章
📰 获取 澎湃新闻 ...
  ❌ 请求失败 (尝试 1/3): 404 Client Error: Not Found for url: https://m.thepaper.cn/rss_newsDetail.jsp
  ❌ 请求失败 (尝试 2/3): 404 Client Error: Not Found for url: https://m.thepaper.cn/rss_newsDetail.jsp
  ❌ 请求失败 (尝试 3/3): 404 Client Error: Not Found for url: https://m.thepaper.cn/rss_newsDetail.jsp
  ❌ 获取失败
----------------------------------------
📊 总计: 12 篇文章 (去重后)
✅ 新增 0 篇，总计 13 篇
💾 已保存到: /Users/qitmac001395/workspace/QAL/ideas/apps/daily-podcast-ai/cache/2026-02-13-news.json
⏰ [02:02] 开始收集新闻...
📂 当前缓存: 13 篇
🚀 开始获取新闻，共 4 个源
----------------------------------------
📰 获取 36氪 ...
  ✅ 获取 8 篇文章
📰 获取 少数派 ...
  ✅ 获取 2 篇文章
📰 获取 虎嗅 ...
  ✅ 获取 1 篇文章
📰 获取 澎湃新闻 ...
  ❌ 请求失败 (尝试 1/3): 404 Client Error: Not Found for url: https://m.thepaper.cn/rss_newsDetail.jsp
  ❌ 请求失败 (尝试 2/3): HTTPSConnectionPool(host='m.thepaper.cn', port=443): Read timed out. (read timeout=30)
  ❌ 请求失败 (尝试 3/3): 404 Client Error: Not Found for url: https://m.thepaper.cn/rss_newsDetail.jsp
  ❌ 获取失败
----------------------------------------
📊 总计: 11 篇文章 (去重后)
✅ 新增 0 篇，总计 13 篇
💾 已保存到: /Users/qitmac001395/workspace/QAL/ideas/apps/daily-podcast-ai/cache/2026-02-13-news.json
⏰ [03:03] 开始收集新闻...
📂 当前缓存: 13 篇
🚀 开始获取新闻，共 4 个源
----------------------------------------
📰 获取 36氪 ...
  ✅ 获取 7 篇文章
📰 获取 少数派 ...
  ✅ 获取 2 篇文章
📰 获取 虎嗅 ...
  ✅ 获取 1 篇文章
📰 获取 澎湃新闻 ...
  ❌ 请求失败 (尝试 1/3): 404 Client Error: Not Found for url: https://m.thepaper.cn/rss_newsDetail.jsp
  ❌ 请求失败 (尝试 2/3): 404 Client Error: Not Found for url: https://m.thepaper.cn/rss_newsDetail.jsp
  ❌ 请求失败 (尝试 3/3): 404 Client Error: Not Found for url: https://m.thepaper.cn/rss_newsDetail.jsp
  ❌ 获取失败
----------------------------------------
📊 总计: 10 篇文章 (去重后)
✅ 新增 0 篇，总计 13 篇
💾 已保存到: /Users/qitmac001395/workspace/QAL/ideas/apps/daily-podcast-ai/cache/2026-02-13-news.json
⏰ [04:04] 开始收集新闻...
📂 当前缓存: 13 篇
🚀 开始获取新闻，共 4 个源
----------------------------------------
📰 获取 36氪 ...
  ✅ 获取 7 篇文章
📰 获取 少数派 ...
  ✅ 获取 1 篇文章
📰 获取 虎嗅 ...
  ✅ 获取 1 篇文章
📰 获取 澎湃新闻 ...
  ❌ 请求失败 (尝试 1/3): 404 Client Error: Not Found for url: https://m.thepaper.cn/rss_newsDetail.jsp
  ❌ 请求失败 (尝试 2/3): 404 Client Error: Not Found for url: https://m.thepaper.cn/rss_newsDetail.jsp
  ❌ 请求失败 (尝试 3/3): 404 Client Error: Not Found for url: https://m.thepaper.cn/rss_newsDetail.jsp
  ❌ 获取失败
----------------------------------------
📊 总计: 9 篇文章 (去重后)
✅ 新增 0 篇，总计 13 篇
💾 已保存到: /Users/qitmac001395/workspace/QAL/ideas/apps/daily-podcast-ai/cache/2026-02-13-news.json
⏰ [05:05] 开始收集新闻...
📂 当前缓存: 13 篇
🚀 开始获取新闻，共 4 个源
----------------------------------------
📰 获取 36氪 ...
  ✅ 获取 7 篇文章
📰 获取 少数派 ...
  ✅ 获取 1 篇文章
📰 获取 虎嗅 ...
  ✅ 获取 1 篇文章
📰 获取 澎湃新闻 ...
  ❌ 请求失败 (尝试 1/3): 404 Client Error: Not Found for url: https://m.thepaper.cn/rss_newsDetail.jsp
  ❌ 请求失败 (尝试 2/3): 404 Client Error: Not Found for url: https://m.thepaper.cn/rss_newsDetail.jsp
  ❌ 请求失败 (尝试 3/3): 404 Client Error: Not Found for url: https://m.thepaper.cn/rss_newsDetail.jsp
  ❌ 获取失败
----------------------------------------
📊 总计: 9 篇文章 (去重后)
✅ 新增 0 篇，总计 13 篇
💾 已保存到: /Users/qitmac001395/workspace/QAL/ideas/apps/daily-podcast-ai/cache/2026-02-13-news.json
⏰ [06:02] 开始收集新闻...
📂 当前缓存: 13 篇
🚀 开始获取新闻，共 4 个源
----------------------------------------
📰 获取 36氪 ...
  ✅ 获取 7 篇文章
📰 获取 少数派 ...
  ✅ 获取 1 篇文章
📰 获取 虎嗅 ...
  ✅ 获取 1 篇文章
📰 获取 澎湃新闻 ...
  ❌ 请求失败 (尝试 1/3): 404 Client Error: Not Found for url: https://m.thepaper.cn/rss_newsDetail.jsp
  ❌ 请求失败 (尝试 2/3): 404 Client Error: Not Found for url: https://m.thepaper.cn/rss_newsDetail.jsp
  ❌ 请求失败 (尝试 3/3): 404 Client Error: Not Found for url: https://m.thepaper.cn/rss_newsDetail.jsp
  ❌ 获取失败
----------------------------------------
📊 总计: 9 篇文章 (去重后)
✅ 新增 0 篇，总计 13 篇
💾 已保存到: /Users/qitmac001395/workspace/QAL/ideas/apps/daily-podcast-ai/cache/2026-02-13-news.json
⏰ [00:01] 开始收集新闻...
📂 当前缓存: 0 篇
🚀 开始获取新闻，共 4 个源
----------------------------------------
📰 获取 36氪 ...
  ✅ 获取 10 篇文章
📰 获取 少数派 ...
  ✅ 获取 2 篇文章
📰 获取 虎嗅 ...
  ✅ 获取 0 篇文章
📰 获取 澎湃新闻 ...
  ❌ 请求失败 (尝试 1/3): 404 Client Error: Not Found for url: https://m.thepaper.cn/rss_newsDetail.jsp
  ❌ 请求失败 (尝试 2/3): 404 Client Error: Not Found for url: https://m.thepaper.cn/rss_newsDetail.jsp
  ❌ 请求失败 (尝试 3/3): 404 Client Error: Not Found for url: https://m.thepaper.cn/rss_newsDetail.jsp
  ❌ 获取失败
----------------------------------------
📊 总计: 12 篇文章 (去重后)
✅ 新增 12 篇，总计 12 篇
💾 已保存到: /Users/qitmac001395/workspace/QAL/ideas/apps/daily-podcast-ai/cache/2026-02-14-news.json
⏰ [01:00] 开始收集新闻...
📂 当前缓存: 12 篇
🚀 开始获取新闻，共 4 个源
----------------------------------------
📰 获取 36氪 ...
  ✅ 获取 10 篇文章
📰 获取 少数派 ...
  ✅ 获取 2 篇文章
📰 获取 虎嗅 ...
  ✅ 获取 0 篇文章
📰 获取 澎湃新闻 ...
  ❌ 请求失败 (尝试 1/3): 404 Client Error: Not Found for url: https://m.thepaper.cn/rss_newsDetail.jsp
  ❌ 请求失败 (尝试 2/3): 404 Client Error: Not Found for url: https://m.thepaper.cn/rss_newsDetail.jsp
  ❌ 请求失败 (尝试 3/3): 404 Client Error: Not Found for url: https://m.thepaper.cn/rss_newsDetail.jsp
  ❌ 获取失败
----------------------------------------
📊 总计: 12 篇文章 (去重后)
✅ 新增 0 篇，总计 12 篇
💾 已保存到: /Users/qitmac001395/workspace/QAL/ideas/apps/daily-podcast-ai/cache/2026-02-14-news.json
⏰ [02:15] 开始收集新闻...
📂 当前缓存: 12 篇
🚀 开始获取新闻，共 4 个源
----------------------------------------
📰 获取 36氪 ...
  ✅ 获取 10 篇文章
📰 获取 少数派 ...
  ✅ 获取 2 篇文章
📰 获取 虎嗅 ...
  ✅ 获取 0 篇文章
📰 获取 澎湃新闻 ...
  ❌ 请求失败 (尝试 1/3): 404 Client Error: Not Found for url: https://m.thepaper.cn/rss_newsDetail.jsp
  ❌ 请求失败 (尝试 2/3): 404 Client Error: Not Found for url: https://m.thepaper.cn/rss_newsDetail.jsp
  ❌ 请求失败 (尝试 3/3): 404 Client Error: Not Found for url: https://m.thepaper.cn/rss_newsDetail.jsp
  ❌ 获取失败
----------------------------------------
📊 总计: 12 篇文章 (去重后)
✅ 新增 2 篇，总计 14 篇
💾 已保存到: /Users/qitmac001395/workspace/QAL/ideas/apps/daily-podcast-ai/cache/2026-02-14-news.json
⏰ [03:04] 开始收集新闻...
📂 当前缓存: 14 篇
🚀 开始获取新闻，共 4 个源
----------------------------------------
📰 获取 36氪 ...
  ✅ 获取 10 篇文章
📰 获取 少数派 ...
  ✅ 获取 2 篇文章
📰 获取 虎嗅 ...
  ✅ 获取 0 篇文章
📰 获取 澎湃新闻 ...
  ❌ 请求失败 (尝试 1/3): 404 Client Error: Not Found for url: https://m.thepaper.cn/rss_newsDetail.jsp
  ❌ 请求失败 (尝试 2/3): 404 Client Error: Not Found for url: https://m.thepaper.cn/rss_newsDetail.jsp
  ❌ 请求失败 (尝试 3/3): 404 Client Error: Not Found for url: https://m.thepaper.cn/rss_newsDetail.jsp
  ❌ 获取失败
----------------------------------------
📊 总计: 12 篇文章 (去重后)
✅ 新增 0 篇，总计 14 篇
💾 已保存到: /Users/qitmac001395/workspace/QAL/ideas/apps/daily-podcast-ai/cache/2026-02-14-news.json
⏰ [04:06] 开始收集新闻...
📂 当前缓存: 14 篇
🚀 开始获取新闻，共 4 个源
----------------------------------------
📰 获取 36氪 ...
  ✅ 获取 10 篇文章
📰 获取 少数派 ...
  ✅ 获取 2 篇文章
📰 获取 虎嗅 ...
  ✅ 获取 0 篇文章
📰 获取 澎湃新闻 ...
  ❌ 请求失败 (尝试 1/3): 404 Client Error: Not Found for url: https://m.thepaper.cn/rss_newsDetail.jsp
  ❌ 请求失败 (尝试 2/3): 404 Client Error: Not Found for url: https://m.thepaper.cn/rss_newsDetail.jsp
  ❌ 请求失败 (尝试 3/3): 404 Client Error: Not Found for url: https://m.thepaper.cn/rss_newsDetail.jsp
  ❌ 获取失败
----------------------------------------
📊 总计: 12 篇文章 (去重后)
✅ 新增 0 篇，总计 14 篇
💾 已保存到: /Users/qitmac001395/workspace/QAL/ideas/apps/daily-podcast-ai/cache/2026-02-14-news.json
⏰ [05:11] 开始收集新闻...
📂 当前缓存: 14 篇
🚀 开始获取新闻，共 4 个源
----------------------------------------
📰 获取 36氪 ...
  ✅ 获取 10 篇文章
📰 获取 少数派 ...
  ✅ 获取 2 篇文章
📰 获取 虎嗅 ...
  ❌ 请求失败 (尝试 1/3): HTTPSConnectionPool(host='www.huxiu.com', port=443): Max retries exceeded with url: /rss/0.xml (Caused by NameResolutionError("HTTPSConnection(host='www.huxiu.com', port=443): Failed to resolve 'www.huxiu.com' ([Errno 8] nodename nor servname provided, or not known)"))
  ❌ 请求失败 (尝试 2/3): HTTPSConnectionPool(host='www.huxiu.com', port=443): Max retries exceeded with url: /rss/0.xml (Caused by NameResolutionError("HTTPSConnection(host='www.huxiu.com', port=443): Failed to resolve 'www.huxiu.com' ([Errno 8] nodename nor servname provided, or not known)"))
  ❌ 请求失败 (尝试 3/3): HTTPSConnectionPool(host='www.huxiu.com', port=443): Max retries exceeded with url: /rss/0.xml (Caused by NameResolutionError("HTTPSConnection(host='www.huxiu.com', port=443): Failed to resolve 'www.huxiu.com' ([Errno 8] nodename nor servname provided, or not known)"))
  ❌ 获取失败
📰 获取 澎湃新闻 ...
  ❌ 请求失败 (尝试 1/3): HTTPSConnectionPool(host='www.thepaper.cn', port=443): Max retries exceeded with url: /rss_newsDetail.jsp (Caused by NameResolutionError("HTTPSConnection(host='www.thepaper.cn', port=443): Failed to resolve 'www.thepaper.cn' ([Errno 8] nodename nor servname provided, or not known)"))
  ❌ 请求失败 (尝试 2/3): HTTPSConnectionPool(host='www.thepaper.cn', port=443): Max retries exceeded with url: /rss_newsDetail.jsp (Caused by NameResolutionError("HTTPSConnection(host='www.thepaper.cn', port=443): Failed to resolve 'www.thepaper.cn' ([Errno 8] nodename nor servname provided, or not known)"))
  ❌ 请求失败 (尝试 3/3): HTTPSConnectionPool(host='www.thepaper.cn', port=443): Max retries exceeded with url: /rss_newsDetail.jsp (Caused by NameResolutionError("HTTPSConnection(host='www.thepaper.cn', port=443): Failed to resolve 'www.thepaper.cn' ([Errno 8] nodename nor servname provided, or not known)"))
  ❌ 获取失败
----------------------------------------
📊 总计: 12 篇文章 (去重后)
✅ 新增 1 篇，总计 15 篇
💾 已保存到: /Users/qitmac001395/workspace/QAL/ideas/apps/daily-podcast-ai/cache/2026-02-14-news.json
⏰ [06:07] 开始收集新闻...
📂 当前缓存: 15 篇
🚀 开始获取新闻，共 4 个源
----------------------------------------
📰 获取 36氪 ...
  ❌ 请求失败 (尝试 1/3): HTTPSConnectionPool(host='36kr.com', port=443): Max retries exceeded with url: /feed (Caused by NameResolutionError("HTTPSConnection(host='36kr.com', port=443): Failed to resolve '36kr.com' ([Errno 8] nodename nor servname provided, or not known)"))
  ❌ 请求失败 (尝试 2/3): HTTPSConnectionPool(host='36kr.com', port=443): Max retries exceeded with url: /feed (Caused by NameResolutionError("HTTPSConnection(host='36kr.com', port=443): Failed to resolve '36kr.com' ([Errno 8] nodename nor servname provided, or not known)"))
  ❌ 请求失败 (尝试 3/3): HTTPSConnectionPool(host='36kr.com', port=443): Max retries exceeded with url: /feed (Caused by NameResolutionError("HTTPSConnection(host='36kr.com', port=443): Failed to resolve '36kr.com' ([Errno 8] nodename nor servname provided, or not known)"))
  ❌ 获取失败
📰 获取 少数派 ...
  ❌ 请求失败 (尝试 1/3): HTTPSConnectionPool(host='sspai.com', port=443): Max retries exceeded with url: /feed (Caused by NameResolutionError("HTTPSConnection(host='sspai.com', port=443): Failed to resolve 'sspai.com' ([Errno 8] nodename nor servname provided, or not known)"))
  ❌ 请求失败 (尝试 2/3): HTTPSConnectionPool(host='sspai.com', port=443): Max retries exceeded with url: /feed (Caused by NameResolutionError("HTTPSConnection(host='sspai.com', port=443): Failed to resolve 'sspai.com' ([Errno 8] nodename nor servname provided, or not known)"))
  ❌ 请求失败 (尝试 3/3): HTTPSConnectionPool(host='sspai.com', port=443): Max retries exceeded with url: /feed (Caused by NameResolutionError("HTTPSConnection(host='sspai.com', port=443): Failed to resolve 'sspai.com' ([Errno 8] nodename nor servname provided, or not known)"))
  ❌ 获取失败
📰 获取 虎嗅 ...
  ❌ 请求失败 (尝试 1/3): HTTPSConnectionPool(host='www.huxiu.com', port=443): Max retries exceeded with url: /rss/0.xml (Caused by NameResolutionError("HTTPSConnection(host='www.huxiu.com', port=443): Failed to resolve 'www.huxiu.com' ([Errno 8] nodename nor servname provided, or not known)"))
  ❌ 请求失败 (尝试 2/3): HTTPSConnectionPool(host='www.huxiu.com', port=443): Max retries exceeded with url: /rss/0.xml (Caused by NameResolutionError("HTTPSConnection(host='www.huxiu.com', port=443): Failed to resolve 'www.huxiu.com' ([Errno 8] nodename nor servname provided, or not known)"))
  ❌ 请求失败 (尝试 3/3): HTTPSConnectionPool(host='www.huxiu.com', port=443): Max retries exceeded with url: /rss/0.xml (Caused by NameResolutionError("HTTPSConnection(host='www.huxiu.com', port=443): Failed to resolve 'www.huxiu.com' ([Errno 8] nodename nor servname provided, or not known)"))
  ❌ 获取失败
📰 获取 澎湃新闻 ...
  ❌ 请求失败 (尝试 1/3): HTTPSConnectionPool(host='www.thepaper.cn', port=443): Max retries exceeded with url: /rss_newsDetail.jsp (Caused by NameResolutionError("HTTPSConnection(host='www.thepaper.cn', port=443): Failed to resolve 'www.thepaper.cn' ([Errno 8] nodename nor servname provided, or not known)"))
  ❌ 请求失败 (尝试 2/3): HTTPSConnectionPool(host='www.thepaper.cn', port=443): Max retries exceeded with url: /rss_newsDetail.jsp (Caused by NameResolutionError("HTTPSConnection(host='www.thepaper.cn', port=443): Failed to resolve 'www.thepaper.cn' ([Errno 8] nodename nor servname provided, or not known)"))
  ❌ 请求失败 (尝试 3/3): HTTPSConnectionPool(host='www.thepaper.cn', port=443): Max retries exceeded with url: /rss_newsDetail.jsp (Caused by NameResolutionError("HTTPSConnection(host='www.thepaper.cn', port=443): Failed to resolve 'www.thepaper.cn' ([Errno 8] nodename nor servname provided, or not known)"))
  ❌ 获取失败
----------------------------------------
📊 总计: 0 篇文章 (去重后)
❌ 未获取到新闻
⏰ [00:08] 开始收集新闻...
📂 当前缓存: 0 篇
🚀 开始获取新闻，共 4 个源
----------------------------------------
📰 获取 36氪 ...
  ✅ 获取 6 篇文章
📰 获取 少数派 ...
  ✅ 获取 0 篇文章
📰 获取 虎嗅 ...
  ✅ 获取 0 篇文章
📰 获取 澎湃新闻 ...
  ❌ 请求失败 (尝试 1/3): 404 Client Error: Not Found for url: https://m.thepaper.cn/rss_newsDetail.jsp
  ❌ 请求失败 (尝试 2/3): 404 Client Error: Not Found for url: https://m.thepaper.cn/rss_newsDetail.jsp
  ❌ 请求失败 (尝试 3/3): 404 Client Error: Not Found for url: https://m.thepaper.cn/rss_newsDetail.jsp
  ❌ 获取失败
----------------------------------------
📊 总计: 6 篇文章 (去重后)
✅ 新增 6 篇，总计 6 篇
💾 已保存到: /Users/qitmac001395/workspace/QAL/ideas/apps/daily-podcast-ai/cache/2026-02-15-news.json
⏰ [02:10] 开始收集新闻...
📂 当前缓存: 6 篇
🚀 开始获取新闻，共 4 个源
----------------------------------------
📰 获取 36氪 ...
  ✅ 获取 5 篇文章
📰 获取 少数派 ...
  ✅ 获取 0 篇文章
📰 获取 虎嗅 ...
  ✅ 获取 0 篇文章
📰 获取 澎湃新闻 ...
  ❌ 请求失败 (尝试 1/3): 404 Client Error: Not Found for url: https://m.thepaper.cn/rss_newsDetail.jsp
  ❌ 请求失败 (尝试 2/3): 404 Client Error: Not Found for url: https://m.thepaper.cn/rss_newsDetail.jsp
  ❌ 请求失败 (尝试 3/3): 404 Client Error: Not Found for url: https://m.thepaper.cn/rss_newsDetail.jsp
  ❌ 获取失败
----------------------------------------
📊 总计: 5 篇文章 (去重后)
✅ 新增 0 篇，总计 6 篇
💾 已保存到: /Users/qitmac001395/workspace/QAL/ideas/apps/daily-podcast-ai/cache/2026-02-15-news.json
⏰ [04:01] 开始收集新闻...
📂 当前缓存: 6 篇
🚀 开始获取新闻，共 4 个源
----------------------------------------
📰 获取 36氪 ...
  ✅ 获取 4 篇文章
📰 获取 少数派 ...
  ✅ 获取 0 篇文章
📰 获取 虎嗅 ...
  ✅ 获取 0 篇文章
📰 获取 澎湃新闻 ...
  ❌ 请求失败 (尝试 1/3): 404 Client Error: Not Found for url: https://m.thepaper.cn/rss_newsDetail.jsp
  ❌ 请求失败 (尝试 2/3): 404 Client Error: Not Found for url: https://m.thepaper.cn/rss_newsDetail.jsp
  ❌ 请求失败 (尝试 3/3): 404 Client Error: Not Found for url: https://m.thepaper.cn/rss_newsDetail.jsp
  ❌ 获取失败
----------------------------------------
📊 总计: 4 篇文章 (去重后)
✅ 新增 0 篇，总计 6 篇
💾 已保存到: /Users/qitmac001395/workspace/QAL/ideas/apps/daily-podcast-ai/cache/2026-02-15-news.json
⏰ [05:13] 开始收集新闻...
📂 当前缓存: 6 篇
🚀 开始获取新闻，共 4 个源
----------------------------------------
📰 获取 36氪 ...
  ✅ 获取 4 篇文章
📰 获取 少数派 ...
  ✅ 获取 0 篇文章
📰 获取 虎嗅 ...
  ✅ 获取 0 篇文章
📰 获取 澎湃新闻 ...
  ❌ 请求失败 (尝试 1/3): 404 Client Error: Not Found for url: https://m.thepaper.cn/rss_newsDetail.jsp
  ❌ 请求失败 (尝试 2/3): 404 Client Error: Not Found for url: https://m.thepaper.cn/rss_newsDetail.jsp
  ❌ 请求失败 (尝试 3/3): 404 Client Error: Not Found for url: https://m.thepaper.cn/rss_newsDetail.jsp
  ❌ 获取失败
----------------------------------------
📊 总计: 4 篇文章 (去重后)
✅ 新增 0 篇，总计 6 篇
💾 已保存到: /Users/qitmac001395/workspace/QAL/ideas/apps/daily-podcast-ai/cache/2026-02-15-news.json
⏰ [06:07] 开始收集新闻...
📂 当前缓存: 6 篇
🚀 开始获取新闻，共 4 个源
----------------------------------------
📰 获取 36氪 ...
  ✅ 获取 4 篇文章
📰 获取 少数派 ...
  ✅ 获取 0 篇文章
📰 获取 虎嗅 ...
  ✅ 获取 0 篇文章
📰 获取 澎湃新闻 ...
  ❌ 请求失败 (尝试 1/3): 404 Client Error: Not Found for url: https://m.thepaper.cn/rss_newsDetail.jsp
  ❌ 请求失败 (尝试 2/3): 404 Client Error: Not Found for url: https://m.thepaper.cn/rss_newsDetail.jsp
  ❌ 请求失败 (尝试 3/3): 404 Client Error: Not Found for url: https://m.thepaper.cn/rss_newsDetail.jsp
  ❌ 获取失败
----------------------------------------
📊 总计: 4 篇文章 (去重后)
✅ 新增 0 篇，总计 6 篇
💾 已保存到: /Users/qitmac001395/workspace/QAL/ideas/apps/daily-podcast-ai/cache/2026-02-15-news.json
⏰ [00:13] 开始收集新闻...
📂 当前缓存: 0 篇
🚀 开始获取新闻，共 4 个源
----------------------------------------
📰 获取 36氪 ...
  ✅ 获取 6 篇文章
📰 获取 少数派 ...
  ✅ 获取 0 篇文章
📰 获取 虎嗅 ...
  ✅ 获取 1 篇文章
📰 获取 澎湃新闻 ...
  ❌ 请求失败 (尝试 1/3): 404 Client Error: Not Found for url: https://m.thepaper.cn/rss_newsDetail.jsp
  ❌ 请求失败 (尝试 2/3): 404 Client Error: Not Found for url: https://m.thepaper.cn/rss_newsDetail.jsp
  ❌ 请求失败 (尝试 3/3): 404 Client Error: Not Found for url: https://m.thepaper.cn/rss_newsDetail.jsp
  ❌ 获取失败
----------------------------------------
📊 总计: 7 篇文章 (去重后)
✅ 新增 7 篇，总计 7 篇
💾 已保存到: /Users/qitmac001395/workspace/QAL/ideas/apps/daily-podcast-ai/cache/2026-02-16-news.json
⏰ [01:00] 开始收集新闻...
📂 当前缓存: 7 篇
🚀 开始获取新闻，共 4 个源
----------------------------------------
📰 获取 36氪 ...
  ✅ 获取 6 篇文章
📰 获取 少数派 ...
  ✅ 获取 0 篇文章
📰 获取 虎嗅 ...
  ✅ 获取 1 篇文章
📰 获取 澎湃新闻 ...
  ❌ 请求失败 (尝试 1/3): 404 Client Error: Not Found for url: https://m.thepaper.cn/rss_newsDetail.jsp
  ❌ 请求失败 (尝试 2/3): 404 Client Error: Not Found for url: https://m.thepaper.cn/rss_newsDetail.jsp
  ❌ 请求失败 (尝试 3/3): 404 Client Error: Not Found for url: https://m.thepaper.cn/rss_newsDetail.jsp
  ❌ 获取失败
----------------------------------------
📊 总计: 7 篇文章 (去重后)
✅ 新增 0 篇，总计 7 篇
💾 已保存到: /Users/qitmac001395/workspace/QAL/ideas/apps/daily-podcast-ai/cache/2026-02-16-news.json
⏰ [03:07] 开始收集新闻...
📂 当前缓存: 7 篇
🚀 开始获取新闻，共 4 个源
----------------------------------------
📰 获取 36氪 ...
  ✅ 获取 4 篇文章
📰 获取 少数派 ...
  ✅ 获取 0 篇文章
📰 获取 虎嗅 ...
  ✅ 获取 1 篇文章
📰 获取 澎湃新闻 ...
  ❌ 请求失败 (尝试 1/3): 404 Client Error: Not Found for url: https://m.thepaper.cn/rss_newsDetail.jsp
  ❌ 请求失败 (尝试 2/3): 404 Client Error: Not Found for url: https://m.thepaper.cn/rss_newsDetail.jsp
  ❌ 请求失败 (尝试 3/3): 404 Client Error: Not Found for url: https://m.thepaper.cn/rss_newsDetail.jsp
  ❌ 获取失败
----------------------------------------
📊 总计: 5 篇文章 (去重后)
✅ 新增 0 篇，总计 7 篇
💾 已保存到: /Users/qitmac001395/workspace/QAL/ideas/apps/daily-podcast-ai/cache/2026-02-16-news.json
⏰ [04:01] 开始收集新闻...
📂 当前缓存: 7 篇
🚀 开始获取新闻，共 4 个源
----------------------------------------
📰 获取 36氪 ...
  ✅ 获取 4 篇文章
📰 获取 少数派 ...
  ✅ 获取 0 篇文章
📰 获取 虎嗅 ...
  ✅ 获取 1 篇文章
📰 获取 澎湃新闻 ...
  ❌ 请求失败 (尝试 1/3): 404 Client Error: Not Found for url: https://m.thepaper.cn/rss_newsDetail.jsp
  ❌ 请求失败 (尝试 2/3): 404 Client Error: Not Found for url: https://m.thepaper.cn/rss_newsDetail.jsp
  ❌ 请求失败 (尝试 3/3): 404 Client Error: Not Found for url: https://m.thepaper.cn/rss_newsDetail.jsp
  ❌ 获取失败
----------------------------------------
📊 总计: 5 篇文章 (去重后)
✅ 新增 0 篇，总计 7 篇
💾 已保存到: /Users/qitmac001395/workspace/QAL/ideas/apps/daily-podcast-ai/cache/2026-02-16-news.json
⏰ [05:08] 开始收集新闻...
📂 当前缓存: 7 篇
🚀 开始获取新闻，共 4 个源
----------------------------------------
📰 获取 36氪 ...
  ✅ 获取 4 篇文章
📰 获取 少数派 ...
  ✅ 获取 0 篇文章
📰 获取 虎嗅 ...
  ✅ 获取 1 篇文章
📰 获取 澎湃新闻 ...
  ❌ 请求失败 (尝试 1/3): 404 Client Error: Not Found for url: https://m.thepaper.cn/rss_newsDetail.jsp
  ❌ 请求失败 (尝试 2/3): 404 Client Error: Not Found for url: https://m.thepaper.cn/rss_newsDetail.jsp
  ❌ 请求失败 (尝试 3/3): 404 Client Error: Not Found for url: https://m.thepaper.cn/rss_newsDetail.jsp
  ❌ 获取失败
----------------------------------------
📊 总计: 5 篇文章 (去重后)
✅ 新增 0 篇，总计 7 篇
💾 已保存到: /Users/qitmac001395/workspace/QAL/ideas/apps/daily-podcast-ai/cache/2026-02-16-news.json
⏰ [06:10] 开始收集新闻...
📂 当前缓存: 7 篇
🚀 开始获取新闻，共 4 个源
----------------------------------------
📰 获取 36氪 ...
  ✅ 获取 4 篇文章
📰 获取 少数派 ...
  ✅ 获取 0 篇文章
📰 获取 虎嗅 ...
  ✅ 获取 1 篇文章
📰 获取 澎湃新闻 ...
  ❌ 请求失败 (尝试 1/3): 404 Client Error: Not Found for url: https://m.thepaper.cn/rss_newsDetail.jsp
  ❌ 请求失败 (尝试 2/3): 404 Client Error: Not Found for url: https://m.thepaper.cn/rss_newsDetail.jsp
  ❌ 请求失败 (尝试 3/3): 404 Client Error: Not Found for url: https://m.thepaper.cn/rss_newsDetail.jsp
  ❌ 获取失败
----------------------------------------
📊 总计: 5 篇文章 (去重后)
✅ 新增 0 篇，总计 7 篇
💾 已保存到: /Users/qitmac001395/workspace/QAL/ideas/apps/daily-podcast-ai/cache/2026-02-16-news.json
⏰ [00:00] 开始收集新闻...
📂 当前缓存: 0 篇
🚀 开始获取新闻，共 4 个源
----------------------------------------
📰 获取 36氪 ...
  ❌ 请求失败 (尝试 1/3): HTTPSConnectionPool(host='36kr.com', port=443): Max retries exceeded with url: /feed (Caused by NameResolutionError("HTTPSConnection(host='36kr.com', port=443): Failed to resolve '36kr.com' ([Errno 8] nodename nor servname provided, or not known)"))
  ❌ 请求失败 (尝试 2/3): HTTPSConnectionPool(host='36kr.com', port=443): Max retries exceeded with url: /feed (Caused by NameResolutionError("HTTPSConnection(host='36kr.com', port=443): Failed to resolve '36kr.com' ([Errno 8] nodename nor servname provided, or not known)"))
  ❌ 请求失败 (尝试 3/3): HTTPSConnectionPool(host='36kr.com', port=443): Max retries exceeded with url: /feed (Caused by NameResolutionError("HTTPSConnection(host='36kr.com', port=443): Failed to resolve '36kr.com' ([Errno 8] nodename nor servname provided, or not known)"))
  ❌ 获取失败
📰 获取 少数派 ...
  ✅ 获取 0 篇文章
📰 获取 虎嗅 ...
  ✅ 获取 0 篇文章
📰 获取 澎湃新闻 ...
  ❌ 请求失败 (尝试 1/3): 404 Client Error: Not Found for url: https://m.thepaper.cn/rss_newsDetail.jsp
  ❌ 请求失败 (尝试 2/3): 404 Client Error: Not Found for url: https://m.thepaper.cn/rss_newsDetail.jsp
  ❌ 请求失败 (尝试 3/3): 404 Client Error: Not Found for url: https://m.thepaper.cn/rss_newsDetail.jsp
  ❌ 获取失败
----------------------------------------
📊 总计: 0 篇文章 (去重后)
❌ 未获取到新闻
⏰ [01:00] 开始收集新闻...
📂 当前缓存: 0 篇
🚀 开始获取新闻，共 4 个源
----------------------------------------
📰 获取 36氪 ...
  ✅ 获取 3 篇文章
📰 获取 少数派 ...
  ✅ 获取 0 篇文章
📰 获取 虎嗅 ...
  ✅ 获取 0 篇文章
📰 获取 澎湃新闻 ...
  ❌ 请求失败 (尝试 1/3): 404 Client Error: Not Found for url: https://m.thepaper.cn/rss_newsDetail.jsp
  ❌ 请求失败 (尝试 2/3): 404 Client Error: Not Found for url: https://m.thepaper.cn/rss_newsDetail.jsp
  ❌ 请求失败 (尝试 3/3): 404 Client Error: Not Found for url: https://m.thepaper.cn/rss_newsDetail.jsp
  ❌ 获取失败
----------------------------------------
📊 总计: 3 篇文章 (去重后)
✅ 新增 3 篇，总计 3 篇
💾 已保存到: /Users/qitmac001395/workspace/QAL/ideas/apps/daily-podcast-ai/cache/2026-02-17-news.json
⏰ [02:00] 开始收集新闻...
📂 当前缓存: 3 篇
🚀 开始获取新闻，共 4 个源
----------------------------------------
📰 获取 36氪 ...
  ✅ 获取 3 篇文章
📰 获取 少数派 ...
  ✅ 获取 0 篇文章
📰 获取 虎嗅 ...
  ❌ 请求失败 (尝试 1/3): HTTPSConnectionPool(host='www.huxiu.com', port=443): Max retries exceeded with url: /rss/0.xml (Caused by NameResolutionError("HTTPSConnection(host='www.huxiu.com', port=443): Failed to resolve 'www.huxiu.com' ([Errno 8] nodename nor servname provided, or not known)"))
  ❌ 请求失败 (尝试 2/3): HTTPSConnectionPool(host='www.huxiu.com', port=443): Max retries exceeded with url: /rss/0.xml (Caused by NameResolutionError("HTTPSConnection(host='www.huxiu.com', port=443): Failed to resolve 'www.huxiu.com' ([Errno 8] nodename nor servname provided, or not known)"))
  ❌ 请求失败 (尝试 3/3): HTTPSConnectionPool(host='www.huxiu.com', port=443): Max retries exceeded with url: /rss/0.xml (Caused by NameResolutionError("HTTPSConnection(host='www.huxiu.com', port=443): Failed to resolve 'www.huxiu.com' ([Errno 8] nodename nor servname provided, or not known)"))
  ❌ 获取失败
📰 获取 澎湃新闻 ...
  ❌ 请求失败 (尝试 1/3): 404 Client Error: Not Found for url: https://m.thepaper.cn/rss_newsDetail.jsp
  ❌ 请求失败 (尝试 2/3): 404 Client Error: Not Found for url: https://m.thepaper.cn/rss_newsDetail.jsp
  ❌ 请求失败 (尝试 3/3): 404 Client Error: Not Found for url: https://m.thepaper.cn/rss_newsDetail.jsp
  ❌ 获取失败
----------------------------------------
📊 总计: 3 篇文章 (去重后)
✅ 新增 0 篇，总计 3 篇
💾 已保存到: /Users/qitmac001395/workspace/QAL/ideas/apps/daily-podcast-ai/cache/2026-02-17-news.json
⏰ [03:00] 开始收集新闻...
📂 当前缓存: 3 篇
🚀 开始获取新闻，共 4 个源
----------------------------------------
📰 获取 36氪 ...
  ✅ 获取 3 篇文章
📰 获取 少数派 ...
  ✅ 获取 0 篇文章
📰 获取 虎嗅 ...
  ✅ 获取 0 篇文章
📰 获取 澎湃新闻 ...
  ❌ 请求失败 (尝试 1/3): 404 Client Error: Not Found for url: https://m.thepaper.cn/rss_newsDetail.jsp
  ❌ 请求失败 (尝试 2/3): 404 Client Error: Not Found for url: https://m.thepaper.cn/rss_newsDetail.jsp
  ❌ 请求失败 (尝试 3/3): 404 Client Error: Not Found for url: https://m.thepaper.cn/rss_newsDetail.jsp
  ❌ 获取失败
----------------------------------------
📊 总计: 3 篇文章 (去重后)
✅ 新增 0 篇，总计 3 篇
💾 已保存到: /Users/qitmac001395/workspace/QAL/ideas/apps/daily-podcast-ai/cache/2026-02-17-news.json
⏰ [04:00] 开始收集新闻...
📂 当前缓存: 3 篇
🚀 开始获取新闻，共 4 个源
----------------------------------------
📰 获取 36氪 ...
  ✅ 获取 3 篇文章
📰 获取 少数派 ...
  ✅ 获取 0 篇文章
📰 获取 虎嗅 ...
  ✅ 获取 0 篇文章
📰 获取 澎湃新闻 ...
  ❌ 请求失败 (尝试 1/3): 404 Client Error: Not Found for url: https://m.thepaper.cn/rss_newsDetail.jsp
  ❌ 请求失败 (尝试 2/3): 404 Client Error: Not Found for url: https://m.thepaper.cn/rss_newsDetail.jsp
  ❌ 请求失败 (尝试 3/3): 404 Client Error: Not Found for url: https://m.thepaper.cn/rss_newsDetail.jsp
  ❌ 获取失败
----------------------------------------
📊 总计: 3 篇文章 (去重后)
✅ 新增 0 篇，总计 3 篇
💾 已保存到: /Users/qitmac001395/workspace/QAL/ideas/apps/daily-podcast-ai/cache/2026-02-17-news.json
⏰ [05:00] 开始收集新闻...
📂 当前缓存: 3 篇
🚀 开始获取新闻，共 4 个源
----------------------------------------
📰 获取 36氪 ...
  ✅ 获取 3 篇文章
📰 获取 少数派 ...
  ✅ 获取 0 篇文章
📰 获取 虎嗅 ...
  ❌ 请求失败 (尝试 1/3): HTTPSConnectionPool(host='www.huxiu.com', port=443): Max retries exceeded with url: /rss/0.xml (Caused by NameResolutionError("HTTPSConnection(host='www.huxiu.com', port=443): Failed to resolve 'www.huxiu.com' ([Errno 8] nodename nor servname provided, or not known)"))
  ❌ 请求失败 (尝试 2/3): HTTPSConnectionPool(host='www.huxiu.com', port=443): Max retries exceeded with url: /rss/0.xml (Caused by NameResolutionError("HTTPSConnection(host='www.huxiu.com', port=443): Failed to resolve 'www.huxiu.com' ([Errno 8] nodename nor servname provided, or not known)"))
  ❌ 请求失败 (尝试 3/3): HTTPSConnectionPool(host='www.huxiu.com', port=443): Max retries exceeded with url: /rss/0.xml (Caused by NameResolutionError("HTTPSConnection(host='www.huxiu.com', port=443): Failed to resolve 'www.huxiu.com' ([Errno 8] nodename nor servname provided, or not known)"))
  ❌ 获取失败
📰 获取 澎湃新闻 ...
  ❌ 请求失败 (尝试 1/3): 404 Client Error: Not Found for url: https://m.thepaper.cn/rss_newsDetail.jsp
  ❌ 请求失败 (尝试 2/3): 404 Client Error: Not Found for url: https://m.thepaper.cn/rss_newsDetail.jsp
  ❌ 请求失败 (尝试 3/3): 404 Client Error: Not Found for url: https://m.thepaper.cn/rss_newsDetail.jsp
  ❌ 获取失败
----------------------------------------
📊 总计: 3 篇文章 (去重后)
✅ 新增 0 篇，总计 3 篇
💾 已保存到: /Users/qitmac001395/workspace/QAL/ideas/apps/daily-podcast-ai/cache/2026-02-17-news.json
⏰ [06:00] 开始收集新闻...
📂 当前缓存: 3 篇
🚀 开始获取新闻，共 4 个源
----------------------------------------
📰 获取 36氪 ...
  ❌ 请求失败 (尝试 1/3): HTTPSConnectionPool(host='36kr.com', port=443): Max retries exceeded with url: /feed (Caused by NameResolutionError("HTTPSConnection(host='36kr.com', port=443): Failed to resolve '36kr.com' ([Errno 8] nodename nor servname provided, or not known)"))
  ❌ 请求失败 (尝试 2/3): HTTPSConnectionPool(host='36kr.com', port=443): Max retries exceeded with url: /feed (Caused by NameResolutionError("HTTPSConnection(host='36kr.com', port=443): Failed to resolve '36kr.com' ([Errno 8] nodename nor servname provided, or not known)"))
  ❌ 请求失败 (尝试 3/3): HTTPSConnectionPool(host='36kr.com', port=443): Max retries exceeded with url: /feed (Caused by NameResolutionError("HTTPSConnection(host='36kr.com', port=443): Failed to resolve '36kr.com' ([Errno 8] nodename nor servname provided, or not known)"))
  ❌ 获取失败
📰 获取 少数派 ...
  ✅ 获取 0 篇文章
📰 获取 虎嗅 ...
  ✅ 获取 0 篇文章
📰 获取 澎湃新闻 ...
  ❌ 请求失败 (尝试 1/3): 404 Client Error: Not Found for url: https://m.thepaper.cn/rss_newsDetail.jsp
  ❌ 请求失败 (尝试 2/3): 404 Client Error: Not Found for url: https://m.thepaper.cn/rss_newsDetail.jsp
  ❌ 请求失败 (尝试 3/3): 404 Client Error: Not Found for url: https://m.thepaper.cn/rss_newsDetail.jsp
  ❌ 获取失败
----------------------------------------
📊 总计: 0 篇文章 (去重后)
❌ 未获取到新闻
⏰ [00:00] 开始收集新闻...
📂 当前缓存: 0 篇
🚀 开始获取新闻，共 4 个源
----------------------------------------
📰 获取 36氪 ...
  ✅ 获取 6 篇文章
📰 获取 少数派 ...
  ✅ 获取 0 篇文章
📰 获取 虎嗅 ...
  ✅ 获取 0 篇文章
📰 获取 澎湃新闻 ...
  ❌ 请求失败 (尝试 1/3): 404 Client Error: Not Found for url: https://m.thepaper.cn/rss_newsDetail.jsp
  ❌ 请求失败 (尝试 2/3): 404 Client Error: Not Found for url: https://m.thepaper.cn/rss_newsDetail.jsp
  ❌ 请求失败 (尝试 3/3): 404 Client Error: Not Found for url: https://m.thepaper.cn/rss_newsDetail.jsp
  ❌ 获取失败
----------------------------------------
📊 总计: 6 篇文章 (去重后)
✅ 新增 6 篇，总计 6 篇
💾 已保存到: /Users/qitmac001395/workspace/QAL/ideas/apps/daily-podcast-ai/cache/2026-02-18-news.json
⏰ [01:00] 开始收集新闻...
📂 当前缓存: 6 篇
🚀 开始获取新闻，共 4 个源
----------------------------------------
📰 获取 36氪 ...
  ✅ 获取 6 篇文章
📰 获取 少数派 ...
  ✅ 获取 0 篇文章
📰 获取 虎嗅 ...
  ✅ 获取 0 篇文章
📰 获取 澎湃新闻 ...
  ❌ 请求失败 (尝试 1/3): 404 Client Error: Not Found for url: https://m.thepaper.cn/rss_newsDetail.jsp
  ❌ 请求失败 (尝试 2/3): 404 Client Error: Not Found for url: https://m.thepaper.cn/rss_newsDetail.jsp
  ❌ 请求失败 (尝试 3/3): 404 Client Error: Not Found for url: https://m.thepaper.cn/rss_newsDetail.jsp
  ❌ 获取失败
----------------------------------------
📊 总计: 6 篇文章 (去重后)
✅ 新增 0 篇，总计 6 篇
💾 已保存到: /Users/qitmac001395/workspace/QAL/ideas/apps/daily-podcast-ai/cache/2026-02-18-news.json
⏰ [02:02] 开始收集新闻...
📂 当前缓存: 6 篇
🚀 开始获取新闻，共 4 个源
----------------------------------------
📰 获取 36氪 ...
  ❌ 请求失败 (尝试 1/3): HTTPSConnectionPool(host='36kr.com', port=443): Max retries exceeded with url: /feed (Caused by NameResolutionError("HTTPSConnection(host='36kr.com', port=443): Failed to resolve '36kr.com' ([Errno 8] nodename nor servname provided, or not known)"))
  ❌ 请求失败 (尝试 2/3): HTTPSConnectionPool(host='36kr.com', port=443): Max retries exceeded with url: /feed (Caused by NameResolutionError("HTTPSConnection(host='36kr.com', port=443): Failed to resolve '36kr.com' ([Errno 8] nodename nor servname provided, or not known)"))
  ❌ 请求失败 (尝试 3/3): HTTPSConnectionPool(host='36kr.com', port=443): Max retries exceeded with url: /feed (Caused by NameResolutionError("HTTPSConnection(host='36kr.com', port=443): Failed to resolve '36kr.com' ([Errno 8] nodename nor servname provided, or not known)"))
  ❌ 获取失败
📰 获取 少数派 ...
  ✅ 获取 0 篇文章
📰 获取 虎嗅 ...
  ✅ 获取 0 篇文章
📰 获取 澎湃新闻 ...
  ❌ 请求失败 (尝试 1/3): 404 Client Error: Not Found for url: https://m.thepaper.cn/rss_newsDetail.jsp
  ❌ 请求失败 (尝试 2/3): 404 Client Error: Not Found for url: https://m.thepaper.cn/rss_newsDetail.jsp
  ❌ 请求失败 (尝试 3/3): 404 Client Error: Not Found for url: https://m.thepaper.cn/rss_newsDetail.jsp
  ❌ 获取失败
----------------------------------------
📊 总计: 0 篇文章 (去重后)
❌ 未获取到新闻
⏰ [03:00] 开始收集新闻...
📂 当前缓存: 6 篇
🚀 开始获取新闻，共 4 个源
----------------------------------------
📰 获取 36氪 ...
  ✅ 获取 6 篇文章
📰 获取 少数派 ...
  ✅ 获取 0 篇文章
📰 获取 虎嗅 ...
  ✅ 获取 0 篇文章
📰 获取 澎湃新闻 ...
  ❌ 请求失败 (尝试 1/3): 404 Client Error: Not Found for url: https://m.thepaper.cn/rss_newsDetail.jsp
  ❌ 请求失败 (尝试 2/3): 404 Client Error: Not Found for url: https://m.thepaper.cn/rss_newsDetail.jsp
  ❌ 请求失败 (尝试 3/3): 404 Client Error: Not Found for url: https://m.thepaper.cn/rss_newsDetail.jsp
  ❌ 获取失败
----------------------------------------
📊 总计: 6 篇文章 (去重后)
✅ 新增 0 篇，总计 6 篇
💾 已保存到: /Users/qitmac001395/workspace/QAL/ideas/apps/daily-podcast-ai/cache/2026-02-18-news.json
⏰ [04:12] 开始收集新闻...
📂 当前缓存: 6 篇
🚀 开始获取新闻，共 4 个源
----------------------------------------
📰 获取 36氪 ...
  ✅ 获取 6 篇文章
📰 获取 少数派 ...
  ✅ 获取 0 篇文章
📰 获取 虎嗅 ...
  ✅ 获取 0 篇文章
📰 获取 澎湃新闻 ...
  ❌ 请求失败 (尝试 1/3): 404 Client Error: Not Found for url: https://m.thepaper.cn/rss_newsDetail.jsp
  ❌ 请求失败 (尝试 2/3): 404 Client Error: Not Found for url: https://m.thepaper.cn/rss_newsDetail.jsp
  ❌ 请求失败 (尝试 3/3): 404 Client Error: Not Found for url: https://m.thepaper.cn/rss_newsDetail.jsp
  ❌ 获取失败
----------------------------------------
📊 总计: 6 篇文章 (去重后)
✅ 新增 0 篇，总计 6 篇
💾 已保存到: /Users/qitmac001395/workspace/QAL/ideas/apps/daily-podcast-ai/cache/2026-02-18-news.json
⏰ [05:00] 开始收集新闻...
📂 当前缓存: 6 篇
🚀 开始获取新闻，共 4 个源
----------------------------------------
📰 获取 36氪 ...
  ✅ 获取 6 篇文章
📰 获取 少数派 ...
  ✅ 获取 0 篇文章
📰 获取 虎嗅 ...
  ✅ 获取 0 篇文章
📰 获取 澎湃新闻 ...
  ❌ 请求失败 (尝试 1/3): 404 Client Error: Not Found for url: https://m.thepaper.cn/rss_newsDetail.jsp
  ❌ 请求失败 (尝试 2/3): 404 Client Error: Not Found for url: https://m.thepaper.cn/rss_newsDetail.jsp
  ❌ 请求失败 (尝试 3/3): 404 Client Error: Not Found for url: https://m.thepaper.cn/rss_newsDetail.jsp
  ❌ 获取失败
----------------------------------------
📊 总计: 6 篇文章 (去重后)
✅ 新增 0 篇，总计 6 篇
💾 已保存到: /Users/qitmac001395/workspace/QAL/ideas/apps/daily-podcast-ai/cache/2026-02-18-news.json
⏰ [06:00] 开始收集新闻...
📂 当前缓存: 6 篇
🚀 开始获取新闻，共 4 个源
----------------------------------------
📰 获取 36氪 ...
  ✅ 获取 6 篇文章
📰 获取 少数派 ...
  ✅ 获取 0 篇文章
📰 获取 虎嗅 ...
  ✅ 获取 0 篇文章
📰 获取 澎湃新闻 ...
  ❌ 请求失败 (尝试 1/3): 404 Client Error: Not Found for url: https://m.thepaper.cn/rss_newsDetail.jsp
  ❌ 请求失败 (尝试 2/3): 404 Client Error: Not Found for url: https://m.thepaper.cn/rss_newsDetail.jsp
  ❌ 请求失败 (尝试 3/3): 404 Client Error: Not Found for url: https://m.thepaper.cn/rss_newsDetail.jsp
  ❌ 获取失败
----------------------------------------
📊 总计: 6 篇文章 (去重后)
✅ 新增 0 篇，总计 6 篇
💾 已保存到: /Users/qitmac001395/workspace/QAL/ideas/apps/daily-podcast-ai/cache/2026-02-18-news.json
⏰ [00:00] 开始收集新闻...
📂 当前缓存: 0 篇
🚀 开始获取新闻，共 4 个源
----------------------------------------
📰 获取 36氪 ...
  ✅ 获取 4 篇文章
📰 获取 少数派 ...
  ❌ 请求失败 (尝试 1/3): HTTPSConnectionPool(host='sspai.com', port=443): Max retries exceeded with url: /feed (Caused by NameResolutionError("HTTPSConnection(host='sspai.com', port=443): Failed to resolve 'sspai.com' ([Errno 8] nodename nor servname provided, or not known)"))
  ❌ 请求失败 (尝试 2/3): HTTPSConnectionPool(host='sspai.com', port=443): Max retries exceeded with url: /feed (Caused by NameResolutionError("HTTPSConnection(host='sspai.com', port=443): Failed to resolve 'sspai.com' ([Errno 8] nodename nor servname provided, or not known)"))
  ❌ 请求失败 (尝试 3/3): HTTPSConnectionPool(host='sspai.com', port=443): Max retries exceeded with url: /feed (Caused by NameResolutionError("HTTPSConnection(host='sspai.com', port=443): Failed to resolve 'sspai.com' ([Errno 8] nodename nor servname provided, or not known)"))
  ❌ 获取失败
📰 获取 虎嗅 ...
  ✅ 获取 0 篇文章
📰 获取 澎湃新闻 ...
  ❌ 请求失败 (尝试 1/3): 404 Client Error: Not Found for url: https://m.thepaper.cn/rss_newsDetail.jsp
  ❌ 请求失败 (尝试 2/3): 404 Client Error: Not Found for url: https://m.thepaper.cn/rss_newsDetail.jsp
  ❌ 请求失败 (尝试 3/3): 404 Client Error: Not Found for url: https://m.thepaper.cn/rss_newsDetail.jsp
  ❌ 获取失败
----------------------------------------
📊 总计: 4 篇文章 (去重后)
✅ 新增 4 篇，总计 4 篇
💾 已保存到: /Users/qitmac001395/workspace/QAL/ideas/apps/daily-podcast-ai/cache/2026-02-19-news.json
⏰ [01:00] 开始收集新闻...
📂 当前缓存: 4 篇
🚀 开始获取新闻，共 4 个源
----------------------------------------
📰 获取 36氪 ...
  ✅ 获取 4 篇文章
📰 获取 少数派 ...
  ✅ 获取 0 篇文章
📰 获取 虎嗅 ...
  ✅ 获取 0 篇文章
📰 获取 澎湃新闻 ...
  ❌ 请求失败 (尝试 1/3): 404 Client Error: Not Found for url: https://m.thepaper.cn/rss_newsDetail.jsp
  ❌ 请求失败 (尝试 2/3): 404 Client Error: Not Found for url: https://m.thepaper.cn/rss_newsDetail.jsp
  ❌ 请求失败 (尝试 3/3): 404 Client Error: Not Found for url: https://m.thepaper.cn/rss_newsDetail.jsp
  ❌ 获取失败
----------------------------------------
📊 总计: 4 篇文章 (去重后)
✅ 新增 0 篇，总计 4 篇
💾 已保存到: /Users/qitmac001395/workspace/QAL/ideas/apps/daily-podcast-ai/cache/2026-02-19-news.json
⏰ [02:00] 开始收集新闻...
📂 当前缓存: 4 篇
🚀 开始获取新闻，共 4 个源
----------------------------------------
📰 获取 36氪 ...
  ✅ 获取 3 篇文章
📰 获取 少数派 ...
  ✅ 获取 0 篇文章
📰 获取 虎嗅 ...
  ✅ 获取 0 篇文章
📰 获取 澎湃新闻 ...
  ❌ 请求失败 (尝试 1/3): 404 Client Error: Not Found for url: https://m.thepaper.cn/rss_newsDetail.jsp
  ❌ 请求失败 (尝试 2/3): 404 Client Error: Not Found for url: https://m.thepaper.cn/rss_newsDetail.jsp
  ❌ 请求失败 (尝试 3/3): 404 Client Error: Not Found for url: https://m.thepaper.cn/rss_newsDetail.jsp
  ❌ 获取失败
----------------------------------------
📊 总计: 3 篇文章 (去重后)
✅ 新增 0 篇，总计 4 篇
💾 已保存到: /Users/qitmac001395/workspace/QAL/ideas/apps/daily-podcast-ai/cache/2026-02-19-news.json
⏰ [03:00] 开始收集新闻...
📂 当前缓存: 4 篇
🚀 开始获取新闻，共 4 个源
----------------------------------------
📰 获取 36氪 ...
  ✅ 获取 3 篇文章
📰 获取 少数派 ...
  ❌ 请求失败 (尝试 1/3): HTTPSConnectionPool(host='sspai.com', port=443): Max retries exceeded with url: /feed (Caused by NameResolutionError("HTTPSConnection(host='sspai.com', port=443): Failed to resolve 'sspai.com' ([Errno 8] nodename nor servname provided, or not known)"))
  ❌ 请求失败 (尝试 2/3): HTTPSConnectionPool(host='sspai.com', port=443): Max retries exceeded with url: /feed (Caused by NameResolutionError("HTTPSConnection(host='sspai.com', port=443): Failed to resolve 'sspai.com' ([Errno 8] nodename nor servname provided, or not known)"))
  ❌ 请求失败 (尝试 3/3): HTTPSConnectionPool(host='sspai.com', port=443): Max retries exceeded with url: /feed (Caused by NameResolutionError("HTTPSConnection(host='sspai.com', port=443): Failed to resolve 'sspai.com' ([Errno 8] nodename nor servname provided, or not known)"))
  ❌ 获取失败
📰 获取 虎嗅 ...
  ✅ 获取 0 篇文章
📰 获取 澎湃新闻 ...
  ❌ 请求失败 (尝试 1/3): 404 Client Error: Not Found for url: https://m.thepaper.cn/rss_newsDetail.jsp
  ❌ 请求失败 (尝试 2/3): 404 Client Error: Not Found for url: https://m.thepaper.cn/rss_newsDetail.jsp
  ❌ 请求失败 (尝试 3/3): 404 Client Error: Not Found for url: https://m.thepaper.cn/rss_newsDetail.jsp
  ❌ 获取失败
----------------------------------------
📊 总计: 3 篇文章 (去重后)
✅ 新增 0 篇，总计 4 篇
💾 已保存到: /Users/qitmac001395/workspace/QAL/ideas/apps/daily-podcast-ai/cache/2026-02-19-news.json
⏰ [04:09] 开始收集新闻...
📂 当前缓存: 4 篇
🚀 开始获取新闻，共 4 个源
----------------------------------------
📰 获取 36氪 ...
  ✅ 获取 3 篇文章
📰 获取 少数派 ...
  ✅ 获取 0 篇文章
📰 获取 虎嗅 ...
  ✅ 获取 0 篇文章
📰 获取 澎湃新闻 ...
  ❌ 请求失败 (尝试 1/3): 404 Client Error: Not Found for url: https://m.thepaper.cn/rss_newsDetail.jsp
  ❌ 请求失败 (尝试 2/3): 404 Client Error: Not Found for url: https://m.thepaper.cn/rss_newsDetail.jsp
  ❌ 请求失败 (尝试 3/3): 404 Client Error: Not Found for url: https://m.thepaper.cn/rss_newsDetail.jsp
  ❌ 获取失败
----------------------------------------
📊 总计: 3 篇文章 (去重后)
✅ 新增 0 篇，总计 4 篇
💾 已保存到: /Users/qitmac001395/workspace/QAL/ideas/apps/daily-podcast-ai/cache/2026-02-19-news.json
⏰ [05:00] 开始收集新闻...
📂 当前缓存: 4 篇
🚀 开始获取新闻，共 4 个源
----------------------------------------
📰 获取 36氪 ...
  ✅ 获取 3 篇文章
📰 获取 少数派 ...
  ✅ 获取 0 篇文章
📰 获取 虎嗅 ...
  ✅ 获取 0 篇文章
📰 获取 澎湃新闻 ...
  ❌ 请求失败 (尝试 1/3): 404 Client Error: Not Found for url: https://m.thepaper.cn/rss_newsDetail.jsp
  ❌ 请求失败 (尝试 2/3): 404 Client Error: Not Found for url: https://m.thepaper.cn/rss_newsDetail.jsp
  ❌ 请求失败 (尝试 3/3): 404 Client Error: Not Found for url: https://m.thepaper.cn/rss_newsDetail.jsp
  ❌ 获取失败
----------------------------------------
📊 总计: 3 篇文章 (去重后)
✅ 新增 0 篇，总计 4 篇
💾 已保存到: /Users/qitmac001395/workspace/QAL/ideas/apps/daily-podcast-ai/cache/2026-02-19-news.json
⏰ [06:00] 开始收集新闻...
📂 当前缓存: 4 篇
🚀 开始获取新闻，共 4 个源
----------------------------------------
📰 获取 36氪 ...
  ✅ 获取 3 篇文章
📰 获取 少数派 ...
  ✅ 获取 0 篇文章
📰 获取 虎嗅 ...
  ✅ 获取 0 篇文章
📰 获取 澎湃新闻 ...
  ❌ 请求失败 (尝试 1/3): 404 Client Error: Not Found for url: https://m.thepaper.cn/rss_newsDetail.jsp
  ❌ 请求失败 (尝试 2/3): 404 Client Error: Not Found for url: https://m.thepaper.cn/rss_newsDetail.jsp
  ❌ 请求失败 (尝试 3/3): 404 Client Error: Not Found for url: https://m.thepaper.cn/rss_newsDetail.jsp
  ❌ 获取失败
----------------------------------------
📊 总计: 3 篇文章 (去重后)
✅ 新增 0 篇，总计 4 篇
💾 已保存到: /Users/qitmac001395/workspace/QAL/ideas/apps/daily-podcast-ai/cache/2026-02-19-news.json
⏰ [00:06] 开始收集新闻...
📂 当前缓存: 0 篇
🚀 开始获取新闻，共 4 个源
----------------------------------------
📰 获取 36氪 ...
  ✅ 获取 1 篇文章
📰 获取 少数派 ...
  ✅ 获取 0 篇文章
📰 获取 虎嗅 ...
  ✅ 获取 0 篇文章
📰 获取 澎湃新闻 ...
  ❌ 请求失败 (尝试 1/3): 404 Client Error: Not Found for url: https://m.thepaper.cn/rss_newsDetail.jsp
  ❌ 请求失败 (尝试 2/3): 404 Client Error: Not Found for url: https://m.thepaper.cn/rss_newsDetail.jsp
  ❌ 请求失败 (尝试 3/3): 404 Client Error: Not Found for url: https://m.thepaper.cn/rss_newsDetail.jsp
  ❌ 获取失败
----------------------------------------
📊 总计: 1 篇文章 (去重后)
✅ 新增 1 篇，总计 1 篇
💾 已保存到: /Users/qitmac001395/workspace/QAL/ideas/apps/daily-podcast-ai/cache/2026-02-20-news.json
⏰ [01:00] 开始收集新闻...
📂 当前缓存: 1 篇
🚀 开始获取新闻，共 4 个源
----------------------------------------
📰 获取 36氪 ...
  ✅ 获取 1 篇文章
📰 获取 少数派 ...
  ✅ 获取 0 篇文章
📰 获取 虎嗅 ...
  ❌ 请求失败 (尝试 1/3): HTTPSConnectionPool(host='www.huxiu.com', port=443): Max retries exceeded with url: /rss/0.xml (Caused by NameResolutionError("HTTPSConnection(host='www.huxiu.com', port=443): Failed to resolve 'www.huxiu.com' ([Errno 8] nodename nor servname provided, or not known)"))
  ❌ 请求失败 (尝试 2/3): HTTPSConnectionPool(host='www.huxiu.com', port=443): Max retries exceeded with url: /rss/0.xml (Caused by NameResolutionError("HTTPSConnection(host='www.huxiu.com', port=443): Failed to resolve 'www.huxiu.com' ([Errno 8] nodename nor servname provided, or not known)"))
  ❌ 请求失败 (尝试 3/3): HTTPSConnectionPool(host='www.huxiu.com', port=443): Max retries exceeded with url: /rss/0.xml (Caused by NameResolutionError("HTTPSConnection(host='www.huxiu.com', port=443): Failed to resolve 'www.huxiu.com' ([Errno 8] nodename nor servname provided, or not known)"))
  ❌ 获取失败
📰 获取 澎湃新闻 ...
  ❌ 请求失败 (尝试 1/3): 404 Client Error: Not Found for url: https://m.thepaper.cn/rss_newsDetail.jsp
  ❌ 请求失败 (尝试 2/3): 404 Client Error: Not Found for url: https://m.thepaper.cn/rss_newsDetail.jsp
  ❌ 请求失败 (尝试 3/3): 404 Client Error: Not Found for url: https://m.thepaper.cn/rss_newsDetail.jsp
  ❌ 获取失败
----------------------------------------
📊 总计: 1 篇文章 (去重后)
✅ 新增 0 篇，总计 1 篇
💾 已保存到: /Users/qitmac001395/workspace/QAL/ideas/apps/daily-podcast-ai/cache/2026-02-20-news.json
⏰ [02:00] 开始收集新闻...
📂 当前缓存: 1 篇
🚀 开始获取新闻，共 4 个源
----------------------------------------
📰 获取 36氪 ...
  ✅ 获取 1 篇文章
📰 获取 少数派 ...
  ✅ 获取 0 篇文章
📰 获取 虎嗅 ...
  ✅ 获取 0 篇文章
📰 获取 澎湃新闻 ...
  ❌ 请求失败 (尝试 1/3): 404 Client Error: Not Found for url: https://m.thepaper.cn/rss_newsDetail.jsp
  ❌ 请求失败 (尝试 2/3): 404 Client Error: Not Found for url: https://m.thepaper.cn/rss_newsDetail.jsp
  ❌ 请求失败 (尝试 3/3): 404 Client Error: Not Found for url: https://m.thepaper.cn/rss_newsDetail.jsp
  ❌ 获取失败
----------------------------------------
📊 总计: 1 篇文章 (去重后)
✅ 新增 0 篇，总计 1 篇
💾 已保存到: /Users/qitmac001395/workspace/QAL/ideas/apps/daily-podcast-ai/cache/2026-02-20-news.json
⏰ [03:04] 开始收集新闻...
📂 当前缓存: 1 篇
🚀 开始获取新闻，共 4 个源
----------------------------------------
📰 获取 36氪 ...
  ✅ 获取 1 篇文章
📰 获取 少数派 ...
  ✅ 获取 0 篇文章
📰 获取 虎嗅 ...
  ❌ 请求失败 (尝试 1/3): HTTPSConnectionPool(host='www.huxiu.com', port=443): Max retries exceeded with url: /rss/0.xml (Caused by NameResolutionError("HTTPSConnection(host='www.huxiu.com', port=443): Failed to resolve 'www.huxiu.com' ([Errno 8] nodename nor servname provided, or not known)"))
  ✅ 获取 0 篇文章
📰 获取 澎湃新闻 ...
  ❌ 请求失败 (尝试 1/3): 404 Client Error: Not Found for url: https://m.thepaper.cn/rss_newsDetail.jsp
  ❌ 请求失败 (尝试 2/3): 404 Client Error: Not Found for url: https://m.thepaper.cn/rss_newsDetail.jsp
  ❌ 请求失败 (尝试 3/3): 404 Client Error: Not Found for url: https://m.thepaper.cn/rss_newsDetail.jsp
  ❌ 获取失败
----------------------------------------
📊 总计: 1 篇文章 (去重后)
✅ 新增 0 篇，总计 1 篇
💾 已保存到: /Users/qitmac001395/workspace/QAL/ideas/apps/daily-podcast-ai/cache/2026-02-20-news.json
⏰ [04:00] 开始收集新闻...
📂 当前缓存: 1 篇
🚀 开始获取新闻，共 4 个源
----------------------------------------
📰 获取 36氪 ...
  ✅ 获取 1 篇文章
📰 获取 少数派 ...
  ✅ 获取 0 篇文章
📰 获取 虎嗅 ...
  ✅ 获取 0 篇文章
📰 获取 澎湃新闻 ...
  ❌ 请求失败 (尝试 1/3): 404 Client Error: Not Found for url: https://m.thepaper.cn/rss_newsDetail.jsp
  ❌ 请求失败 (尝试 2/3): 404 Client Error: Not Found for url: https://m.thepaper.cn/rss_newsDetail.jsp
  ❌ 请求失败 (尝试 3/3): 404 Client Error: Not Found for url: https://m.thepaper.cn/rss_newsDetail.jsp
  ❌ 获取失败
----------------------------------------
📊 总计: 1 篇文章 (去重后)
✅ 新增 0 篇，总计 1 篇
💾 已保存到: /Users/qitmac001395/workspace/QAL/ideas/apps/daily-podcast-ai/cache/2026-02-20-news.json
⏰ [05:00] 开始收集新闻...
📂 当前缓存: 1 篇
🚀 开始获取新闻，共 4 个源
----------------------------------------
📰 获取 36氪 ...
  ✅ 获取 1 篇文章
📰 获取 少数派 ...
  ✅ 获取 0 篇文章
📰 获取 虎嗅 ...
  ❌ 请求失败 (尝试 1/3): HTTPSConnectionPool(host='www.huxiu.com', port=443): Max retries exceeded with url: /rss/0.xml (Caused by NameResolutionError("HTTPSConnection(host='www.huxiu.com', port=443): Failed to resolve 'www.huxiu.com' ([Errno 8] nodename nor servname provided, or not known)"))
  ❌ 请求失败 (尝试 2/3): HTTPSConnectionPool(host='www.huxiu.com', port=443): Max retries exceeded with url: /rss/0.xml (Caused by NameResolutionError("HTTPSConnection(host='www.huxiu.com', port=443): Failed to resolve 'www.huxiu.com' ([Errno 8] nodename nor servname provided, or not known)"))
  ❌ 请求失败 (尝试 3/3): HTTPSConnectionPool(host='www.huxiu.com', port=443): Max retries exceeded with url: /rss/0.xml (Caused by NameResolutionError("HTTPSConnection(host='www.huxiu.com', port=443): Failed to resolve 'www.huxiu.com' ([Errno 8] nodename nor servname provided, or not known)"))
  ❌ 获取失败
📰 获取 澎湃新闻 ...
  ❌ 请求失败 (尝试 1/3): 404 Client Error: Not Found for url: https://m.thepaper.cn/rss_newsDetail.jsp
  ❌ 请求失败 (尝试 2/3): 404 Client Error: Not Found for url: https://m.thepaper.cn/rss_newsDetail.jsp
  ❌ 请求失败 (尝试 3/3): 404 Client Error: Not Found for url: https://m.thepaper.cn/rss_newsDetail.jsp
  ❌ 获取失败
----------------------------------------
📊 总计: 1 篇文章 (去重后)
✅ 新增 0 篇，总计 1 篇
💾 已保存到: /Users/qitmac001395/workspace/QAL/ideas/apps/daily-podcast-ai/cache/2026-02-20-news.json
⏰ [06:00] 开始收集新闻...
📂 当前缓存: 1 篇
🚀 开始获取新闻，共 4 个源
----------------------------------------
📰 获取 36氪 ...
  ✅ 获取 1 篇文章
📰 获取 少数派 ...
  ✅ 获取 0 篇文章
📰 获取 虎嗅 ...
  ❌ 请求失败 (尝试 1/3): HTTPSConnectionPool(host='www.huxiu.com', port=443): Max retries exceeded with url: /rss/0.xml (Caused by NameResolutionError("HTTPSConnection(host='www.huxiu.com', port=443): Failed to resolve 'www.huxiu.com' ([Errno 8] nodename nor servname provided, or not known)"))
  ❌ 请求失败 (尝试 2/3): HTTPSConnectionPool(host='www.huxiu.com', port=443): Max retries exceeded with url: /rss/0.xml (Caused by NameResolutionError("HTTPSConnection(host='www.huxiu.com', port=443): Failed to resolve 'www.huxiu.com' ([Errno 8] nodename nor servname provided, or not known)"))
  ❌ 请求失败 (尝试 3/3): HTTPSConnectionPool(host='www.huxiu.com', port=443): Max retries exceeded with url: /rss/0.xml (Caused by NameResolutionError("HTTPSConnection(host='www.huxiu.com', port=443): Failed to resolve 'www.huxiu.com' ([Errno 8] nodename nor servname provided, or not known)"))
  ❌ 获取失败
📰 获取 澎湃新闻 ...
  ❌ 请求失败 (尝试 1/3): 404 Client Error: Not Found for url: https://m.thepaper.cn/rss_newsDetail.jsp
  ❌ 请求失败 (尝试 2/3): 404 Client Error: Not Found for url: https://m.thepaper.cn/rss_newsDetail.jsp
  ❌ 请求失败 (尝试 3/3): 404 Client Error: Not Found for url: https://m.thepaper.cn/rss_newsDetail.jsp
  ❌ 获取失败
----------------------------------------
📊 总计: 1 篇文章 (去重后)
✅ 新增 0 篇，总计 1 篇
💾 已保存到: /Users/qitmac001395/workspace/QAL/ideas/apps/daily-podcast-ai/cache/2026-02-20-news.json
⏰ [00:11] 开始收集新闻...
📂 当前缓存: 0 篇
🚀 开始获取新闻，共 4 个源
----------------------------------------
📰 获取 36氪 ...
  ❌ 请求失败 (尝试 1/3): HTTPSConnectionPool(host='36kr.com', port=443): Max retries exceeded with url: /feed (Caused by NameResolutionError("HTTPSConnection(host='36kr.com', port=443): Failed to resolve '36kr.com' ([Errno 8] nodename nor servname provided, or not known)"))
  ❌ 请求失败 (尝试 2/3): HTTPSConnectionPool(host='36kr.com', port=443): Max retries exceeded with url: /feed (Caused by NameResolutionError("HTTPSConnection(host='36kr.com', port=443): Failed to resolve '36kr.com' ([Errno 8] nodename nor servname provided, or not known)"))
  ❌ 请求失败 (尝试 3/3): HTTPSConnectionPool(host='36kr.com', port=443): Max retries exceeded with url: /feed (Caused by NameResolutionError("HTTPSConnection(host='36kr.com', port=443): Failed to resolve '36kr.com' ([Errno 8] nodename nor servname provided, or not known)"))
  ❌ 获取失败
📰 获取 少数派 ...
  ❌ 请求失败 (尝试 1/3): HTTPSConnectionPool(host='sspai.com', port=443): Max retries exceeded with url: /feed (Caused by NameResolutionError("HTTPSConnection(host='sspai.com', port=443): Failed to resolve 'sspai.com' ([Errno 8] nodename nor servname provided, or not known)"))
  ❌ 请求失败 (尝试 2/3): HTTPSConnectionPool(host='sspai.com', port=443): Max retries exceeded with url: /feed (Caused by NameResolutionError("HTTPSConnection(host='sspai.com', port=443): Failed to resolve 'sspai.com' ([Errno 8] nodename nor servname provided, or not known)"))
  ❌ 请求失败 (尝试 3/3): HTTPSConnectionPool(host='sspai.com', port=443): Max retries exceeded with url: /feed (Caused by NameResolutionError("HTTPSConnection(host='sspai.com', port=443): Failed to resolve 'sspai.com' ([Errno 8] nodename nor servname provided, or not known)"))
  ❌ 获取失败
📰 获取 虎嗅 ...
  ❌ 请求失败 (尝试 1/3): HTTPSConnectionPool(host='www.huxiu.com', port=443): Max retries exceeded with url: /rss/0.xml (Caused by NameResolutionError("HTTPSConnection(host='www.huxiu.com', port=443): Failed to resolve 'www.huxiu.com' ([Errno 8] nodename nor servname provided, or not known)"))
  ❌ 请求失败 (尝试 2/3): HTTPSConnectionPool(host='www.huxiu.com', port=443): Max retries exceeded with url: /rss/0.xml (Caused by NameResolutionError("HTTPSConnection(host='www.huxiu.com', port=443): Failed to resolve 'www.huxiu.com' ([Errno 8] nodename nor servname provided, or not known)"))
  ✅ 获取 0 篇文章
📰 获取 澎湃新闻 ...
  ❌ 请求失败 (尝试 1/3): 404 Client Error: Not Found for url: https://m.thepaper.cn/rss_newsDetail.jsp
  ❌ 请求失败 (尝试 2/3): 404 Client Error: Not Found for url: https://m.thepaper.cn/rss_newsDetail.jsp
  ❌ 请求失败 (尝试 3/3): 404 Client Error: Not Found for url: https://m.thepaper.cn/rss_newsDetail.jsp
  ❌ 获取失败
----------------------------------------
📊 总计: 0 篇文章 (去重后)
❌ 未获取到新闻
⏰ [04:09] 开始收集新闻...
📂 当前缓存: 0 篇
🚀 开始获取新闻，共 4 个源
----------------------------------------
📰 获取 36氪 ...
  ✅ 获取 4 篇文章
📰 获取 少数派 ...
  ❌ 请求失败 (尝试 1/3): HTTPSConnectionPool(host='sspai.com', port=443): Max retries exceeded with url: /feed (Caused by NameResolutionError("HTTPSConnection(host='sspai.com', port=443): Failed to resolve 'sspai.com' ([Errno 8] nodename nor servname provided, or not known)"))
  ✅ 获取 0 篇文章
📰 获取 虎嗅 ...
  ✅ 获取 0 篇文章
📰 获取 澎湃新闻 ...
  ❌ 请求失败 (尝试 1/3): HTTPSConnectionPool(host='m.thepaper.cn', port=443): Read timed out. (read timeout=30)
  ❌ 请求失败 (尝试 2/3): 404 Client Error: Not Found for url: https://m.thepaper.cn/rss_newsDetail.jsp
  ❌ 请求失败 (尝试 3/3): 404 Client Error: Not Found for url: https://m.thepaper.cn/rss_newsDetail.jsp
  ❌ 获取失败
----------------------------------------
📊 总计: 4 篇文章 (去重后)
✅ 新增 4 篇，总计 4 篇
💾 已保存到: /Users/qitmac001395/workspace/QAL/ideas/apps/daily-podcast-ai/cache/2026-02-21-news.json
⏰ [06:11] 开始收集新闻...
📂 当前缓存: 4 篇
🚀 开始获取新闻，共 4 个源
----------------------------------------
📰 获取 36氪 ...
  ✅ 获取 4 篇文章
📰 获取 少数派 ...
  ✅ 获取 0 篇文章
📰 获取 虎嗅 ...
  ✅ 获取 0 篇文章
📰 获取 澎湃新闻 ...
  ❌ 请求失败 (尝试 1/3): 404 Client Error: Not Found for url: https://m.thepaper.cn/rss_newsDetail.jsp
  ❌ 请求失败 (尝试 2/3): 404 Client Error: Not Found for url: https://m.thepaper.cn/rss_newsDetail.jsp
  ❌ 请求失败 (尝试 3/3): 404 Client Error: Not Found for url: https://m.thepaper.cn/rss_newsDetail.jsp
  ❌ 获取失败
----------------------------------------
📊 总计: 4 篇文章 (去重后)
✅ 新增 0 篇，总计 4 篇
💾 已保存到: /Users/qitmac001395/workspace/QAL/ideas/apps/daily-podcast-ai/cache/2026-02-21-news.json
⏰ [00:00] 开始收集新闻...
📂 当前缓存: 0 篇
🚀 开始获取新闻，共 4 个源
----------------------------------------
📰 获取 36氪 ...
  ✅ 获取 3 篇文章
📰 获取 少数派 ...
  ✅ 获取 1 篇文章
📰 获取 虎嗅 ...
  ✅ 获取 0 篇文章
📰 获取 澎湃新闻 ...
  ❌ 请求失败 (尝试 1/3): 404 Client Error: Not Found for url: https://m.thepaper.cn/rss_newsDetail.jsp
  ❌ 请求失败 (尝试 2/3): 404 Client Error: Not Found for url: https://m.thepaper.cn/rss_newsDetail.jsp
  ❌ 请求失败 (尝试 3/3): 404 Client Error: Not Found for url: https://m.thepaper.cn/rss_newsDetail.jsp
  ❌ 获取失败
----------------------------------------
📊 总计: 4 篇文章 (去重后)
✅ 新增 4 篇，总计 4 篇
💾 已保存到: /Users/qitmac001395/workspace/QAL/ideas/apps/daily-podcast-ai/cache/2026-02-22-news.json
⏰ [01:00] 开始收集新闻...
📂 当前缓存: 4 篇
🚀 开始获取新闻，共 4 个源
----------------------------------------
📰 获取 36氪 ...
  ✅ 获取 3 篇文章
📰 获取 少数派 ...
  ✅ 获取 1 篇文章
📰 获取 虎嗅 ...
  ✅ 获取 0 篇文章
📰 获取 澎湃新闻 ...
  ❌ 请求失败 (尝试 1/3): 404 Client Error: Not Found for url: https://m.thepaper.cn/rss_newsDetail.jsp
  ❌ 请求失败 (尝试 2/3): 404 Client Error: Not Found for url: https://m.thepaper.cn/rss_newsDetail.jsp
  ❌ 请求失败 (尝试 3/3): 404 Client Error: Not Found for url: https://m.thepaper.cn/rss_newsDetail.jsp
  ❌ 获取失败
----------------------------------------
📊 总计: 4 篇文章 (去重后)
✅ 新增 0 篇，总计 4 篇
💾 已保存到: /Users/qitmac001395/workspace/QAL/ideas/apps/daily-podcast-ai/cache/2026-02-22-news.json
⏰ [02:00] 开始收集新闻...
📂 当前缓存: 4 篇
🚀 开始获取新闻，共 4 个源
----------------------------------------
📰 获取 36氪 ...
  ✅ 获取 3 篇文章
📰 获取 少数派 ...
  ✅ 获取 1 篇文章
📰 获取 虎嗅 ...
  ✅ 获取 0 篇文章
📰 获取 澎湃新闻 ...
  ❌ 请求失败 (尝试 1/3): 404 Client Error: Not Found for url: https://m.thepaper.cn/rss_newsDetail.jsp
  ❌ 请求失败 (尝试 2/3): 404 Client Error: Not Found for url: https://m.thepaper.cn/rss_newsDetail.jsp
  ❌ 请求失败 (尝试 3/3): 404 Client Error: Not Found for url: https://m.thepaper.cn/rss_newsDetail.jsp
  ❌ 获取失败
----------------------------------------
📊 总计: 4 篇文章 (去重后)
✅ 新增 0 篇，总计 4 篇
💾 已保存到: /Users/qitmac001395/workspace/QAL/ideas/apps/daily-podcast-ai/cache/2026-02-22-news.json
⏰ [03:00] 开始收集新闻...
📂 当前缓存: 4 篇
🚀 开始获取新闻，共 4 个源
----------------------------------------
📰 获取 36氪 ...
  ✅ 获取 3 篇文章
📰 获取 少数派 ...
  ✅ 获取 0 篇文章
📰 获取 虎嗅 ...
  ✅ 获取 0 篇文章
📰 获取 澎湃新闻 ...
  ❌ 请求失败 (尝试 1/3): 404 Client Error: Not Found for url: https://m.thepaper.cn/rss_newsDetail.jsp
  ❌ 请求失败 (尝试 2/3): 404 Client Error: Not Found for url: https://m.thepaper.cn/rss_newsDetail.jsp
  ❌ 请求失败 (尝试 3/3): 404 Client Error: Not Found for url: https://m.thepaper.cn/rss_newsDetail.jsp
  ❌ 获取失败
----------------------------------------
📊 总计: 3 篇文章 (去重后)
✅ 新增 0 篇，总计 4 篇
💾 已保存到: /Users/qitmac001395/workspace/QAL/ideas/apps/daily-podcast-ai/cache/2026-02-22-news.json
⏰ [04:00] 开始收集新闻...
📂 当前缓存: 4 篇
🚀 开始获取新闻，共 4 个源
----------------------------------------
📰 获取 36氪 ...
  ✅ 获取 3 篇文章
📰 获取 少数派 ...
  ✅ 获取 0 篇文章
📰 获取 虎嗅 ...
  ✅ 获取 0 篇文章
📰 获取 澎湃新闻 ...
  ❌ 请求失败 (尝试 1/3): 404 Client Error: Not Found for url: https://m.thepaper.cn/rss_newsDetail.jsp
  ❌ 请求失败 (尝试 2/3): 404 Client Error: Not Found for url: https://m.thepaper.cn/rss_newsDetail.jsp
  ❌ 请求失败 (尝试 3/3): 404 Client Error: Not Found for url: https://m.thepaper.cn/rss_newsDetail.jsp
  ❌ 获取失败
----------------------------------------
📊 总计: 3 篇文章 (去重后)
✅ 新增 0 篇，总计 4 篇
💾 已保存到: /Users/qitmac001395/workspace/QAL/ideas/apps/daily-podcast-ai/cache/2026-02-22-news.json
⏰ [05:00] 开始收集新闻...
📂 当前缓存: 4 篇
🚀 开始获取新闻，共 4 个源
----------------------------------------
📰 获取 36氪 ...
  ✅ 获取 3 篇文章
📰 获取 少数派 ...
  ✅ 获取 0 篇文章
📰 获取 虎嗅 ...
  ✅ 获取 0 篇文章
📰 获取 澎湃新闻 ...
  ❌ 请求失败 (尝试 1/3): 404 Client Error: Not Found for url: https://m.thepaper.cn/rss_newsDetail.jsp
  ❌ 请求失败 (尝试 2/3): 404 Client Error: Not Found for url: https://m.thepaper.cn/rss_newsDetail.jsp
  ❌ 请求失败 (尝试 3/3): 404 Client Error: Not Found for url: https://m.thepaper.cn/rss_newsDetail.jsp
  ❌ 获取失败
----------------------------------------
📊 总计: 3 篇文章 (去重后)
✅ 新增 0 篇，总计 4 篇
💾 已保存到: /Users/qitmac001395/workspace/QAL/ideas/apps/daily-podcast-ai/cache/2026-02-22-news.json
⏰ [06:00] 开始收集新闻...
📂 当前缓存: 4 篇
🚀 开始获取新闻，共 4 个源
----------------------------------------
📰 获取 36氪 ...
  ✅ 获取 3 篇文章
📰 获取 少数派 ...
  ✅ 获取 0 篇文章
📰 获取 虎嗅 ...
  ✅ 获取 0 篇文章
📰 获取 澎湃新闻 ...
  ❌ 请求失败 (尝试 1/3): 404 Client Error: Not Found for url: https://m.thepaper.cn/rss_newsDetail.jsp
  ❌ 请求失败 (尝试 2/3): 404 Client Error: Not Found for url: https://m.thepaper.cn/rss_newsDetail.jsp
  ❌ 请求失败 (尝试 3/3): 404 Client Error: Not Found for url: https://m.thepaper.cn/rss_newsDetail.jsp
  ❌ 获取失败
----------------------------------------
📊 总计: 3 篇文章 (去重后)
✅ 新增 0 篇，总计 4 篇
💾 已保存到: /Users/qitmac001395/workspace/QAL/ideas/apps/daily-podcast-ai/cache/2026-02-22-news.json
⏰ [00:01] 开始收集新闻...
📂 当前缓存: 0 篇
🚀 开始获取新闻，共 4 个源
----------------------------------------
📰 获取 36氪 ...
  ✅ 获取 5 篇文章
📰 获取 少数派 ...
  ✅ 获取 0 篇文章
📰 获取 虎嗅 ...
  ✅ 获取 0 篇文章
📰 获取 澎湃新闻 ...
  ❌ 请求失败 (尝试 1/3): 404 Client Error: Not Found for url: https://m.thepaper.cn/rss_newsDetail.jsp
  ❌ 请求失败 (尝试 2/3): 404 Client Error: Not Found for url: https://m.thepaper.cn/rss_newsDetail.jsp
  ❌ 请求失败 (尝试 3/3): 404 Client Error: Not Found for url: https://m.thepaper.cn/rss_newsDetail.jsp
  ❌ 获取失败
----------------------------------------
📊 总计: 5 篇文章 (去重后)
✅ 新增 5 篇，总计 5 篇
💾 已保存到: /Users/qitmac001395/workspace/QAL/ideas/apps/daily-podcast-ai/cache/2026-02-23-news.json
⏰ [01:00] 开始收集新闻...
📂 当前缓存: 5 篇
🚀 开始获取新闻，共 4 个源
----------------------------------------
📰 获取 36氪 ...
  ✅ 获取 5 篇文章
📰 获取 少数派 ...
  ✅ 获取 0 篇文章
📰 获取 虎嗅 ...
  ✅ 获取 0 篇文章
📰 获取 澎湃新闻 ...
  ❌ 请求失败 (尝试 1/3): 404 Client Error: Not Found for url: https://m.thepaper.cn/rss_newsDetail.jsp
  ❌ 请求失败 (尝试 2/3): 404 Client Error: Not Found for url: https://m.thepaper.cn/rss_newsDetail.jsp
  ❌ 请求失败 (尝试 3/3): 404 Client Error: Not Found for url: https://m.thepaper.cn/rss_newsDetail.jsp
  ❌ 获取失败
----------------------------------------
📊 总计: 5 篇文章 (去重后)
✅ 新增 0 篇，总计 5 篇
💾 已保存到: /Users/qitmac001395/workspace/QAL/ideas/apps/daily-podcast-ai/cache/2026-02-23-news.json
⏰ [02:03] 开始收集新闻...
📂 当前缓存: 5 篇
🚀 开始获取新闻，共 4 个源
----------------------------------------
📰 获取 36氪 ...
  ✅ 获取 4 篇文章
📰 获取 少数派 ...
  ✅ 获取 0 篇文章
📰 获取 虎嗅 ...
  ✅ 获取 0 篇文章
📰 获取 澎湃新闻 ...
  ❌ 请求失败 (尝试 1/3): 404 Client Error: Not Found for url: https://m.thepaper.cn/rss_newsDetail.jsp
  ❌ 请求失败 (尝试 2/3): 404 Client Error: Not Found for url: https://m.thepaper.cn/rss_newsDetail.jsp
  ❌ 请求失败 (尝试 3/3): 404 Client Error: Not Found for url: https://m.thepaper.cn/rss_newsDetail.jsp
  ❌ 获取失败
----------------------------------------
📊 总计: 4 篇文章 (去重后)
✅ 新增 0 篇，总计 5 篇
💾 已保存到: /Users/qitmac001395/workspace/QAL/ideas/apps/daily-podcast-ai/cache/2026-02-23-news.json
⏰ [03:04] 开始收集新闻...
📂 当前缓存: 5 篇
🚀 开始获取新闻，共 4 个源
----------------------------------------
📰 获取 36氪 ...
  ✅ 获取 2 篇文章
📰 获取 少数派 ...
  ✅ 获取 0 篇文章
📰 获取 虎嗅 ...
  ✅ 获取 0 篇文章
📰 获取 澎湃新闻 ...
  ❌ 请求失败 (尝试 1/3): 404 Client Error: Not Found for url: https://m.thepaper.cn/rss_newsDetail.jsp
  ❌ 请求失败 (尝试 2/3): 404 Client Error: Not Found for url: https://m.thepaper.cn/rss_newsDetail.jsp
  ❌ 请求失败 (尝试 3/3): 404 Client Error: Not Found for url: https://m.thepaper.cn/rss_newsDetail.jsp
  ❌ 获取失败
----------------------------------------
📊 总计: 2 篇文章 (去重后)
✅ 新增 0 篇，总计 5 篇
💾 已保存到: /Users/qitmac001395/workspace/QAL/ideas/apps/daily-podcast-ai/cache/2026-02-23-news.json
⏰ [04:14] 开始收集新闻...
📂 当前缓存: 5 篇
🚀 开始获取新闻，共 4 个源
----------------------------------------
📰 获取 36氪 ...
  ✅ 获取 1 篇文章
📰 获取 少数派 ...
  ✅ 获取 0 篇文章
📰 获取 虎嗅 ...
  ✅ 获取 0 篇文章
📰 获取 澎湃新闻 ...
  ❌ 请求失败 (尝试 1/3): 404 Client Error: Not Found for url: https://m.thepaper.cn/rss_newsDetail.jsp
  ❌ 请求失败 (尝试 2/3): 404 Client Error: Not Found for url: https://m.thepaper.cn/rss_newsDetail.jsp
  ❌ 请求失败 (尝试 3/3): 404 Client Error: Not Found for url: https://m.thepaper.cn/rss_newsDetail.jsp
  ❌ 获取失败
----------------------------------------
📊 总计: 1 篇文章 (去重后)
✅ 新增 0 篇，总计 5 篇
💾 已保存到: /Users/qitmac001395/workspace/QAL/ideas/apps/daily-podcast-ai/cache/2026-02-23-news.json
⏰ [05:00] 开始收集新闻...
📂 当前缓存: 5 篇
🚀 开始获取新闻，共 4 个源
----------------------------------------
📰 获取 36氪 ...
  ✅ 获取 1 篇文章
📰 获取 少数派 ...
  ✅ 获取 0 篇文章
📰 获取 虎嗅 ...
  ✅ 获取 0 篇文章
📰 获取 澎湃新闻 ...
  ❌ 请求失败 (尝试 1/3): 404 Client Error: Not Found for url: https://m.thepaper.cn/rss_newsDetail.jsp
  ❌ 请求失败 (尝试 2/3): 404 Client Error: Not Found for url: https://m.thepaper.cn/rss_newsDetail.jsp
  ❌ 请求失败 (尝试 3/3): 404 Client Error: Not Found for url: https://m.thepaper.cn/rss_newsDetail.jsp
  ❌ 获取失败
----------------------------------------
📊 总计: 1 篇文章 (去重后)
✅ 新增 0 篇，总计 5 篇
💾 已保存到: /Users/qitmac001395/workspace/QAL/ideas/apps/daily-podcast-ai/cache/2026-02-23-news.json
⏰ [06:03] 开始收集新闻...
📂 当前缓存: 5 篇
🚀 开始获取新闻，共 4 个源
----------------------------------------
📰 获取 36氪 ...
  ❌ 请求失败 (尝试 1/3): HTTPSConnectionPool(host='36kr.com', port=443): Max retries exceeded with url: /feed (Caused by NameResolutionError("HTTPSConnection(host='36kr.com', port=443): Failed to resolve '36kr.com' ([Errno 8] nodename nor servname provided, or not known)"))
  ❌ 请求失败 (尝试 2/3): HTTPSConnectionPool(host='36kr.com', port=443): Max retries exceeded with url: /feed (Caused by NameResolutionError("HTTPSConnection(host='36kr.com', port=443): Failed to resolve '36kr.com' ([Errno 8] nodename nor servname provided, or not known)"))
  ❌ 请求失败 (尝试 3/3): HTTPSConnectionPool(host='36kr.com', port=443): Max retries exceeded with url: /feed (Caused by NameResolutionError("HTTPSConnection(host='36kr.com', port=443): Failed to resolve '36kr.com' ([Errno 8] nodename nor servname provided, or not known)"))
  ❌ 获取失败
📰 获取 少数派 ...
  ❌ 请求失败 (尝试 1/3): HTTPSConnectionPool(host='sspai.com', port=443): Max retries exceeded with url: /feed (Caused by NameResolutionError("HTTPSConnection(host='sspai.com', port=443): Failed to resolve 'sspai.com' ([Errno 8] nodename nor servname provided, or not known)"))
  ❌ 请求失败 (尝试 2/3): HTTPSConnectionPool(host='sspai.com', port=443): Max retries exceeded with url: /feed (Caused by NameResolutionError("HTTPSConnection(host='sspai.com', port=443): Failed to resolve 'sspai.com' ([Errno 8] nodename nor servname provided, or not known)"))
  ❌ 请求失败 (尝试 3/3): HTTPSConnectionPool(host='sspai.com', port=443): Max retries exceeded with url: /feed (Caused by NameResolutionError("HTTPSConnection(host='sspai.com', port=443): Failed to resolve 'sspai.com' ([Errno 8] nodename nor servname provided, or not known)"))
  ❌ 获取失败
📰 获取 虎嗅 ...
  ❌ 请求失败 (尝试 1/3): HTTPSConnectionPool(host='www.huxiu.com', port=443): Max retries exceeded with url: /rss/0.xml (Caused by NameResolutionError("HTTPSConnection(host='www.huxiu.com', port=443): Failed to resolve 'www.huxiu.com' ([Errno 8] nodename nor servname provided, or not known)"))
  ❌ 请求失败 (尝试 2/3): HTTPSConnectionPool(host='www.huxiu.com', port=443): Max retries exceeded with url: /rss/0.xml (Caused by NameResolutionError("HTTPSConnection(host='www.huxiu.com', port=443): Failed to resolve 'www.huxiu.com' ([Errno 8] nodename nor servname provided, or not known)"))
  ❌ 请求失败 (尝试 3/3): HTTPSConnectionPool(host='www.huxiu.com', port=443): Max retries exceeded with url: /rss/0.xml (Caused by NameResolutionError("HTTPSConnection(host='www.huxiu.com', port=443): Failed to resolve 'www.huxiu.com' ([Errno 8] nodename nor servname provided, or not known)"))
  ❌ 获取失败
📰 获取 澎湃新闻 ...
  ❌ 请求失败 (尝试 1/3): HTTPSConnectionPool(host='www.thepaper.cn', port=443): Max retries exceeded with url: /rss_newsDetail.jsp (Caused by NameResolutionError("HTTPSConnection(host='www.thepaper.cn', port=443): Failed to resolve 'www.thepaper.cn' ([Errno 8] nodename nor servname provided, or not known)"))
  ❌ 请求失败 (尝试 2/3): HTTPSConnectionPool(host='www.thepaper.cn', port=443): Max retries exceeded with url: /rss_newsDetail.jsp (Caused by NameResolutionError("HTTPSConnection(host='www.thepaper.cn', port=443): Failed to resolve 'www.thepaper.cn' ([Errno 8] nodename nor servname provided, or not known)"))
  ❌ 请求失败 (尝试 3/3): HTTPSConnectionPool(host='www.thepaper.cn', port=443): Max retries exceeded with url: /rss_newsDetail.jsp (Caused by NameResolutionError("HTTPSConnection(host='www.thepaper.cn', port=443): Failed to resolve 'www.thepaper.cn' ([Errno 8] nodename nor servname provided, or not known)"))
  ❌ 获取失败
----------------------------------------
📊 总计: 0 篇文章 (去重后)
❌ 未获取到新闻
⏰ [00:00] 开始收集新闻...
📂 当前缓存: 0 篇
🚀 开始获取新闻，共 4 个源
----------------------------------------
📰 获取 36氪 ...
  ✅ 获取 1 篇文章
📰 获取 少数派 ...
  ✅ 获取 0 篇文章
📰 获取 虎嗅 ...
  ✅ 获取 0 篇文章
📰 获取 澎湃新闻 ...
  ❌ 请求失败 (尝试 1/3): 404 Client Error: Not Found for url: https://m.thepaper.cn/rss_newsDetail.jsp
  ❌ 请求失败 (尝试 2/3): 404 Client Error: Not Found for url: https://m.thepaper.cn/rss_newsDetail.jsp
  ❌ 请求失败 (尝试 3/3): 404 Client Error: Not Found for url: https://m.thepaper.cn/rss_newsDetail.jsp
  ❌ 获取失败
----------------------------------------
📊 总计: 1 篇文章 (去重后)
✅ 新增 1 篇，总计 1 篇
💾 已保存到: /Users/qitmac001395/workspace/QAL/ideas/apps/daily-podcast-ai/cache/2026-02-24-news.json
⏰ [01:00] 开始收集新闻...
📂 当前缓存: 1 篇
🚀 开始获取新闻，共 4 个源
----------------------------------------
📰 获取 36氪 ...
  ✅ 获取 1 篇文章
📰 获取 少数派 ...
  ✅ 获取 0 篇文章
📰 获取 虎嗅 ...
  ✅ 获取 0 篇文章
📰 获取 澎湃新闻 ...
  ❌ 请求失败 (尝试 1/3): 404 Client Error: Not Found for url: https://m.thepaper.cn/rss_newsDetail.jsp
  ❌ 请求失败 (尝试 2/3): 404 Client Error: Not Found for url: https://m.thepaper.cn/rss_newsDetail.jsp
  ❌ 请求失败 (尝试 3/3): 404 Client Error: Not Found for url: https://m.thepaper.cn/rss_newsDetail.jsp
  ❌ 获取失败
----------------------------------------
📊 总计: 1 篇文章 (去重后)
✅ 新增 0 篇，总计 1 篇
💾 已保存到: /Users/qitmac001395/workspace/QAL/ideas/apps/daily-podcast-ai/cache/2026-02-24-news.json
⏰ [02:00] 开始收集新闻...
📂 当前缓存: 1 篇
🚀 开始获取新闻，共 4 个源
----------------------------------------
📰 获取 36氪 ...
  ✅ 获取 1 篇文章
📰 获取 少数派 ...
  ✅ 获取 0 篇文章
📰 获取 虎嗅 ...
  ✅ 获取 0 篇文章
📰 获取 澎湃新闻 ...
  ❌ 请求失败 (尝试 1/3): 404 Client Error: Not Found for url: https://m.thepaper.cn/rss_newsDetail.jsp
  ❌ 请求失败 (尝试 2/3): 404 Client Error: Not Found for url: https://m.thepaper.cn/rss_newsDetail.jsp
  ❌ 请求失败 (尝试 3/3): 404 Client Error: Not Found for url: https://m.thepaper.cn/rss_newsDetail.jsp
  ❌ 获取失败
----------------------------------------
📊 总计: 1 篇文章 (去重后)
✅ 新增 0 篇，总计 1 篇
💾 已保存到: /Users/qitmac001395/workspace/QAL/ideas/apps/daily-podcast-ai/cache/2026-02-24-news.json
⏰ [03:00] 开始收集新闻...
📂 当前缓存: 1 篇
🚀 开始获取新闻，共 4 个源
----------------------------------------
📰 获取 36氪 ...
  ✅ 获取 1 篇文章
📰 获取 少数派 ...
  ✅ 获取 0 篇文章
📰 获取 虎嗅 ...
  ✅ 获取 0 篇文章
📰 获取 澎湃新闻 ...
  ❌ 请求失败 (尝试 1/3): 404 Client Error: Not Found for url: https://m.thepaper.cn/rss_newsDetail.jsp
  ❌ 请求失败 (尝试 2/3): 404 Client Error: Not Found for url: https://m.thepaper.cn/rss_newsDetail.jsp
  ❌ 请求失败 (尝试 3/3): 404 Client Error: Not Found for url: https://m.thepaper.cn/rss_newsDetail.jsp
  ❌ 获取失败
----------------------------------------
📊 总计: 1 篇文章 (去重后)
✅ 新增 0 篇，总计 1 篇
💾 已保存到: /Users/qitmac001395/workspace/QAL/ideas/apps/daily-podcast-ai/cache/2026-02-24-news.json
⏰ [04:00] 开始收集新闻...
📂 当前缓存: 1 篇
🚀 开始获取新闻，共 4 个源
----------------------------------------
📰 获取 36氪 ...
  ✅ 获取 1 篇文章
📰 获取 少数派 ...
  ✅ 获取 0 篇文章
📰 获取 虎嗅 ...
  ✅ 获取 0 篇文章
📰 获取 澎湃新闻 ...
  ❌ 请求失败 (尝试 1/3): 404 Client Error: Not Found for url: https://m.thepaper.cn/rss_newsDetail.jsp
  ❌ 请求失败 (尝试 2/3): 404 Client Error: Not Found for url: https://m.thepaper.cn/rss_newsDetail.jsp
  ❌ 请求失败 (尝试 3/3): 404 Client Error: Not Found for url: https://m.thepaper.cn/rss_newsDetail.jsp
  ❌ 获取失败
----------------------------------------
📊 总计: 1 篇文章 (去重后)
✅ 新增 0 篇，总计 1 篇
💾 已保存到: /Users/qitmac001395/workspace/QAL/ideas/apps/daily-podcast-ai/cache/2026-02-24-news.json
⏰ [05:00] 开始收集新闻...
📂 当前缓存: 1 篇
🚀 开始获取新闻，共 4 个源
----------------------------------------
📰 获取 36氪 ...
  ✅ 获取 1 篇文章
📰 获取 少数派 ...
  ✅ 获取 0 篇文章
📰 获取 虎嗅 ...
  ✅ 获取 0 篇文章
📰 获取 澎湃新闻 ...
  ❌ 请求失败 (尝试 1/3): 404 Client Error: Not Found for url: https://m.thepaper.cn/rss_newsDetail.jsp
  ❌ 请求失败 (尝试 2/3): 404 Client Error: Not Found for url: https://m.thepaper.cn/rss_newsDetail.jsp
  ❌ 请求失败 (尝试 3/3): 404 Client Error: Not Found for url: https://m.thepaper.cn/rss_newsDetail.jsp
  ❌ 获取失败
----------------------------------------
📊 总计: 1 篇文章 (去重后)
✅ 新增 0 篇，总计 1 篇
💾 已保存到: /Users/qitmac001395/workspace/QAL/ideas/apps/daily-podcast-ai/cache/2026-02-24-news.json
⏰ [06:00] 开始收集新闻...
📂 当前缓存: 1 篇
🚀 开始获取新闻，共 4 个源
----------------------------------------
📰 获取 36氪 ...
  ✅ 获取 1 篇文章
📰 获取 少数派 ...
  ✅ 获取 0 篇文章
📰 获取 虎嗅 ...
  ✅ 获取 0 篇文章
📰 获取 澎湃新闻 ...
  ❌ 请求失败 (尝试 1/3): 404 Client Error: Not Found for url: https://m.thepaper.cn/rss_newsDetail.jsp
  ❌ 请求失败 (尝试 2/3): 404 Client Error: Not Found for url: https://m.thepaper.cn/rss_newsDetail.jsp
  ❌ 请求失败 (尝试 3/3): 404 Client Error: Not Found for url: https://m.thepaper.cn/rss_newsDetail.jsp
  ❌ 获取失败
----------------------------------------
📊 总计: 1 篇文章 (去重后)
✅ 新增 0 篇，总计 1 篇
💾 已保存到: /Users/qitmac001395/workspace/QAL/ideas/apps/daily-podcast-ai/cache/2026-02-24-news.json
⏰ [00:02] 开始收集新闻...
📂 当前缓存: 0 篇
🚀 开始获取新闻，共 4 个源
----------------------------------------
📰 获取 36氪 ...
  ✅ 获取 8 篇文章
📰 获取 少数派 ...
  ✅ 获取 2 篇文章
📰 获取 虎嗅 ...
  ✅ 获取 1 篇文章
📰 获取 澎湃新闻 ...
  ❌ 请求失败 (尝试 1/3): 404 Client Error: Not Found for url: https://m.thepaper.cn/rss_newsDetail.jsp
  ❌ 请求失败 (尝试 2/3): 404 Client Error: Not Found for url: https://m.thepaper.cn/rss_newsDetail.jsp
  ❌ 请求失败 (尝试 3/3): 404 Client Error: Not Found for url: https://m.thepaper.cn/rss_newsDetail.jsp
  ❌ 获取失败
----------------------------------------
📊 总计: 11 篇文章 (去重后)
✅ 新增 11 篇，总计 11 篇
💾 已保存到: /Users/qitmac001395/workspace/QAL/ideas/apps/daily-podcast-ai/cache/2026-02-25-news.json
⏰ [01:00] 开始收集新闻...
📂 当前缓存: 11 篇
🚀 开始获取新闻，共 4 个源
----------------------------------------
📰 获取 36氪 ...
  ✅ 获取 8 篇文章
📰 获取 少数派 ...
  ✅ 获取 2 篇文章
📰 获取 虎嗅 ...
  ✅ 获取 1 篇文章
📰 获取 澎湃新闻 ...
  ❌ 请求失败 (尝试 1/3): 404 Client Error: Not Found for url: https://m.thepaper.cn/rss_newsDetail.jsp
  ❌ 请求失败 (尝试 2/3): 404 Client Error: Not Found for url: https://m.thepaper.cn/rss_newsDetail.jsp
  ❌ 请求失败 (尝试 3/3): 404 Client Error: Not Found for url: https://m.thepaper.cn/rss_newsDetail.jsp
  ❌ 获取失败
----------------------------------------
📊 总计: 11 篇文章 (去重后)
✅ 新增 0 篇，总计 11 篇
💾 已保存到: /Users/qitmac001395/workspace/QAL/ideas/apps/daily-podcast-ai/cache/2026-02-25-news.json
⏰ [02:04] 开始收集新闻...
📂 当前缓存: 11 篇
🚀 开始获取新闻，共 4 个源
----------------------------------------
📰 获取 36氪 ...
  ✅ 获取 8 篇文章
📰 获取 少数派 ...
  ✅ 获取 2 篇文章
📰 获取 虎嗅 ...
  ✅ 获取 1 篇文章
📰 获取 澎湃新闻 ...
  ❌ 请求失败 (尝试 1/3): 404 Client Error: Not Found for url: https://m.thepaper.cn/rss_newsDetail.jsp
  ❌ 请求失败 (尝试 2/3): HTTPSConnectionPool(host='m.thepaper.cn', port=443): Read timed out. (read timeout=30)
  ❌ 请求失败 (尝试 3/3): 404 Client Error: Not Found for url: https://m.thepaper.cn/rss_newsDetail.jsp
  ❌ 获取失败
----------------------------------------
📊 总计: 11 篇文章 (去重后)
✅ 新增 0 篇，总计 11 篇
💾 已保存到: /Users/qitmac001395/workspace/QAL/ideas/apps/daily-podcast-ai/cache/2026-02-25-news.json
⏰ [03:05] 开始收集新闻...
📂 当前缓存: 11 篇
🚀 开始获取新闻，共 4 个源
----------------------------------------
📰 获取 36氪 ...
  ✅ 获取 8 篇文章
📰 获取 少数派 ...
  ✅ 获取 1 篇文章
📰 获取 虎嗅 ...
  ✅ 获取 1 篇文章
📰 获取 澎湃新闻 ...
  ❌ 请求失败 (尝试 1/3): 404 Client Error: Not Found for url: https://m.thepaper.cn/rss_newsDetail.jsp
  ❌ 请求失败 (尝试 2/3): 404 Client Error: Not Found for url: https://m.thepaper.cn/rss_newsDetail.jsp
  ❌ 请求失败 (尝试 3/3): 404 Client Error: Not Found for url: https://m.thepaper.cn/rss_newsDetail.jsp
  ❌ 获取失败
----------------------------------------
📊 总计: 10 篇文章 (去重后)
✅ 新增 0 篇，总计 11 篇
💾 已保存到: /Users/qitmac001395/workspace/QAL/ideas/apps/daily-podcast-ai/cache/2026-02-25-news.json
⏰ [04:02] 开始收集新闻...
📂 当前缓存: 11 篇
🚀 开始获取新闻，共 4 个源
----------------------------------------
📰 获取 36氪 ...
  ✅ 获取 8 篇文章
📰 获取 少数派 ...
  ✅ 获取 1 篇文章
📰 获取 虎嗅 ...
  ✅ 获取 1 篇文章
📰 获取 澎湃新闻 ...
  ❌ 请求失败 (尝试 1/3): 404 Client Error: Not Found for url: https://m.thepaper.cn/rss_newsDetail.jsp
  ❌ 请求失败 (尝试 2/3): 404 Client Error: Not Found for url: https://m.thepaper.cn/rss_newsDetail.jsp
  ❌ 请求失败 (尝试 3/3): 404 Client Error: Not Found for url: https://m.thepaper.cn/rss_newsDetail.jsp
  ❌ 获取失败
----------------------------------------
📊 总计: 10 篇文章 (去重后)
✅ 新增 0 篇，总计 11 篇
💾 已保存到: /Users/qitmac001395/workspace/QAL/ideas/apps/daily-podcast-ai/cache/2026-02-25-news.json
⏰ [05:00] 开始收集新闻...
📂 当前缓存: 11 篇
🚀 开始获取新闻，共 4 个源
----------------------------------------
📰 获取 36氪 ...
  ✅ 获取 8 篇文章
📰 获取 少数派 ...
  ✅ 获取 1 篇文章
📰 获取 虎嗅 ...
  ✅ 获取 1 篇文章
📰 获取 澎湃新闻 ...
  ❌ 请求失败 (尝试 1/3): 404 Client Error: Not Found for url: https://m.thepaper.cn/rss_newsDetail.jsp
  ❌ 请求失败 (尝试 2/3): 404 Client Error: Not Found for url: https://m.thepaper.cn/rss_newsDetail.jsp
  ❌ 请求失败 (尝试 3/3): 404 Client Error: Not Found for url: https://m.thepaper.cn/rss_newsDetail.jsp
  ❌ 获取失败
----------------------------------------
📊 总计: 10 篇文章 (去重后)
✅ 新增 0 篇，总计 11 篇
💾 已保存到: /Users/qitmac001395/workspace/QAL/ideas/apps/daily-podcast-ai/cache/2026-02-25-news.json
⏰ [06:08] 开始收集新闻...
📂 当前缓存: 11 篇
🚀 开始获取新闻，共 4 个源
----------------------------------------
📰 获取 36氪 ...
  ✅ 获取 8 篇文章
📰 获取 少数派 ...
  ✅ 获取 1 篇文章
📰 获取 虎嗅 ...
  ✅ 获取 1 篇文章
📰 获取 澎湃新闻 ...
  ❌ 请求失败 (尝试 1/3): 404 Client Error: Not Found for url: https://m.thepaper.cn/rss_newsDetail.jsp
  ❌ 请求失败 (尝试 2/3): 404 Client Error: Not Found for url: https://m.thepaper.cn/rss_newsDetail.jsp
  ❌ 请求失败 (尝试 3/3): 404 Client Error: Not Found for url: https://m.thepaper.cn/rss_newsDetail.jsp
  ❌ 获取失败
----------------------------------------
📊 总计: 10 篇文章 (去重后)
✅ 新增 0 篇，总计 11 篇
💾 已保存到: /Users/qitmac001395/workspace/QAL/ideas/apps/daily-podcast-ai/cache/2026-02-25-news.json
⏰ [00:03] 开始收集新闻...
📂 当前缓存: 0 篇
🚀 开始获取新闻，共 4 个源
----------------------------------------
📰 获取 36氪 ...
  ✅ 获取 8 篇文章
📰 获取 少数派 ...
  ✅ 获取 1 篇文章
📰 获取 虎嗅 ...
  ✅ 获取 3 篇文章
📰 获取 澎湃新闻 ...
  ❌ 请求失败 (尝试 1/3): 404 Client Error: Not Found for url: https://m.thepaper.cn/rss_newsDetail.jsp
  ❌ 请求失败 (尝试 2/3): 404 Client Error: Not Found for url: https://m.thepaper.cn/rss_newsDetail.jsp
  ❌ 请求失败 (尝试 3/3): 404 Client Error: Not Found for url: https://m.thepaper.cn/rss_newsDetail.jsp
  ❌ 获取失败
----------------------------------------
📊 总计: 12 篇文章 (去重后)
✅ 新增 12 篇，总计 12 篇
💾 已保存到: /Users/qitmac001395/workspace/QAL/ideas/apps/daily-podcast-ai/cache/2026-02-26-news.json
⏰ [01:00] 开始收集新闻...
📂 当前缓存: 12 篇
🚀 开始获取新闻，共 4 个源
----------------------------------------
📰 获取 36氪 ...
  ✅ 获取 8 篇文章
📰 获取 少数派 ...
  ✅ 获取 1 篇文章
📰 获取 虎嗅 ...
  ✅ 获取 2 篇文章
📰 获取 澎湃新闻 ...
  ❌ 请求失败 (尝试 1/3): 404 Client Error: Not Found for url: https://m.thepaper.cn/rss_newsDetail.jsp
  ❌ 请求失败 (尝试 2/3): 404 Client Error: Not Found for url: https://m.thepaper.cn/rss_newsDetail.jsp
  ❌ 请求失败 (尝试 3/3): 404 Client Error: Not Found for url: https://m.thepaper.cn/rss_newsDetail.jsp
  ❌ 获取失败
----------------------------------------
📊 总计: 11 篇文章 (去重后)
✅ 新增 0 篇，总计 12 篇
💾 已保存到: /Users/qitmac001395/workspace/QAL/ideas/apps/daily-podcast-ai/cache/2026-02-26-news.json
⏰ [02:05] 开始收集新闻...
📂 当前缓存: 12 篇
🚀 开始获取新闻，共 4 个源
----------------------------------------
📰 获取 36氪 ...
  ✅ 获取 6 篇文章
📰 获取 少数派 ...
  ✅ 获取 1 篇文章
📰 获取 虎嗅 ...
  ✅ 获取 2 篇文章
📰 获取 澎湃新闻 ...
  ❌ 请求失败 (尝试 1/3): 404 Client Error: Not Found for url: https://m.thepaper.cn/rss_newsDetail.jsp
  ❌ 请求失败 (尝试 2/3): 404 Client Error: Not Found for url: https://m.thepaper.cn/rss_newsDetail.jsp
  ❌ 请求失败 (尝试 3/3): 404 Client Error: Not Found for url: https://m.thepaper.cn/rss_newsDetail.jsp
  ❌ 获取失败
----------------------------------------
📊 总计: 9 篇文章 (去重后)
✅ 新增 0 篇，总计 12 篇
💾 已保存到: /Users/qitmac001395/workspace/QAL/ideas/apps/daily-podcast-ai/cache/2026-02-26-news.json
⏰ [03:12] 开始收集新闻...
📂 当前缓存: 12 篇
🚀 开始获取新闻，共 4 个源
----------------------------------------
📰 获取 36氪 ...
  ✅ 获取 5 篇文章
📰 获取 少数派 ...
  ✅ 获取 1 篇文章
📰 获取 虎嗅 ...
  ✅ 获取 2 篇文章
📰 获取 澎湃新闻 ...
  ❌ 请求失败 (尝试 1/3): 404 Client Error: Not Found for url: https://m.thepaper.cn/rss_newsDetail.jsp
  ❌ 请求失败 (尝试 2/3): 404 Client Error: Not Found for url: https://m.thepaper.cn/rss_newsDetail.jsp
  ❌ 请求失败 (尝试 3/3): 404 Client Error: Not Found for url: https://m.thepaper.cn/rss_newsDetail.jsp
  ❌ 获取失败
----------------------------------------
📊 总计: 8 篇文章 (去重后)
✅ 新增 0 篇，总计 12 篇
💾 已保存到: /Users/qitmac001395/workspace/QAL/ideas/apps/daily-podcast-ai/cache/2026-02-26-news.json
⏰ [04:03] 开始收集新闻...
📂 当前缓存: 12 篇
🚀 开始获取新闻，共 4 个源
----------------------------------------
📰 获取 36氪 ...
  ✅ 获取 5 篇文章
📰 获取 少数派 ...
  ✅ 获取 1 篇文章
📰 获取 虎嗅 ...
  ✅ 获取 2 篇文章
📰 获取 澎湃新闻 ...
  ❌ 请求失败 (尝试 1/3): 404 Client Error: Not Found for url: https://m.thepaper.cn/rss_newsDetail.jsp
  ❌ 请求失败 (尝试 2/3): 404 Client Error: Not Found for url: https://m.thepaper.cn/rss_newsDetail.jsp
  ❌ 请求失败 (尝试 3/3): 404 Client Error: Not Found for url: https://m.thepaper.cn/rss_newsDetail.jsp
  ❌ 获取失败
----------------------------------------
📊 总计: 8 篇文章 (去重后)
✅ 新增 0 篇，总计 12 篇
💾 已保存到: /Users/qitmac001395/workspace/QAL/ideas/apps/daily-podcast-ai/cache/2026-02-26-news.json
⏰ [05:12] 开始收集新闻...
📂 当前缓存: 12 篇
🚀 开始获取新闻，共 4 个源
----------------------------------------
📰 获取 36氪 ...
  ✅ 获取 5 篇文章
📰 获取 少数派 ...
  ✅ 获取 1 篇文章
📰 获取 虎嗅 ...
  ✅ 获取 2 篇文章
📰 获取 澎湃新闻 ...
  ❌ 请求失败 (尝试 1/3): 404 Client Error: Not Found for url: https://m.thepaper.cn/rss_newsDetail.jsp
  ❌ 请求失败 (尝试 2/3): 404 Client Error: Not Found for url: https://m.thepaper.cn/rss_newsDetail.jsp
  ❌ 请求失败 (尝试 3/3): 404 Client Error: Not Found for url: https://m.thepaper.cn/rss_newsDetail.jsp
  ❌ 获取失败
----------------------------------------
📊 总计: 8 篇文章 (去重后)
✅ 新增 0 篇，总计 12 篇
💾 已保存到: /Users/qitmac001395/workspace/QAL/ideas/apps/daily-podcast-ai/cache/2026-02-26-news.json
⏰ [06:10] 开始收集新闻...
📂 当前缓存: 12 篇
🚀 开始获取新闻，共 4 个源
----------------------------------------
📰 获取 36氪 ...
  ✅ 获取 5 篇文章
📰 获取 少数派 ...
  ✅ 获取 1 篇文章
📰 获取 虎嗅 ...
  ✅ 获取 2 篇文章
📰 获取 澎湃新闻 ...
  ❌ 请求失败 (尝试 1/3): 404 Client Error: Not Found for url: https://m.thepaper.cn/rss_newsDetail.jsp
  ❌ 请求失败 (尝试 2/3): 404 Client Error: Not Found for url: https://m.thepaper.cn/rss_newsDetail.jsp
  ❌ 请求失败 (尝试 3/3): 404 Client Error: Not Found for url: https://m.thepaper.cn/rss_newsDetail.jsp
  ❌ 获取失败
----------------------------------------
📊 总计: 8 篇文章 (去重后)
✅ 新增 0 篇，总计 12 篇
💾 已保存到: /Users/qitmac001395/workspace/QAL/ideas/apps/daily-podcast-ai/cache/2026-02-26-news.json
⏰ [00:15] 开始收集新闻...
📂 当前缓存: 0 篇
🚀 开始获取新闻，共 4 个源
----------------------------------------
📰 获取 36氪 ...
  ✅ 获取 8 篇文章
📰 获取 少数派 ...
  ✅ 获取 1 篇文章
📰 获取 虎嗅 ...
  ✅ 获取 1 篇文章
📰 获取 澎湃新闻 ...
  ❌ 请求失败 (尝试 1/3): 404 Client Error: Not Found for url: https://m.thepaper.cn/rss_newsDetail.jsp
  ❌ 请求失败 (尝试 2/3): 404 Client Error: Not Found for url: https://m.thepaper.cn/rss_newsDetail.jsp
  ❌ 请求失败 (尝试 3/3): 404 Client Error: Not Found for url: https://m.thepaper.cn/rss_newsDetail.jsp
  ❌ 获取失败
----------------------------------------
📊 总计: 10 篇文章 (去重后)
✅ 新增 10 篇，总计 10 篇
💾 已保存到: /Users/qitmac001395/workspace/QAL/ideas/apps/daily-podcast-ai/cache/2026-02-27-news.json
⏰ [01:00] 开始收集新闻...
📂 当前缓存: 10 篇
🚀 开始获取新闻，共 4 个源
----------------------------------------
📰 获取 36氪 ...
  ✅ 获取 8 篇文章
📰 获取 少数派 ...
  ✅ 获取 1 篇文章
📰 获取 虎嗅 ...
  ✅ 获取 1 篇文章
📰 获取 澎湃新闻 ...
  ❌ 请求失败 (尝试 1/3): 404 Client Error: Not Found for url: https://m.thepaper.cn/rss_newsDetail.jsp
  ❌ 请求失败 (尝试 2/3): 404 Client Error: Not Found for url: https://m.thepaper.cn/rss_newsDetail.jsp
  ❌ 请求失败 (尝试 3/3): 404 Client Error: Not Found for url: https://m.thepaper.cn/rss_newsDetail.jsp
  ❌ 获取失败
----------------------------------------
📊 总计: 10 篇文章 (去重后)
✅ 新增 0 篇，总计 10 篇
💾 已保存到: /Users/qitmac001395/workspace/QAL/ideas/apps/daily-podcast-ai/cache/2026-02-27-news.json
⏰ [02:01] 开始收集新闻...
📂 当前缓存: 10 篇
🚀 开始获取新闻，共 4 个源
----------------------------------------
📰 获取 36氪 ...
  ✅ 获取 7 篇文章
📰 获取 少数派 ...
  ✅ 获取 1 篇文章
📰 获取 虎嗅 ...
  ✅ 获取 1 篇文章
📰 获取 澎湃新闻 ...
  ❌ 请求失败 (尝试 1/3): 404 Client Error: Not Found for url: https://m.thepaper.cn/rss_newsDetail.jsp
  ❌ 请求失败 (尝试 2/3): 404 Client Error: Not Found for url: https://m.thepaper.cn/rss_newsDetail.jsp
  ❌ 请求失败 (尝试 3/3): 404 Client Error: Not Found for url: https://m.thepaper.cn/rss_newsDetail.jsp
  ❌ 获取失败
----------------------------------------
📊 总计: 9 篇文章 (去重后)
✅ 新增 0 篇，总计 10 篇
💾 已保存到: /Users/qitmac001395/workspace/QAL/ideas/apps/daily-podcast-ai/cache/2026-02-27-news.json
⏰ [03:02] 开始收集新闻...
📂 当前缓存: 10 篇
🚀 开始获取新闻，共 4 个源
----------------------------------------
📰 获取 36氪 ...
  ✅ 获取 6 篇文章
📰 获取 少数派 ...
  ✅ 获取 1 篇文章
📰 获取 虎嗅 ...
  ✅ 获取 1 篇文章
📰 获取 澎湃新闻 ...
  ❌ 请求失败 (尝试 1/3): 404 Client Error: Not Found for url: https://m.thepaper.cn/rss_newsDetail.jsp
  ❌ 请求失败 (尝试 2/3): 404 Client Error: Not Found for url: https://m.thepaper.cn/rss_newsDetail.jsp
  ❌ 请求失败 (尝试 3/3): 404 Client Error: Not Found for url: https://m.thepaper.cn/rss_newsDetail.jsp
  ❌ 获取失败
----------------------------------------
📊 总计: 8 篇文章 (去重后)
✅ 新增 0 篇，总计 10 篇
💾 已保存到: /Users/qitmac001395/workspace/QAL/ideas/apps/daily-podcast-ai/cache/2026-02-27-news.json
⏰ [04:02] 开始收集新闻...
📂 当前缓存: 10 篇
🚀 开始获取新闻，共 4 个源
----------------------------------------
📰 获取 36氪 ...
  ✅ 获取 6 篇文章
📰 获取 少数派 ...
  ✅ 获取 1 篇文章
📰 获取 虎嗅 ...
  ✅ 获取 1 篇文章
📰 获取 澎湃新闻 ...
  ❌ 请求失败 (尝试 1/3): 404 Client Error: Not Found for url: https://m.thepaper.cn/rss_newsDetail.jsp
  ❌ 请求失败 (尝试 2/3): 404 Client Error: Not Found for url: https://m.thepaper.cn/rss_newsDetail.jsp
  ❌ 请求失败 (尝试 3/3): 404 Client Error: Not Found for url: https://m.thepaper.cn/rss_newsDetail.jsp
  ❌ 获取失败
----------------------------------------
📊 总计: 8 篇文章 (去重后)
✅ 新增 0 篇，总计 10 篇
💾 已保存到: /Users/qitmac001395/workspace/QAL/ideas/apps/daily-podcast-ai/cache/2026-02-27-news.json
⏰ [05:03] 开始收集新闻...
📂 当前缓存: 10 篇
🚀 开始获取新闻，共 4 个源
----------------------------------------
📰 获取 36氪 ...
  ✅ 获取 6 篇文章
📰 获取 少数派 ...
  ✅ 获取 1 篇文章
📰 获取 虎嗅 ...
  ✅ 获取 1 篇文章
📰 获取 澎湃新闻 ...
  ❌ 请求失败 (尝试 1/3): 404 Client Error: Not Found for url: https://m.thepaper.cn/rss_newsDetail.jsp
  ❌ 请求失败 (尝试 2/3): 404 Client Error: Not Found for url: https://m.thepaper.cn/rss_newsDetail.jsp
  ❌ 请求失败 (尝试 3/3): 404 Client Error: Not Found for url: https://m.thepaper.cn/rss_newsDetail.jsp
  ❌ 获取失败
----------------------------------------
📊 总计: 8 篇文章 (去重后)
✅ 新增 0 篇，总计 10 篇
💾 已保存到: /Users/qitmac001395/workspace/QAL/ideas/apps/daily-podcast-ai/cache/2026-02-27-news.json
⏰ [06:04] 开始收集新闻...
📂 当前缓存: 10 篇
🚀 开始获取新闻，共 4 个源
----------------------------------------
📰 获取 36氪 ...
  ✅ 获取 6 篇文章
📰 获取 少数派 ...
  ✅ 获取 1 篇文章
📰 获取 虎嗅 ...
  ✅ 获取 1 篇文章
📰 获取 澎湃新闻 ...
  ❌ 请求失败 (尝试 1/3): 404 Client Error: Not Found for url: https://m.thepaper.cn/rss_newsDetail.jsp
  ❌ 请求失败 (尝试 2/3): 404 Client Error: Not Found for url: https://m.thepaper.cn/rss_newsDetail.jsp
  ❌ 请求失败 (尝试 3/3): 404 Client Error: Not Found for url: https://m.thepaper.cn/rss_newsDetail.jsp
  ❌ 获取失败
----------------------------------------
📊 总计: 8 篇文章 (去重后)
✅ 新增 0 篇，总计 10 篇
💾 已保存到: /Users/qitmac001395/workspace/QAL/ideas/apps/daily-podcast-ai/cache/2026-02-27-news.json
⏰ [00:00] 开始收集新闻...
📂 当前缓存: 0 篇
🚀 开始获取新闻，共 4 个源
----------------------------------------
📰 获取 36氪 ...
  ✅ 获取 9 篇文章
📰 获取 少数派 ...
  ✅ 获取 2 篇文章
📰 获取 虎嗅 ...
  ✅ 获取 1 篇文章
📰 获取 澎湃新闻 ...
  ❌ 请求失败 (尝试 1/3): 404 Client Error: Not Found for url: https://m.thepaper.cn/rss_newsDetail.jsp
  ❌ 请求失败 (尝试 2/3): 404 Client Error: Not Found for url: https://m.thepaper.cn/rss_newsDetail.jsp
  ❌ 请求失败 (尝试 3/3): 404 Client Error: Not Found for url: https://m.thepaper.cn/rss_newsDetail.jsp
  ❌ 获取失败
----------------------------------------
📊 总计: 12 篇文章 (去重后)
✅ 新增 12 篇，总计 12 篇
💾 已保存到: /Users/qitmac001395/workspace/QAL/ideas/apps/daily-podcast-ai/cache/2026-02-28-news.json
⏰ [01:00] 开始收集新闻...
📂 当前缓存: 12 篇
🚀 开始获取新闻，共 4 个源
----------------------------------------
📰 获取 36氪 ...
  ✅ 获取 8 篇文章
📰 获取 少数派 ...
  ✅ 获取 2 篇文章
📰 获取 虎嗅 ...
  ❌ 请求失败 (尝试 1/3): HTTPSConnectionPool(host='www.huxiu.com', port=443): Read timed out.
  ✅ 获取 1 篇文章
📰 获取 澎湃新闻 ...
  ❌ 请求失败 (尝试 1/3): 404 Client Error: Not Found for url: https://m.thepaper.cn/rss_newsDetail.jsp
  ❌ 请求失败 (尝试 2/3): 404 Client Error: Not Found for url: https://m.thepaper.cn/rss_newsDetail.jsp
  ❌ 请求失败 (尝试 3/3): 404 Client Error: Not Found for url: https://m.thepaper.cn/rss_newsDetail.jsp
  ❌ 获取失败
----------------------------------------
📊 总计: 11 篇文章 (去重后)
✅ 新增 0 篇，总计 12 篇
💾 已保存到: /Users/qitmac001395/workspace/QAL/ideas/apps/daily-podcast-ai/cache/2026-02-28-news.json
⏰ [02:00] 开始收集新闻...
📂 当前缓存: 12 篇
🚀 开始获取新闻，共 4 个源
----------------------------------------
📰 获取 36氪 ...
  ✅ 获取 7 篇文章
📰 获取 少数派 ...
  ✅ 获取 2 篇文章
📰 获取 虎嗅 ...
  ✅ 获取 1 篇文章
📰 获取 澎湃新闻 ...
  ❌ 请求失败 (尝试 1/3): 404 Client Error: Not Found for url: https://m.thepaper.cn/rss_newsDetail.jsp
  ❌ 请求失败 (尝试 2/3): 404 Client Error: Not Found for url: https://m.thepaper.cn/rss_newsDetail.jsp
  ❌ 请求失败 (尝试 3/3): 404 Client Error: Not Found for url: https://m.thepaper.cn/rss_newsDetail.jsp
  ❌ 获取失败
----------------------------------------
📊 总计: 10 篇文章 (去重后)
✅ 新增 0 篇，总计 12 篇
💾 已保存到: /Users/qitmac001395/workspace/QAL/ideas/apps/daily-podcast-ai/cache/2026-02-28-news.json
⏰ [03:00] 开始收集新闻...
📂 当前缓存: 12 篇
🚀 开始获取新闻，共 4 个源
----------------------------------------
📰 获取 36氪 ...
  ✅ 获取 6 篇文章
📰 获取 少数派 ...
  ✅ 获取 2 篇文章
📰 获取 虎嗅 ...
  ✅ 获取 1 篇文章
📰 获取 澎湃新闻 ...
  ❌ 请求失败 (尝试 1/3): 404 Client Error: Not Found for url: https://m.thepaper.cn/rss_newsDetail.jsp
  ❌ 请求失败 (尝试 2/3): 404 Client Error: Not Found for url: https://m.thepaper.cn/rss_newsDetail.jsp
  ❌ 请求失败 (尝试 3/3): 404 Client Error: Not Found for url: https://m.thepaper.cn/rss_newsDetail.jsp
  ❌ 获取失败
----------------------------------------
📊 总计: 9 篇文章 (去重后)
✅ 新增 0 篇，总计 12 篇
💾 已保存到: /Users/qitmac001395/workspace/QAL/ideas/apps/daily-podcast-ai/cache/2026-02-28-news.json
⏰ [04:00] 开始收集新闻...
📂 当前缓存: 12 篇
🚀 开始获取新闻，共 4 个源
----------------------------------------
📰 获取 36氪 ...
  ✅ 获取 4 篇文章
📰 获取 少数派 ...
  ✅ 获取 2 篇文章
📰 获取 虎嗅 ...
  ❌ 请求失败 (尝试 1/3): HTTPSConnectionPool(host='www.huxiu.com', port=443): Read timed out.
  ❌ 请求失败 (尝试 2/3): HTTPSConnectionPool(host='www.huxiu.com', port=443): Read timed out.
  ✅ 获取 1 篇文章
📰 获取 澎湃新闻 ...
  ❌ 请求失败 (尝试 1/3): 404 Client Error: Not Found for url: https://m.thepaper.cn/rss_newsDetail.jsp
  ❌ 请求失败 (尝试 2/3): 404 Client Error: Not Found for url: https://m.thepaper.cn/rss_newsDetail.jsp
  ❌ 请求失败 (尝试 3/3): 404 Client Error: Not Found for url: https://m.thepaper.cn/rss_newsDetail.jsp
  ❌ 获取失败
----------------------------------------
📊 总计: 7 篇文章 (去重后)
✅ 新增 0 篇，总计 12 篇
💾 已保存到: /Users/qitmac001395/workspace/QAL/ideas/apps/daily-podcast-ai/cache/2026-02-28-news.json
⏰ [05:00] 开始收集新闻...
📂 当前缓存: 12 篇
🚀 开始获取新闻，共 4 个源
----------------------------------------
📰 获取 36氪 ...
  ✅ 获取 4 篇文章
📰 获取 少数派 ...
  ✅ 获取 2 篇文章
📰 获取 虎嗅 ...
  ✅ 获取 1 篇文章
📰 获取 澎湃新闻 ...
  ❌ 请求失败 (尝试 1/3): 404 Client Error: Not Found for url: https://m.thepaper.cn/rss_newsDetail.jsp
  ❌ 请求失败 (尝试 2/3): 404 Client Error: Not Found for url: https://m.thepaper.cn/rss_newsDetail.jsp
  ❌ 请求失败 (尝试 3/3): 404 Client Error: Not Found for url: https://m.thepaper.cn/rss_newsDetail.jsp
  ❌ 获取失败
----------------------------------------
📊 总计: 7 篇文章 (去重后)
✅ 新增 0 篇，总计 12 篇
💾 已保存到: /Users/qitmac001395/workspace/QAL/ideas/apps/daily-podcast-ai/cache/2026-02-28-news.json
⏰ [06:00] 开始收集新闻...
📂 当前缓存: 12 篇
🚀 开始获取新闻，共 4 个源
----------------------------------------
📰 获取 36氪 ...
  ✅ 获取 4 篇文章
📰 获取 少数派 ...
  ✅ 获取 2 篇文章
📰 获取 虎嗅 ...
  ✅ 获取 1 篇文章
📰 获取 澎湃新闻 ...
  ❌ 请求失败 (尝试 1/3): 404 Client Error: Not Found for url: https://m.thepaper.cn/rss_newsDetail.jsp
  ❌ 请求失败 (尝试 2/3): 404 Client Error: Not Found for url: https://m.thepaper.cn/rss_newsDetail.jsp
  ❌ 请求失败 (尝试 3/3): 404 Client Error: Not Found for url: https://m.thepaper.cn/rss_newsDetail.jsp
  ❌ 获取失败
----------------------------------------
📊 总计: 7 篇文章 (去重后)
✅ 新增 0 篇，总计 12 篇
💾 已保存到: /Users/qitmac001395/workspace/QAL/ideas/apps/daily-podcast-ai/cache/2026-02-28-news.json
⏰ [00:00] 开始收集新闻...
📂 当前缓存: 0 篇
🚀 开始获取新闻，共 4 个源
----------------------------------------
📰 获取 36氪 ...
  ✅ 获取 5 篇文章
📰 获取 少数派 ...
  ✅ 获取 0 篇文章
📰 获取 虎嗅 ...
  ✅ 获取 3 篇文章
📰 获取 澎湃新闻 ...
  ❌ 请求失败 (尝试 1/3): 404 Client Error: Not Found for url: https://m.thepaper.cn/rss_newsDetail.jsp
  ❌ 请求失败 (尝试 2/3): 404 Client Error: Not Found for url: https://m.thepaper.cn/rss_newsDetail.jsp
  ❌ 请求失败 (尝试 3/3): 404 Client Error: Not Found for url: https://m.thepaper.cn/rss_newsDetail.jsp
  ❌ 获取失败
----------------------------------------
📊 总计: 8 篇文章 (去重后)
✅ 新增 8 篇，总计 8 篇
💾 已保存到: /Users/qitmac001395/workspace/QAL/ideas/apps/daily-podcast-ai/cache/2026-03-01-news.json
⏰ [01:00] 开始收集新闻...
📂 当前缓存: 8 篇
🚀 开始获取新闻，共 4 个源
----------------------------------------
📰 获取 36氪 ...
  ✅ 获取 5 篇文章
📰 获取 少数派 ...
  ✅ 获取 0 篇文章
📰 获取 虎嗅 ...
  ✅ 获取 3 篇文章
📰 获取 澎湃新闻 ...
  ❌ 请求失败 (尝试 1/3): 404 Client Error: Not Found for url: https://m.thepaper.cn/rss_newsDetail.jsp
  ❌ 请求失败 (尝试 2/3): 404 Client Error: Not Found for url: https://m.thepaper.cn/rss_newsDetail.jsp
  ❌ 请求失败 (尝试 3/3): 404 Client Error: Not Found for url: https://m.thepaper.cn/rss_newsDetail.jsp
  ❌ 获取失败
----------------------------------------
📊 总计: 8 篇文章 (去重后)
✅ 新增 0 篇，总计 8 篇
💾 已保存到: /Users/qitmac001395/workspace/QAL/ideas/apps/daily-podcast-ai/cache/2026-03-01-news.json
⏰ [02:00] 开始收集新闻...
📂 当前缓存: 8 篇
🚀 开始获取新闻，共 4 个源
----------------------------------------
📰 获取 36氪 ...
  ✅ 获取 4 篇文章
📰 获取 少数派 ...
  ✅ 获取 0 篇文章
📰 获取 虎嗅 ...
  ✅ 获取 3 篇文章
📰 获取 澎湃新闻 ...
  ❌ 请求失败 (尝试 1/3): 404 Client Error: Not Found for url: https://m.thepaper.cn/rss_newsDetail.jsp
  ❌ 请求失败 (尝试 2/3): 404 Client Error: Not Found for url: https://m.thepaper.cn/rss_newsDetail.jsp
  ❌ 请求失败 (尝试 3/3): 404 Client Error: Not Found for url: https://m.thepaper.cn/rss_newsDetail.jsp
  ❌ 获取失败
----------------------------------------
📊 总计: 7 篇文章 (去重后)
✅ 新增 0 篇，总计 8 篇
💾 已保存到: /Users/qitmac001395/workspace/QAL/ideas/apps/daily-podcast-ai/cache/2026-03-01-news.json
⏰ [03:00] 开始收集新闻...
📂 当前缓存: 8 篇
🚀 开始获取新闻，共 4 个源
----------------------------------------
📰 获取 36氪 ...
  ✅ 获取 4 篇文章
📰 获取 少数派 ...
  ✅ 获取 0 篇文章
📰 获取 虎嗅 ...
  ✅ 获取 3 篇文章
📰 获取 澎湃新闻 ...
  ❌ 请求失败 (尝试 1/3): 404 Client Error: Not Found for url: https://m.thepaper.cn/rss_newsDetail.jsp
  ❌ 请求失败 (尝试 2/3): 404 Client Error: Not Found for url: https://m.thepaper.cn/rss_newsDetail.jsp
  ❌ 请求失败 (尝试 3/3): 404 Client Error: Not Found for url: https://m.thepaper.cn/rss_newsDetail.jsp
  ❌ 获取失败
----------------------------------------
📊 总计: 7 篇文章 (去重后)
✅ 新增 0 篇，总计 8 篇
💾 已保存到: /Users/qitmac001395/workspace/QAL/ideas/apps/daily-podcast-ai/cache/2026-03-01-news.json
⏰ [04:00] 开始收集新闻...
📂 当前缓存: 8 篇
🚀 开始获取新闻，共 4 个源
----------------------------------------
📰 获取 36氪 ...
  ✅ 获取 4 篇文章
📰 获取 少数派 ...
  ✅ 获取 0 篇文章
📰 获取 虎嗅 ...
  ✅ 获取 2 篇文章
📰 获取 澎湃新闻 ...
  ❌ 请求失败 (尝试 1/3): 404 Client Error: Not Found for url: https://m.thepaper.cn/rss_newsDetail.jsp
  ❌ 请求失败 (尝试 2/3): 404 Client Error: Not Found for url: https://m.thepaper.cn/rss_newsDetail.jsp
  ❌ 请求失败 (尝试 3/3): 404 Client Error: Not Found for url: https://m.thepaper.cn/rss_newsDetail.jsp
  ❌ 获取失败
----------------------------------------
📊 总计: 6 篇文章 (去重后)
✅ 新增 0 篇，总计 8 篇
💾 已保存到: /Users/qitmac001395/workspace/QAL/ideas/apps/daily-podcast-ai/cache/2026-03-01-news.json
⏰ [05:00] 开始收集新闻...
📂 当前缓存: 8 篇
🚀 开始获取新闻，共 4 个源
----------------------------------------
📰 获取 36氪 ...
  ✅ 获取 4 篇文章
📰 获取 少数派 ...
  ✅ 获取 0 篇文章
📰 获取 虎嗅 ...
  ✅ 获取 2 篇文章
📰 获取 澎湃新闻 ...
  ❌ 请求失败 (尝试 1/3): 404 Client Error: Not Found for url: https://m.thepaper.cn/rss_newsDetail.jsp
  ❌ 请求失败 (尝试 2/3): 404 Client Error: Not Found for url: https://m.thepaper.cn/rss_newsDetail.jsp
  ❌ 请求失败 (尝试 3/3): 404 Client Error: Not Found for url: https://m.thepaper.cn/rss_newsDetail.jsp
  ❌ 获取失败
----------------------------------------
📊 总计: 6 篇文章 (去重后)
✅ 新增 0 篇，总计 8 篇
💾 已保存到: /Users/qitmac001395/workspace/QAL/ideas/apps/daily-podcast-ai/cache/2026-03-01-news.json
⏰ [06:00] 开始收集新闻...
📂 当前缓存: 8 篇
🚀 开始获取新闻，共 4 个源
----------------------------------------
📰 获取 36氪 ...
  ✅ 获取 4 篇文章
📰 获取 少数派 ...
  ✅ 获取 0 篇文章
📰 获取 虎嗅 ...
  ✅ 获取 2 篇文章
📰 获取 澎湃新闻 ...
  ❌ 请求失败 (尝试 1/3): 404 Client Error: Not Found for url: https://m.thepaper.cn/rss_newsDetail.jsp
  ❌ 请求失败 (尝试 2/3): 404 Client Error: Not Found for url: https://m.thepaper.cn/rss_newsDetail.jsp
  ❌ 请求失败 (尝试 3/3): 404 Client Error: Not Found for url: https://m.thepaper.cn/rss_newsDetail.jsp
  ❌ 获取失败
----------------------------------------
📊 总计: 6 篇文章 (去重后)
✅ 新增 0 篇，总计 8 篇
💾 已保存到: /Users/qitmac001395/workspace/QAL/ideas/apps/daily-podcast-ai/cache/2026-03-01-news.json
⏰ [00:00] 开始收集新闻...
📂 当前缓存: 0 篇
🚀 开始获取新闻，共 4 个源
----------------------------------------
📰 获取 36氪 ...
  ✅ 获取 1 篇文章
📰 获取 少数派 ...
  ✅ 获取 0 篇文章
📰 获取 虎嗅 ...
  ✅ 获取 1 篇文章
📰 获取 澎湃新闻 ...
  ❌ 请求失败 (尝试 1/3): 404 Client Error: Not Found for url: https://m.thepaper.cn/rss_newsDetail.jsp
  ❌ 请求失败 (尝试 2/3): 404 Client Error: Not Found for url: https://m.thepaper.cn/rss_newsDetail.jsp
  ❌ 请求失败 (尝试 3/3): 404 Client Error: Not Found for url: https://m.thepaper.cn/rss_newsDetail.jsp
  ❌ 获取失败
----------------------------------------
📊 总计: 2 篇文章 (去重后)
✅ 新增 2 篇，总计 2 篇
💾 已保存到: /Users/qitmac001395/workspace/QAL/ideas/apps/daily-podcast-ai/cache/2026-03-02-news.json
⏰ [01:00] 开始收集新闻...
📂 当前缓存: 2 篇
🚀 开始获取新闻，共 4 个源
----------------------------------------
📰 获取 36氪 ...
  ✅ 获取 1 篇文章
📰 获取 少数派 ...
  ✅ 获取 0 篇文章
📰 获取 虎嗅 ...
  ✅ 获取 1 篇文章
📰 获取 澎湃新闻 ...
  ❌ 请求失败 (尝试 1/3): 404 Client Error: Not Found for url: https://m.thepaper.cn/rss_newsDetail.jsp
  ❌ 请求失败 (尝试 2/3): 404 Client Error: Not Found for url: https://m.thepaper.cn/rss_newsDetail.jsp
  ❌ 请求失败 (尝试 3/3): 404 Client Error: Not Found for url: https://m.thepaper.cn/rss_newsDetail.jsp
  ❌ 获取失败
----------------------------------------
📊 总计: 2 篇文章 (去重后)
✅ 新增 0 篇，总计 2 篇
💾 已保存到: /Users/qitmac001395/workspace/QAL/ideas/apps/daily-podcast-ai/cache/2026-03-02-news.json
⏰ [02:00] 开始收集新闻...
📂 当前缓存: 2 篇
🚀 开始获取新闻，共 4 个源
----------------------------------------
📰 获取 36氪 ...
  ✅ 获取 1 篇文章
📰 获取 少数派 ...
  ✅ 获取 0 篇文章
📰 获取 虎嗅 ...
  ✅ 获取 1 篇文章
📰 获取 澎湃新闻 ...
  ❌ 请求失败 (尝试 1/3): 404 Client Error: Not Found for url: https://m.thepaper.cn/rss_newsDetail.jsp
  ❌ 请求失败 (尝试 2/3): 404 Client Error: Not Found for url: https://m.thepaper.cn/rss_newsDetail.jsp
  ❌ 请求失败 (尝试 3/3): 404 Client Error: Not Found for url: https://m.thepaper.cn/rss_newsDetail.jsp
  ❌ 获取失败
----------------------------------------
📊 总计: 2 篇文章 (去重后)
✅ 新增 0 篇，总计 2 篇
💾 已保存到: /Users/qitmac001395/workspace/QAL/ideas/apps/daily-podcast-ai/cache/2026-03-02-news.json
⏰ [03:00] 开始收集新闻...
📂 当前缓存: 2 篇
🚀 开始获取新闻，共 4 个源
----------------------------------------
📰 获取 36氪 ...
  ✅ 获取 1 篇文章
📰 获取 少数派 ...
  ✅ 获取 0 篇文章
📰 获取 虎嗅 ...
  ✅ 获取 1 篇文章
📰 获取 澎湃新闻 ...
  ❌ 请求失败 (尝试 1/3): 404 Client Error: Not Found for url: https://m.thepaper.cn/rss_newsDetail.jsp
  ❌ 请求失败 (尝试 2/3): 404 Client Error: Not Found for url: https://m.thepaper.cn/rss_newsDetail.jsp
  ❌ 请求失败 (尝试 3/3): 404 Client Error: Not Found for url: https://m.thepaper.cn/rss_newsDetail.jsp
  ❌ 获取失败
----------------------------------------
📊 总计: 2 篇文章 (去重后)
✅ 新增 0 篇，总计 2 篇
💾 已保存到: /Users/qitmac001395/workspace/QAL/ideas/apps/daily-podcast-ai/cache/2026-03-02-news.json
⏰ [04:00] 开始收集新闻...
📂 当前缓存: 2 篇
🚀 开始获取新闻，共 4 个源
----------------------------------------
📰 获取 36氪 ...
  ✅ 获取 1 篇文章
📰 获取 少数派 ...
  ✅ 获取 0 篇文章
📰 获取 虎嗅 ...
  ✅ 获取 1 篇文章
📰 获取 澎湃新闻 ...
  ❌ 请求失败 (尝试 1/3): 404 Client Error: Not Found for url: https://m.thepaper.cn/rss_newsDetail.jsp
  ❌ 请求失败 (尝试 2/3): 404 Client Error: Not Found for url: https://m.thepaper.cn/rss_newsDetail.jsp
  ❌ 请求失败 (尝试 3/3): 404 Client Error: Not Found for url: https://m.thepaper.cn/rss_newsDetail.jsp
  ❌ 获取失败
----------------------------------------
📊 总计: 2 篇文章 (去重后)
✅ 新增 0 篇，总计 2 篇
💾 已保存到: /Users/qitmac001395/workspace/QAL/ideas/apps/daily-podcast-ai/cache/2026-03-02-news.json
⏰ [05:00] 开始收集新闻...
📂 当前缓存: 2 篇
🚀 开始获取新闻，共 4 个源
----------------------------------------
📰 获取 36氪 ...
  ✅ 获取 1 篇文章
📰 获取 少数派 ...
  ✅ 获取 0 篇文章
📰 获取 虎嗅 ...
  ✅ 获取 1 篇文章
📰 获取 澎湃新闻 ...
  ❌ 请求失败 (尝试 1/3): 404 Client Error: Not Found for url: https://m.thepaper.cn/rss_newsDetail.jsp
  ❌ 请求失败 (尝试 2/3): 404 Client Error: Not Found for url: https://m.thepaper.cn/rss_newsDetail.jsp
  ❌ 请求失败 (尝试 3/3): 404 Client Error: Not Found for url: https://m.thepaper.cn/rss_newsDetail.jsp
  ❌ 获取失败
----------------------------------------
📊 总计: 2 篇文章 (去重后)
✅ 新增 0 篇，总计 2 篇
💾 已保存到: /Users/qitmac001395/workspace/QAL/ideas/apps/daily-podcast-ai/cache/2026-03-02-news.json
⏰ [06:00] 开始收集新闻...
📂 当前缓存: 2 篇
🚀 开始获取新闻，共 4 个源
----------------------------------------
📰 获取 36氪 ...
  ✅ 获取 1 篇文章
📰 获取 少数派 ...
  ✅ 获取 0 篇文章
📰 获取 虎嗅 ...
  ✅ 获取 1 篇文章
📰 获取 澎湃新闻 ...
  ❌ 请求失败 (尝试 1/3): 404 Client Error: Not Found for url: https://m.thepaper.cn/rss_newsDetail.jsp
  ❌ 请求失败 (尝试 2/3): 404 Client Error: Not Found for url: https://m.thepaper.cn/rss_newsDetail.jsp
  ❌ 请求失败 (尝试 3/3): 404 Client Error: Not Found for url: https://m.thepaper.cn/rss_newsDetail.jsp
  ❌ 获取失败
----------------------------------------
📊 总计: 2 篇文章 (去重后)
✅ 新增 0 篇，总计 2 篇
💾 已保存到: /Users/qitmac001395/workspace/QAL/ideas/apps/daily-podcast-ai/cache/2026-03-02-news.json
⏰ [00:02] 开始收集新闻...
📂 当前缓存: 0 篇
🚀 开始获取新闻，共 4 个源
----------------------------------------
📰 获取 36氪 ...
  ✅ 获取 9 篇文章
📰 获取 少数派 ...
  ✅ 获取 1 篇文章
📰 获取 虎嗅 ...
  ✅ 获取 5 篇文章
📰 获取 澎湃新闻 ...
  ❌ 请求失败 (尝试 1/3): 404 Client Error: Not Found for url: https://m.thepaper.cn/rss_newsDetail.jsp
  ❌ 请求失败 (尝试 2/3): 404 Client Error: Not Found for url: https://m.thepaper.cn/rss_newsDetail.jsp
  ❌ 请求失败 (尝试 3/3): 404 Client Error: Not Found for url: https://m.thepaper.cn/rss_newsDetail.jsp
  ❌ 获取失败
----------------------------------------
📊 总计: 15 篇文章 (去重后)
✅ 新增 15 篇，总计 15 篇
💾 已保存到: /Users/qitmac001395/workspace/QAL/ideas/apps/daily-podcast-ai/cache/2026-03-03-news.json
⏰ [01:00] 开始收集新闻...
📂 当前缓存: 15 篇
🚀 开始获取新闻，共 4 个源
----------------------------------------
📰 获取 36氪 ...
  ✅ 获取 6 篇文章
📰 获取 少数派 ...
  ✅ 获取 1 篇文章
📰 获取 虎嗅 ...
  ✅ 获取 5 篇文章
📰 获取 澎湃新闻 ...
  ❌ 请求失败 (尝试 1/3): 404 Client Error: Not Found for url: https://m.thepaper.cn/rss_newsDetail.jsp
  ❌ 请求失败 (尝试 2/3): 404 Client Error: Not Found for url: https://m.thepaper.cn/rss_newsDetail.jsp
  ❌ 请求失败 (尝试 3/3): 404 Client Error: Not Found for url: https://m.thepaper.cn/rss_newsDetail.jsp
  ❌ 获取失败
----------------------------------------
📊 总计: 12 篇文章 (去重后)
✅ 新增 0 篇，总计 15 篇
💾 已保存到: /Users/qitmac001395/workspace/QAL/ideas/apps/daily-podcast-ai/cache/2026-03-03-news.json
⏰ [02:07] 开始收集新闻...
📂 当前缓存: 15 篇
🚀 开始获取新闻，共 4 个源
----------------------------------------
📰 获取 36氪 ...
  ✅ 获取 6 篇文章
📰 获取 少数派 ...
  ✅ 获取 1 篇文章
📰 获取 虎嗅 ...
  ✅ 获取 4 篇文章
📰 获取 澎湃新闻 ...
  ❌ 请求失败 (尝试 1/3): 404 Client Error: Not Found for url: https://m.thepaper.cn/rss_newsDetail.jsp
  ❌ 请求失败 (尝试 2/3): 404 Client Error: Not Found for url: https://m.thepaper.cn/rss_newsDetail.jsp
  ❌ 请求失败 (尝试 3/3): 404 Client Error: Not Found for url: https://m.thepaper.cn/rss_newsDetail.jsp
  ❌ 获取失败
----------------------------------------
📊 总计: 11 篇文章 (去重后)
✅ 新增 0 篇，总计 15 篇
💾 已保存到: /Users/qitmac001395/workspace/QAL/ideas/apps/daily-podcast-ai/cache/2026-03-03-news.json
⏰ [03:05] 开始收集新闻...
📂 当前缓存: 15 篇
🚀 开始获取新闻，共 4 个源
----------------------------------------
📰 获取 36氪 ...
  ✅ 获取 5 篇文章
📰 获取 少数派 ...
  ✅ 获取 1 篇文章
📰 获取 虎嗅 ...
  ✅ 获取 4 篇文章
📰 获取 澎湃新闻 ...
  ❌ 请求失败 (尝试 1/3): 404 Client Error: Not Found for url: https://m.thepaper.cn/rss_newsDetail.jsp
  ❌ 请求失败 (尝试 2/3): 404 Client Error: Not Found for url: https://m.thepaper.cn/rss_newsDetail.jsp
  ❌ 请求失败 (尝试 3/3): 404 Client Error: Not Found for url: https://m.thepaper.cn/rss_newsDetail.jsp
  ❌ 获取失败
----------------------------------------
📊 总计: 10 篇文章 (去重后)
✅ 新增 0 篇，总计 15 篇
💾 已保存到: /Users/qitmac001395/workspace/QAL/ideas/apps/daily-podcast-ai/cache/2026-03-03-news.json
⏰ [04:07] 开始收集新闻...
📂 当前缓存: 15 篇
🚀 开始获取新闻，共 4 个源
----------------------------------------
📰 获取 36氪 ...
  ✅ 获取 4 篇文章
📰 获取 少数派 ...
  ✅ 获取 0 篇文章
📰 获取 虎嗅 ...
  ✅ 获取 4 篇文章
📰 获取 澎湃新闻 ...
  ❌ 请求失败 (尝试 1/3): 404 Client Error: Not Found for url: https://m.thepaper.cn/rss_newsDetail.jsp
  ❌ 请求失败 (尝试 2/3): 404 Client Error: Not Found for url: https://m.thepaper.cn/rss_newsDetail.jsp
  ❌ 请求失败 (尝试 3/3): 404 Client Error: Not Found for url: https://m.thepaper.cn/rss_newsDetail.jsp
  ❌ 获取失败
----------------------------------------
📊 总计: 8 篇文章 (去重后)
✅ 新增 0 篇，总计 15 篇
💾 已保存到: /Users/qitmac001395/workspace/QAL/ideas/apps/daily-podcast-ai/cache/2026-03-03-news.json
⏰ [05:09] 开始收集新闻...
📂 当前缓存: 15 篇
🚀 开始获取新闻，共 4 个源
----------------------------------------
📰 获取 36氪 ...
  ✅ 获取 4 篇文章
📰 获取 少数派 ...
  ✅ 获取 0 篇文章
📰 获取 虎嗅 ...
  ✅ 获取 4 篇文章
📰 获取 澎湃新闻 ...
  ❌ 请求失败 (尝试 1/3): 404 Client Error: Not Found for url: https://m.thepaper.cn/rss_newsDetail.jsp
  ❌ 请求失败 (尝试 2/3): 404 Client Error: Not Found for url: https://m.thepaper.cn/rss_newsDetail.jsp
  ❌ 请求失败 (尝试 3/3): 404 Client Error: Not Found for url: https://m.thepaper.cn/rss_newsDetail.jsp
  ❌ 获取失败
----------------------------------------
📊 总计: 8 篇文章 (去重后)
✅ 新增 0 篇，总计 15 篇
💾 已保存到: /Users/qitmac001395/workspace/QAL/ideas/apps/daily-podcast-ai/cache/2026-03-03-news.json
⏰ [06:11] 开始收集新闻...
📂 当前缓存: 15 篇
🚀 开始获取新闻，共 4 个源
----------------------------------------
📰 获取 36氪 ...
  ✅ 获取 3 篇文章
📰 获取 少数派 ...
  ✅ 获取 0 篇文章
📰 获取 虎嗅 ...
  ✅ 获取 4 篇文章
📰 获取 澎湃新闻 ...
  ❌ 请求失败 (尝试 1/3): 404 Client Error: Not Found for url: https://m.thepaper.cn/rss_newsDetail.jsp
  ❌ 请求失败 (尝试 2/3): 404 Client Error: Not Found for url: https://m.thepaper.cn/rss_newsDetail.jsp
  ❌ 请求失败 (尝试 3/3): 404 Client Error: Not Found for url: https://m.thepaper.cn/rss_newsDetail.jsp
  ❌ 获取失败
----------------------------------------
📊 总计: 7 篇文章 (去重后)
✅ 新增 0 篇，总计 15 篇
💾 已保存到: /Users/qitmac001395/workspace/QAL/ideas/apps/daily-podcast-ai/cache/2026-03-03-news.json
⏰ [00:00] 开始收集新闻...
📂 当前缓存: 0 篇
🚀 开始获取新闻，共 4 个源
----------------------------------------
📰 获取 36氪 ...
  ✅ 获取 8 篇文章
📰 获取 少数派 ...
  ✅ 获取 1 篇文章
📰 获取 虎嗅 ...
  ✅ 获取 4 篇文章
📰 获取 澎湃新闻 ...
  ❌ 请求失败 (尝试 1/3): 404 Client Error: Not Found for url: https://m.thepaper.cn/rss_newsDetail.jsp
  ❌ 请求失败 (尝试 2/3): 404 Client Error: Not Found for url: https://m.thepaper.cn/rss_newsDetail.jsp
  ❌ 请求失败 (尝试 3/3): 404 Client Error: Not Found for url: https://m.thepaper.cn/rss_newsDetail.jsp
  ❌ 获取失败
----------------------------------------
📊 总计: 13 篇文章 (去重后)
✅ 新增 13 篇，总计 13 篇
💾 已保存到: /Users/qitmac001395/workspace/QAL/ideas/apps/daily-podcast-ai/cache/2026-03-04-news.json
⏰ [01:00] 开始收集新闻...
📂 当前缓存: 13 篇
🚀 开始获取新闻，共 4 个源
----------------------------------------
📰 获取 36氪 ...
  ✅ 获取 8 篇文章
📰 获取 少数派 ...
  ✅ 获取 1 篇文章
📰 获取 虎嗅 ...
  ✅ 获取 4 篇文章
📰 获取 澎湃新闻 ...
  ❌ 请求失败 (尝试 1/3): 404 Client Error: Not Found for url: https://m.thepaper.cn/rss_newsDetail.jsp
  ❌ 请求失败 (尝试 2/3): HTTPSConnectionPool(host='m.thepaper.cn', port=443): Read timed out. (read timeout=30)
  ❌ 请求失败 (尝试 3/3): 404 Client Error: Not Found for url: https://m.thepaper.cn/rss_newsDetail.jsp
  ❌ 获取失败
----------------------------------------
📊 总计: 13 篇文章 (去重后)
✅ 新增 0 篇，总计 13 篇
💾 已保存到: /Users/qitmac001395/workspace/QAL/ideas/apps/daily-podcast-ai/cache/2026-03-04-news.json
⏰ [02:16] 开始收集新闻...
📂 当前缓存: 13 篇
🚀 开始获取新闻，共 4 个源
----------------------------------------
📰 获取 36氪 ...
  ✅ 获取 6 篇文章
📰 获取 少数派 ...
  ✅ 获取 0 篇文章
📰 获取 虎嗅 ...
  ✅ 获取 3 篇文章
📰 获取 澎湃新闻 ...
  ❌ 请求失败 (尝试 1/3): 404 Client Error: Not Found for url: https://m.thepaper.cn/rss_newsDetail.jsp
  ❌ 请求失败 (尝试 2/3): 404 Client Error: Not Found for url: https://m.thepaper.cn/rss_newsDetail.jsp
  ❌ 请求失败 (尝试 3/3): 404 Client Error: Not Found for url: https://m.thepaper.cn/rss_newsDetail.jsp
  ❌ 获取失败
----------------------------------------
📊 总计: 9 篇文章 (去重后)
✅ 新增 0 篇，总计 13 篇
💾 已保存到: /Users/qitmac001395/workspace/QAL/ideas/apps/daily-podcast-ai/cache/2026-03-04-news.json
⏰ [03:01] 开始收集新闻...
📂 当前缓存: 13 篇
🚀 开始获取新闻，共 4 个源
----------------------------------------
📰 获取 36氪 ...
  ✅ 获取 5 篇文章
📰 获取 少数派 ...
  ✅ 获取 0 篇文章
📰 获取 虎嗅 ...
  ✅ 获取 3 篇文章
📰 获取 澎湃新闻 ...
  ❌ 请求失败 (尝试 1/3): 404 Client Error: Not Found for url: https://m.thepaper.cn/rss_newsDetail.jsp
  ❌ 请求失败 (尝试 2/3): 404 Client Error: Not Found for url: https://m.thepaper.cn/rss_newsDetail.jsp
  ❌ 请求失败 (尝试 3/3): 404 Client Error: Not Found for url: https://m.thepaper.cn/rss_newsDetail.jsp
  ❌ 获取失败
----------------------------------------
📊 总计: 8 篇文章 (去重后)
✅ 新增 0 篇，总计 13 篇
💾 已保存到: /Users/qitmac001395/workspace/QAL/ideas/apps/daily-podcast-ai/cache/2026-03-04-news.json
⏰ [04:04] 开始收集新闻...
📂 当前缓存: 13 篇
🚀 开始获取新闻，共 4 个源
----------------------------------------
📰 获取 36氪 ...
  ✅ 获取 5 篇文章
📰 获取 少数派 ...
  ✅ 获取 0 篇文章
📰 获取 虎嗅 ...
  ✅ 获取 3 篇文章
📰 获取 澎湃新闻 ...
  ❌ 请求失败 (尝试 1/3): 404 Client Error: Not Found for url: https://m.thepaper.cn/rss_newsDetail.jsp
  ❌ 请求失败 (尝试 2/3): 404 Client Error: Not Found for url: https://m.thepaper.cn/rss_newsDetail.jsp
  ❌ 请求失败 (尝试 3/3): 404 Client Error: Not Found for url: https://m.thepaper.cn/rss_newsDetail.jsp
  ❌ 获取失败
----------------------------------------
📊 总计: 8 篇文章 (去重后)
✅ 新增 0 篇，总计 13 篇
💾 已保存到: /Users/qitmac001395/workspace/QAL/ideas/apps/daily-podcast-ai/cache/2026-03-04-news.json
⏰ [05:15] 开始收集新闻...
📂 当前缓存: 13 篇
🚀 开始获取新闻，共 4 个源
----------------------------------------
📰 获取 36氪 ...
  ✅ 获取 5 篇文章
📰 获取 少数派 ...
  ✅ 获取 0 篇文章
📰 获取 虎嗅 ...
  ✅ 获取 3 篇文章
📰 获取 澎湃新闻 ...
  ❌ 请求失败 (尝试 1/3): 404 Client Error: Not Found for url: https://m.thepaper.cn/rss_newsDetail.jsp
  ❌ 请求失败 (尝试 2/3): 404 Client Error: Not Found for url: https://m.thepaper.cn/rss_newsDetail.jsp
  ❌ 请求失败 (尝试 3/3): 404 Client Error: Not Found for url: https://m.thepaper.cn/rss_newsDetail.jsp
  ❌ 获取失败
----------------------------------------
📊 总计: 8 篇文章 (去重后)
✅ 新增 0 篇，总计 13 篇
💾 已保存到: /Users/qitmac001395/workspace/QAL/ideas/apps/daily-podcast-ai/cache/2026-03-04-news.json
⏰ [06:06] 开始收集新闻...
📂 当前缓存: 13 篇
🚀 开始获取新闻，共 4 个源
----------------------------------------
📰 获取 36氪 ...
  ✅ 获取 4 篇文章
📰 获取 少数派 ...
  ✅ 获取 0 篇文章
📰 获取 虎嗅 ...
  ✅ 获取 3 篇文章
📰 获取 澎湃新闻 ...
  ❌ 请求失败 (尝试 1/3): 404 Client Error: Not Found for url: https://m.thepaper.cn/rss_newsDetail.jsp
  ❌ 请求失败 (尝试 2/3): 404 Client Error: Not Found for url: https://m.thepaper.cn/rss_newsDetail.jsp
  ❌ 请求失败 (尝试 3/3): 404 Client Error: Not Found for url: https://m.thepaper.cn/rss_newsDetail.jsp
  ❌ 获取失败
----------------------------------------
📊 总计: 7 篇文章 (去重后)
✅ 新增 0 篇，总计 13 篇
💾 已保存到: /Users/qitmac001395/workspace/QAL/ideas/apps/daily-podcast-ai/cache/2026-03-04-news.json
⏰ [00:06] 开始收集新闻...
📂 当前缓存: 0 篇
🚀 开始获取新闻，共 4 个源
----------------------------------------
📰 获取 36氪 ...
  ✅ 获取 10 篇文章
📰 获取 少数派 ...
  ✅ 获取 2 篇文章
📰 获取 虎嗅 ...
  ✅ 获取 0 篇文章
📰 获取 澎湃新闻 ...
  ❌ 请求失败 (尝试 1/3): 404 Client Error: Not Found for url: https://m.thepaper.cn/rss_newsDetail.jsp
  ❌ 请求失败 (尝试 2/3): 404 Client Error: Not Found for url: https://m.thepaper.cn/rss_newsDetail.jsp
  ❌ 请求失败 (尝试 3/3): 404 Client Error: Not Found for url: https://m.thepaper.cn/rss_newsDetail.jsp
  ❌ 获取失败
----------------------------------------
📊 总计: 12 篇文章 (去重后)
✅ 新增 12 篇，总计 12 篇
💾 已保存到: /Users/qitmac001395/workspace/QAL/ideas/apps/daily-podcast-ai/cache/2026-03-05-news.json
⏰ [01:00] 开始收集新闻...
📂 当前缓存: 12 篇
🚀 开始获取新闻，共 4 个源
----------------------------------------
📰 获取 36氪 ...
  ✅ 获取 9 篇文章
📰 获取 少数派 ...
  ✅ 获取 2 篇文章
📰 获取 虎嗅 ...
  ✅ 获取 0 篇文章
📰 获取 澎湃新闻 ...
  ❌ 请求失败 (尝试 1/3): 404 Client Error: Not Found for url: https://m.thepaper.cn/rss_newsDetail.jsp
  ❌ 请求失败 (尝试 2/3): 404 Client Error: Not Found for url: https://m.thepaper.cn/rss_newsDetail.jsp
  ❌ 请求失败 (尝试 3/3): 404 Client Error: Not Found for url: https://m.thepaper.cn/rss_newsDetail.jsp
  ❌ 获取失败
----------------------------------------
📊 总计: 11 篇文章 (去重后)
✅ 新增 0 篇，总计 12 篇
💾 已保存到: /Users/qitmac001395/workspace/QAL/ideas/apps/daily-podcast-ai/cache/2026-03-05-news.json
⏰ [02:08] 开始收集新闻...
📂 当前缓存: 12 篇
🚀 开始获取新闻，共 4 个源
----------------------------------------
📰 获取 36氪 ...
  ✅ 获取 7 篇文章
📰 获取 少数派 ...
  ✅ 获取 2 篇文章
📰 获取 虎嗅 ...
  ✅ 获取 0 篇文章
📰 获取 澎湃新闻 ...
  ❌ 请求失败 (尝试 1/3): 404 Client Error: Not Found for url: https://m.thepaper.cn/rss_newsDetail.jsp
  ❌ 请求失败 (尝试 2/3): 404 Client Error: Not Found for url: https://m.thepaper.cn/rss_newsDetail.jsp
  ❌ 请求失败 (尝试 3/3): 404 Client Error: Not Found for url: https://m.thepaper.cn/rss_newsDetail.jsp
  ❌ 获取失败
----------------------------------------
📊 总计: 9 篇文章 (去重后)
✅ 新增 0 篇，总计 12 篇
💾 已保存到: /Users/qitmac001395/workspace/QAL/ideas/apps/daily-podcast-ai/cache/2026-03-05-news.json
⏰ [03:00] 开始收集新闻...
📂 当前缓存: 12 篇
🚀 开始获取新闻，共 4 个源
----------------------------------------
📰 获取 36氪 ...
  ✅ 获取 7 篇文章
📰 获取 少数派 ...
  ✅ 获取 2 篇文章
📰 获取 虎嗅 ...
  ✅ 获取 0 篇文章
📰 获取 澎湃新闻 ...
  ❌ 请求失败 (尝试 1/3): 404 Client Error: Not Found for url: https://m.thepaper.cn/rss_newsDetail.jsp
  ❌ 请求失败 (尝试 2/3): 404 Client Error: Not Found for url: https://m.thepaper.cn/rss_newsDetail.jsp
  ❌ 请求失败 (尝试 3/3): 404 Client Error: Not Found for url: https://m.thepaper.cn/rss_newsDetail.jsp
  ❌ 获取失败
----------------------------------------
📊 总计: 9 篇文章 (去重后)
✅ 新增 0 篇，总计 12 篇
💾 已保存到: /Users/qitmac001395/workspace/QAL/ideas/apps/daily-podcast-ai/cache/2026-03-05-news.json
⏰ [04:10] 开始收集新闻...
📂 当前缓存: 12 篇
🚀 开始获取新闻，共 4 个源
----------------------------------------
📰 获取 36氪 ...
  ✅ 获取 7 篇文章
📰 获取 少数派 ...
  ✅ 获取 2 篇文章
📰 获取 虎嗅 ...
  ✅ 获取 0 篇文章
📰 获取 澎湃新闻 ...
  ❌ 请求失败 (尝试 1/3): 404 Client Error: Not Found for url: https://m.thepaper.cn/rss_newsDetail.jsp
  ❌ 请求失败 (尝试 2/3): 404 Client Error: Not Found for url: https://m.thepaper.cn/rss_newsDetail.jsp
  ❌ 请求失败 (尝试 3/3): 404 Client Error: Not Found for url: https://m.thepaper.cn/rss_newsDetail.jsp
  ❌ 获取失败
----------------------------------------
📊 总计: 9 篇文章 (去重后)
✅ 新增 0 篇，总计 12 篇
💾 已保存到: /Users/qitmac001395/workspace/QAL/ideas/apps/daily-podcast-ai/cache/2026-03-05-news.json
⏰ [05:00] 开始收集新闻...
📂 当前缓存: 12 篇
🚀 开始获取新闻，共 4 个源
----------------------------------------
📰 获取 36氪 ...
  ✅ 获取 7 篇文章
📰 获取 少数派 ...
  ✅ 获取 2 篇文章
📰 获取 虎嗅 ...
  ✅ 获取 0 篇文章
📰 获取 澎湃新闻 ...
  ❌ 请求失败 (尝试 1/3): 404 Client Error: Not Found for url: https://m.thepaper.cn/rss_newsDetail.jsp
  ❌ 请求失败 (尝试 2/3): 404 Client Error: Not Found for url: https://m.thepaper.cn/rss_newsDetail.jsp
  ❌ 请求失败 (尝试 3/3): 404 Client Error: Not Found for url: https://m.thepaper.cn/rss_newsDetail.jsp
  ❌ 获取失败
----------------------------------------
📊 总计: 9 篇文章 (去重后)
✅ 新增 0 篇，总计 12 篇
💾 已保存到: /Users/qitmac001395/workspace/QAL/ideas/apps/daily-podcast-ai/cache/2026-03-05-news.json
⏰ [06:06] 开始收集新闻...
📂 当前缓存: 12 篇
🚀 开始获取新闻，共 4 个源
----------------------------------------
📰 获取 36氪 ...
  ✅ 获取 7 篇文章
📰 获取 少数派 ...
  ✅ 获取 2 篇文章
📰 获取 虎嗅 ...
  ✅ 获取 0 篇文章
📰 获取 澎湃新闻 ...
  ❌ 请求失败 (尝试 1/3): 404 Client Error: Not Found for url: https://m.thepaper.cn/rss_newsDetail.jsp
  ❌ 请求失败 (尝试 2/3): 404 Client Error: Not Found for url: https://m.thepaper.cn/rss_newsDetail.jsp
  ❌ 请求失败 (尝试 3/3): 404 Client Error: Not Found for url: https://m.thepaper.cn/rss_newsDetail.jsp
  ❌ 获取失败
----------------------------------------
📊 总计: 9 篇文章 (去重后)
✅ 新增 0 篇，总计 12 篇
💾 已保存到: /Users/qitmac001395/workspace/QAL/ideas/apps/daily-podcast-ai/cache/2026-03-05-news.json
⏰ [00:09] 开始收集新闻...
📂 当前缓存: 0 篇
🚀 开始获取新闻，共 4 个源
----------------------------------------
📰 获取 36氪 ...
  ✅ 获取 10 篇文章
📰 获取 少数派 ...
  ✅ 获取 3 篇文章
📰 获取 虎嗅 ...
  ✅ 获取 1 篇文章
📰 获取 澎湃新闻 ...
  ❌ 请求失败 (尝试 1/3): 404 Client Error: Not Found for url: https://m.thepaper.cn/rss_newsDetail.jsp
  ❌ 请求失败 (尝试 2/3): 404 Client Error: Not Found for url: https://m.thepaper.cn/rss_newsDetail.jsp
  ❌ 请求失败 (尝试 3/3): 404 Client Error: Not Found for url: https://m.thepaper.cn/rss_newsDetail.jsp
  ❌ 获取失败
----------------------------------------
📊 总计: 14 篇文章 (去重后)
✅ 新增 14 篇，总计 14 篇
💾 已保存到: /Users/qitmac001395/workspace/QAL/ideas/apps/daily-podcast-ai/cache/2026-03-06-news.json
⏰ [01:00] 开始收集新闻...
📂 当前缓存: 14 篇
🚀 开始获取新闻，共 4 个源
----------------------------------------
📰 获取 36氪 ...
  ✅ 获取 9 篇文章
📰 获取 少数派 ...
  ✅ 获取 2 篇文章
📰 获取 虎嗅 ...
  ✅ 获取 1 篇文章
📰 获取 澎湃新闻 ...
  ❌ 请求失败 (尝试 1/3): 404 Client Error: Not Found for url: https://m.thepaper.cn/rss_newsDetail.jsp
  ❌ 请求失败 (尝试 2/3): 404 Client Error: Not Found for url: https://m.thepaper.cn/rss_newsDetail.jsp
  ❌ 请求失败 (尝试 3/3): 404 Client Error: Not Found for url: https://m.thepaper.cn/rss_newsDetail.jsp
  ❌ 获取失败
----------------------------------------
📊 总计: 12 篇文章 (去重后)
✅ 新增 0 篇，总计 14 篇
💾 已保存到: /Users/qitmac001395/workspace/QAL/ideas/apps/daily-podcast-ai/cache/2026-03-06-news.json
⏰ [02:00] 开始收集新闻...
📂 当前缓存: 14 篇
🚀 开始获取新闻，共 4 个源
----------------------------------------
📰 获取 36氪 ...
  ✅ 获取 8 篇文章
📰 获取 少数派 ...
  ✅ 获取 2 篇文章
📰 获取 虎嗅 ...
  ✅ 获取 1 篇文章
📰 获取 澎湃新闻 ...
  ❌ 请求失败 (尝试 1/3): 404 Client Error: Not Found for url: https://m.thepaper.cn/rss_newsDetail.jsp
  ❌ 请求失败 (尝试 2/3): 404 Client Error: Not Found for url: https://m.thepaper.cn/rss_newsDetail.jsp
  ❌ 请求失败 (尝试 3/3): 404 Client Error: Not Found for url: https://m.thepaper.cn/rss_newsDetail.jsp
  ❌ 获取失败
----------------------------------------
📊 总计: 11 篇文章 (去重后)
✅ 新增 0 篇，总计 14 篇
💾 已保存到: /Users/qitmac001395/workspace/QAL/ideas/apps/daily-podcast-ai/cache/2026-03-06-news.json
⏰ [03:06] 开始收集新闻...
📂 当前缓存: 14 篇
🚀 开始获取新闻，共 4 个源
----------------------------------------
📰 获取 36氪 ...
  ✅ 获取 7 篇文章
📰 获取 少数派 ...
  ✅ 获取 1 篇文章
📰 获取 虎嗅 ...
  ✅ 获取 0 篇文章
📰 获取 澎湃新闻 ...
  ❌ 请求失败 (尝试 1/3): 404 Client Error: Not Found for url: https://m.thepaper.cn/rss_newsDetail.jsp
  ❌ 请求失败 (尝试 2/3): 404 Client Error: Not Found for url: https://m.thepaper.cn/rss_newsDetail.jsp
  ❌ 请求失败 (尝试 3/3): 404 Client Error: Not Found for url: https://m.thepaper.cn/rss_newsDetail.jsp
  ❌ 获取失败
----------------------------------------
📊 总计: 8 篇文章 (去重后)
✅ 新增 0 篇，总计 14 篇
💾 已保存到: /Users/qitmac001395/workspace/QAL/ideas/apps/daily-podcast-ai/cache/2026-03-06-news.json
⏰ [04:08] 开始收集新闻...
📂 当前缓存: 14 篇
🚀 开始获取新闻，共 4 个源
----------------------------------------
📰 获取 36氪 ...
  ✅ 获取 7 篇文章
📰 获取 少数派 ...
  ✅ 获取 1 篇文章
📰 获取 虎嗅 ...
  ✅ 获取 0 篇文章
📰 获取 澎湃新闻 ...
  ❌ 请求失败 (尝试 1/3): 404 Client Error: Not Found for url: https://m.thepaper.cn/rss_newsDetail.jsp
  ❌ 请求失败 (尝试 2/3): 404 Client Error: Not Found for url: https://m.thepaper.cn/rss_newsDetail.jsp
  ❌ 请求失败 (尝试 3/3): 404 Client Error: Not Found for url: https://m.thepaper.cn/rss_newsDetail.jsp
  ❌ 获取失败
----------------------------------------
📊 总计: 8 篇文章 (去重后)
✅ 新增 0 篇，总计 14 篇
💾 已保存到: /Users/qitmac001395/workspace/QAL/ideas/apps/daily-podcast-ai/cache/2026-03-06-news.json
⏰ [05:21] 开始收集新闻...
📂 当前缓存: 14 篇
🚀 开始获取新闻，共 4 个源
----------------------------------------
📰 获取 36氪 ...
  ✅ 获取 7 篇文章
📰 获取 少数派 ...
  ✅ 获取 1 篇文章
📰 获取 虎嗅 ...
  ✅ 获取 0 篇文章
📰 获取 澎湃新闻 ...
  ❌ 请求失败 (尝试 1/3): 404 Client Error: Not Found for url: https://m.thepaper.cn/rss_newsDetail.jsp
  ❌ 请求失败 (尝试 2/3): 404 Client Error: Not Found for url: https://m.thepaper.cn/rss_newsDetail.jsp
  ❌ 请求失败 (尝试 3/3): 404 Client Error: Not Found for url: https://m.thepaper.cn/rss_newsDetail.jsp
  ❌ 获取失败
----------------------------------------
📊 总计: 8 篇文章 (去重后)
✅ 新增 0 篇，总计 14 篇
💾 已保存到: /Users/qitmac001395/workspace/QAL/ideas/apps/daily-podcast-ai/cache/2026-03-06-news.json
⏰ [06:04] 开始收集新闻...
📂 当前缓存: 14 篇
🚀 开始获取新闻，共 4 个源
----------------------------------------
📰 获取 36氪 ...
  ✅ 获取 6 篇文章
📰 获取 少数派 ...
  ✅ 获取 1 篇文章
📰 获取 虎嗅 ...
  ✅ 获取 0 篇文章
📰 获取 澎湃新闻 ...
  ❌ 请求失败 (尝试 1/3): 404 Client Error: Not Found for url: https://m.thepaper.cn/rss_newsDetail.jsp
  ❌ 请求失败 (尝试 2/3): 404 Client Error: Not Found for url: https://m.thepaper.cn/rss_newsDetail.jsp
  ❌ 请求失败 (尝试 3/3): 404 Client Error: Not Found for url: https://m.thepaper.cn/rss_newsDetail.jsp
  ❌ 获取失败
----------------------------------------
📊 总计: 7 篇文章 (去重后)
✅ 新增 0 篇，总计 14 篇
💾 已保存到: /Users/qitmac001395/workspace/QAL/ideas/apps/daily-podcast-ai/cache/2026-03-06-news.json
⏰ [00:00] 开始收集新闻...
📂 当前缓存: 0 篇
🚀 开始获取新闻，共 4 个源
----------------------------------------
📰 获取 36氪 ...
  ✅ 获取 5 篇文章
📰 获取 少数派 ...
  ✅ 获取 1 篇文章
📰 获取 虎嗅 ...
  ✅ 获取 4 篇文章
📰 获取 澎湃新闻 ...
  ❌ 请求失败 (尝试 1/3): 404 Client Error: Not Found for url: https://m.thepaper.cn/rss_newsDetail.jsp
  ❌ 请求失败 (尝试 2/3): 404 Client Error: Not Found for url: https://m.thepaper.cn/rss_newsDetail.jsp
  ❌ 请求失败 (尝试 3/3): 404 Client Error: Not Found for url: https://m.thepaper.cn/rss_newsDetail.jsp
  ❌ 获取失败
----------------------------------------
📊 总计: 10 篇文章 (去重后)
✅ 新增 10 篇，总计 10 篇
💾 已保存到: /Users/qitmac001395/workspace/QAL/ideas/apps/daily-podcast-ai/cache/2026-03-07-news.json
⏰ [01:00] 开始收集新闻...
📂 当前缓存: 10 篇
🚀 开始获取新闻，共 4 个源
----------------------------------------
📰 获取 36氪 ...
  ✅ 获取 5 篇文章
📰 获取 少数派 ...
  ✅ 获取 1 篇文章
📰 获取 虎嗅 ...
  ✅ 获取 4 篇文章
📰 获取 澎湃新闻 ...
  ❌ 请求失败 (尝试 1/3): 404 Client Error: Not Found for url: https://m.thepaper.cn/rss_newsDetail.jsp
  ❌ 请求失败 (尝试 2/3): 404 Client Error: Not Found for url: https://m.thepaper.cn/rss_newsDetail.jsp
  ❌ 请求失败 (尝试 3/3): 404 Client Error: Not Found for url: https://m.thepaper.cn/rss_newsDetail.jsp
  ❌ 获取失败
----------------------------------------
📊 总计: 10 篇文章 (去重后)
✅ 新增 0 篇，总计 10 篇
💾 已保存到: /Users/qitmac001395/workspace/QAL/ideas/apps/daily-podcast-ai/cache/2026-03-07-news.json
⏰ [02:13] 开始收集新闻...
📂 当前缓存: 10 篇
🚀 开始获取新闻，共 4 个源
----------------------------------------
📰 获取 36氪 ...
  ✅ 获取 5 篇文章
📰 获取 少数派 ...
  ✅ 获取 1 篇文章
📰 获取 虎嗅 ...
  ✅ 获取 3 篇文章
📰 获取 澎湃新闻 ...
  ❌ 请求失败 (尝试 1/3): 404 Client Error: Not Found for url: https://m.thepaper.cn/rss_newsDetail.jsp
  ❌ 请求失败 (尝试 2/3): 404 Client Error: Not Found for url: https://m.thepaper.cn/rss_newsDetail.jsp
  ❌ 请求失败 (尝试 3/3): 404 Client Error: Not Found for url: https://m.thepaper.cn/rss_newsDetail.jsp
  ❌ 获取失败
----------------------------------------
📊 总计: 9 篇文章 (去重后)
✅ 新增 0 篇，总计 10 篇
💾 已保存到: /Users/qitmac001395/workspace/QAL/ideas/apps/daily-podcast-ai/cache/2026-03-07-news.json
⏰ [03:09] 开始收集新闻...
📂 当前缓存: 10 篇
🚀 开始获取新闻，共 4 个源
----------------------------------------
📰 获取 36氪 ...
  ✅ 获取 5 篇文章
📰 获取 少数派 ...
  ✅ 获取 1 篇文章
📰 获取 虎嗅 ...
  ✅ 获取 3 篇文章
📰 获取 澎湃新闻 ...
  ❌ 请求失败 (尝试 1/3): 404 Client Error: Not Found for url: https://m.thepaper.cn/rss_newsDetail.jsp
  ❌ 请求失败 (尝试 2/3): 404 Client Error: Not Found for url: https://m.thepaper.cn/rss_newsDetail.jsp
  ❌ 请求失败 (尝试 3/3): 404 Client Error: Not Found for url: https://m.thepaper.cn/rss_newsDetail.jsp
  ❌ 获取失败
----------------------------------------
📊 总计: 9 篇文章 (去重后)
✅ 新增 0 篇，总计 10 篇
💾 已保存到: /Users/qitmac001395/workspace/QAL/ideas/apps/daily-podcast-ai/cache/2026-03-07-news.json
⏰ [04:04] 开始收集新闻...
📂 当前缓存: 10 篇
🚀 开始获取新闻，共 4 个源
----------------------------------------
📰 获取 36氪 ...
  ✅ 获取 5 篇文章
📰 获取 少数派 ...
  ✅ 获取 1 篇文章
📰 获取 虎嗅 ...
  ✅ 获取 3 篇文章
📰 获取 澎湃新闻 ...
  ❌ 请求失败 (尝试 1/3): 404 Client Error: Not Found for url: https://m.thepaper.cn/rss_newsDetail.jsp
  ❌ 请求失败 (尝试 2/3): 404 Client Error: Not Found for url: https://m.thepaper.cn/rss_newsDetail.jsp
  ❌ 请求失败 (尝试 3/3): 404 Client Error: Not Found for url: https://m.thepaper.cn/rss_newsDetail.jsp
  ❌ 获取失败
----------------------------------------
📊 总计: 9 篇文章 (去重后)
✅ 新增 0 篇，总计 10 篇
💾 已保存到: /Users/qitmac001395/workspace/QAL/ideas/apps/daily-podcast-ai/cache/2026-03-07-news.json
⏰ [05:00] 开始收集新闻...
📂 当前缓存: 10 篇
🚀 开始获取新闻，共 4 个源
----------------------------------------
📰 获取 36氪 ...
  ✅ 获取 5 篇文章
📰 获取 少数派 ...
  ✅ 获取 1 篇文章
📰 获取 虎嗅 ...
  ✅ 获取 3 篇文章
📰 获取 澎湃新闻 ...
  ❌ 请求失败 (尝试 1/3): 404 Client Error: Not Found for url: https://m.thepaper.cn/rss_newsDetail.jsp
  ❌ 请求失败 (尝试 2/3): 404 Client Error: Not Found for url: https://m.thepaper.cn/rss_newsDetail.jsp
  ❌ 请求失败 (尝试 3/3): 404 Client Error: Not Found for url: https://m.thepaper.cn/rss_newsDetail.jsp
  ❌ 获取失败
----------------------------------------
📊 总计: 9 篇文章 (去重后)
✅ 新增 0 篇，总计 10 篇
💾 已保存到: /Users/qitmac001395/workspace/QAL/ideas/apps/daily-podcast-ai/cache/2026-03-07-news.json
⏰ [06:07] 开始收集新闻...
📂 当前缓存: 10 篇
🚀 开始获取新闻，共 4 个源
----------------------------------------
📰 获取 36氪 ...
  ✅ 获取 5 篇文章
📰 获取 少数派 ...
  ✅ 获取 1 篇文章
📰 获取 虎嗅 ...
  ✅ 获取 3 篇文章
📰 获取 澎湃新闻 ...
  ❌ 请求失败 (尝试 1/3): 404 Client Error: Not Found for url: https://m.thepaper.cn/rss_newsDetail.jsp
  ❌ 请求失败 (尝试 2/3): 404 Client Error: Not Found for url: https://m.thepaper.cn/rss_newsDetail.jsp
  ❌ 请求失败 (尝试 3/3): HTTPSConnectionPool(host='www.thepaper.cn', port=443): Max retries exceeded with url: /rss_newsDetail.jsp (Caused by NewConnectionError("HTTPSConnection(host='www.thepaper.cn', port=443): Failed to establish a new connection: [Errno 51] Network is unreachable"))
  ❌ 获取失败
----------------------------------------
📊 总计: 9 篇文章 (去重后)
✅ 新增 0 篇，总计 10 篇
💾 已保存到: /Users/qitmac001395/workspace/QAL/ideas/apps/daily-podcast-ai/cache/2026-03-07-news.json
⏰ [00:14] 开始收集新闻...
📂 当前缓存: 0 篇
🚀 开始获取新闻，共 4 个源
----------------------------------------
📰 获取 36氪 ...
  ❌ 请求失败 (尝试 1/3): HTTPSConnectionPool(host='36kr.com', port=443): Max retries exceeded with url: /feed (Caused by NameResolutionError("HTTPSConnection(host='36kr.com', port=443): Failed to resolve '36kr.com' ([Errno 8] nodename nor servname provided, or not known)"))
  ❌ 请求失败 (尝试 2/3): HTTPSConnectionPool(host='36kr.com', port=443): Max retries exceeded with url: /feed (Caused by NameResolutionError("HTTPSConnection(host='36kr.com', port=443): Failed to resolve '36kr.com' ([Errno 8] nodename nor servname provided, or not known)"))
  ❌ 请求失败 (尝试 3/3): HTTPSConnectionPool(host='36kr.com', port=443): Max retries exceeded with url: /feed (Caused by NameResolutionError("HTTPSConnection(host='36kr.com', port=443): Failed to resolve '36kr.com' ([Errno 8] nodename nor servname provided, or not known)"))
  ❌ 获取失败
📰 获取 少数派 ...
  ✅ 获取 0 篇文章
📰 获取 虎嗅 ...
  ✅ 获取 1 篇文章
📰 获取 澎湃新闻 ...
  ❌ 请求失败 (尝试 1/3): 404 Client Error: Not Found for url: https://m.thepaper.cn/rss_newsDetail.jsp
  ❌ 请求失败 (尝试 2/3): 404 Client Error: Not Found for url: https://m.thepaper.cn/rss_newsDetail.jsp
  ❌ 请求失败 (尝试 3/3): 404 Client Error: Not Found for url: https://m.thepaper.cn/rss_newsDetail.jsp
  ❌ 获取失败
----------------------------------------
📊 总计: 1 篇文章 (去重后)
✅ 新增 1 篇，总计 1 篇
💾 已保存到: /Users/qitmac001395/workspace/QAL/ideas/apps/daily-podcast-ai/cache/2026-03-08-news.json
⏰ [02:01] 开始收集新闻...
📂 当前缓存: 1 篇
🚀 开始获取新闻，共 4 个源
----------------------------------------
📰 获取 36氪 ...
  ✅ 获取 6 篇文章
📰 获取 少数派 ...
  ✅ 获取 0 篇文章
📰 获取 虎嗅 ...
  ✅ 获取 1 篇文章
📰 获取 澎湃新闻 ...
  ❌ 请求失败 (尝试 1/3): 404 Client Error: Not Found for url: https://m.thepaper.cn/rss_newsDetail.jsp
  ❌ 请求失败 (尝试 2/3): 404 Client Error: Not Found for url: https://m.thepaper.cn/rss_newsDetail.jsp
  ❌ 请求失败 (尝试 3/3): 404 Client Error: Not Found for url: https://m.thepaper.cn/rss_newsDetail.jsp
  ❌ 获取失败
----------------------------------------
📊 总计: 7 篇文章 (去重后)
✅ 新增 6 篇，总计 7 篇
💾 已保存到: /Users/qitmac001395/workspace/QAL/ideas/apps/daily-podcast-ai/cache/2026-03-08-news.json
⏰ [03:02] 开始收集新闻...
📂 当前缓存: 7 篇
🚀 开始获取新闻，共 4 个源
----------------------------------------
📰 获取 36氪 ...
  ✅ 获取 6 篇文章
📰 获取 少数派 ...
  ✅ 获取 0 篇文章
📰 获取 虎嗅 ...
  ✅ 获取 0 篇文章
📰 获取 澎湃新闻 ...
  ❌ 请求失败 (尝试 1/3): 404 Client Error: Not Found for url: https://m.thepaper.cn/rss_newsDetail.jsp
  ❌ 请求失败 (尝试 2/3): 404 Client Error: Not Found for url: https://m.thepaper.cn/rss_newsDetail.jsp
  ❌ 请求失败 (尝试 3/3): 404 Client Error: Not Found for url: https://m.thepaper.cn/rss_newsDetail.jsp
  ❌ 获取失败
----------------------------------------
📊 总计: 6 篇文章 (去重后)
✅ 新增 0 篇，总计 7 篇
💾 已保存到: /Users/qitmac001395/workspace/QAL/ideas/apps/daily-podcast-ai/cache/2026-03-08-news.json
⏰ [04:03] 开始收集新闻...
📂 当前缓存: 7 篇
🚀 开始获取新闻，共 4 个源
----------------------------------------
📰 获取 36氪 ...
  ✅ 获取 6 篇文章
📰 获取 少数派 ...
  ✅ 获取 0 篇文章
📰 获取 虎嗅 ...
  ✅ 获取 0 篇文章
📰 获取 澎湃新闻 ...
  ❌ 请求失败 (尝试 1/3): 404 Client Error: Not Found for url: https://m.thepaper.cn/rss_newsDetail.jsp
  ❌ 请求失败 (尝试 2/3): 404 Client Error: Not Found for url: https://m.thepaper.cn/rss_newsDetail.jsp
  ❌ 请求失败 (尝试 3/3): 404 Client Error: Not Found for url: https://m.thepaper.cn/rss_newsDetail.jsp
  ❌ 获取失败
----------------------------------------
📊 总计: 6 篇文章 (去重后)
✅ 新增 0 篇，总计 7 篇
💾 已保存到: /Users/qitmac001395/workspace/QAL/ideas/apps/daily-podcast-ai/cache/2026-03-08-news.json
⏰ [05:04] 开始收集新闻...
📂 当前缓存: 7 篇
🚀 开始获取新闻，共 4 个源
----------------------------------------
📰 获取 36氪 ...
  ❌ 请求失败 (尝试 1/3): HTTPSConnectionPool(host='36kr.com', port=443): Max retries exceeded with url: /feed (Caused by NameResolutionError("HTTPSConnection(host='36kr.com', port=443): Failed to resolve '36kr.com' ([Errno 8] nodename nor servname provided, or not known)"))
  ❌ 请求失败 (尝试 2/3): HTTPSConnectionPool(host='36kr.com', port=443): Max retries exceeded with url: /feed (Caused by NameResolutionError("HTTPSConnection(host='36kr.com', port=443): Failed to resolve '36kr.com' ([Errno 8] nodename nor servname provided, or not known)"))
  ✅ 获取 6 篇文章
📰 获取 少数派 ...
  ✅ 获取 0 篇文章
📰 获取 虎嗅 ...
  ❌ 请求失败 (尝试 1/3): HTTPSConnectionPool(host='www.huxiu.com', port=443): Max retries exceeded with url: /rss/0.xml (Caused by NameResolutionError("HTTPSConnection(host='www.huxiu.com', port=443): Failed to resolve 'www.huxiu.com' ([Errno 8] nodename nor servname provided, or not known)"))
  ✅ 获取 0 篇文章
📰 获取 澎湃新闻 ...
  ❌ 请求失败 (尝试 1/3): 404 Client Error: Not Found for url: https://m.thepaper.cn/rss_newsDetail.jsp
  ❌ 请求失败 (尝试 2/3): 404 Client Error: Not Found for url: https://m.thepaper.cn/rss_newsDetail.jsp
  ❌ 请求失败 (尝试 3/3): 404 Client Error: Not Found for url: https://m.thepaper.cn/rss_newsDetail.jsp
  ❌ 获取失败
----------------------------------------
📊 总计: 6 篇文章 (去重后)
✅ 新增 0 篇，总计 7 篇
💾 已保存到: /Users/qitmac001395/workspace/QAL/ideas/apps/daily-podcast-ai/cache/2026-03-08-news.json
⏰ [00:12] 开始收集新闻...
📂 当前缓存: 0 篇
🚀 开始获取新闻，共 4 个源
----------------------------------------
📰 获取 36氪 ...
  ✅ 获取 10 篇文章
📰 获取 少数派 ...
  ✅ 获取 0 篇文章
📰 获取 虎嗅 ...
  ✅ 获取 1 篇文章
📰 获取 澎湃新闻 ...
  ❌ 请求失败 (尝试 1/3): 404 Client Error: Not Found for url: https://m.thepaper.cn/rss_newsDetail.jsp
  ❌ 请求失败 (尝试 2/3): 404 Client Error: Not Found for url: https://m.thepaper.cn/rss_newsDetail.jsp
  ❌ 请求失败 (尝试 3/3): 404 Client Error: Not Found for url: https://m.thepaper.cn/rss_newsDetail.jsp
  ❌ 获取失败
----------------------------------------
📊 总计: 11 篇文章 (去重后)
✅ 新增 11 篇，总计 11 篇
💾 已保存到: /Users/qitmac001395/workspace/QAL/ideas/apps/daily-podcast-ai/cache/2026-03-09-news.json
⏰ [01:00] 开始收集新闻...
📂 当前缓存: 11 篇
🚀 开始获取新闻，共 4 个源
----------------------------------------
📰 获取 36氪 ...
  ✅ 获取 10 篇文章
📰 获取 少数派 ...
  ✅ 获取 0 篇文章
📰 获取 虎嗅 ...
  ✅ 获取 1 篇文章
📰 获取 澎湃新闻 ...
  ❌ 请求失败 (尝试 1/3): 404 Client Error: Not Found for url: https://m.thepaper.cn/rss_newsDetail.jsp
  ❌ 请求失败 (尝试 2/3): 404 Client Error: Not Found for url: https://m.thepaper.cn/rss_newsDetail.jsp
  ❌ 请求失败 (尝试 3/3): 404 Client Error: Not Found for url: https://m.thepaper.cn/rss_newsDetail.jsp
  ❌ 获取失败
----------------------------------------
📊 总计: 11 篇文章 (去重后)
✅ 新增 0 篇，总计 11 篇
💾 已保存到: /Users/qitmac001395/workspace/QAL/ideas/apps/daily-podcast-ai/cache/2026-03-09-news.json
⏰ [02:14] 开始收集新闻...
📂 当前缓存: 11 篇
🚀 开始获取新闻，共 4 个源
----------------------------------------
📰 获取 36氪 ...
  ✅ 获取 10 篇文章
📰 获取 少数派 ...
  ✅ 获取 0 篇文章
📰 获取 虎嗅 ...
  ✅ 获取 1 篇文章
📰 获取 澎湃新闻 ...
  ❌ 请求失败 (尝试 1/3): 404 Client Error: Not Found for url: https://m.thepaper.cn/rss_newsDetail.jsp
  ❌ 请求失败 (尝试 2/3): 404 Client Error: Not Found for url: https://m.thepaper.cn/rss_newsDetail.jsp
  ❌ 请求失败 (尝试 3/3): 404 Client Error: Not Found for url: https://m.thepaper.cn/rss_newsDetail.jsp
  ❌ 获取失败
----------------------------------------
📊 总计: 11 篇文章 (去重后)
✅ 新增 2 篇，总计 13 篇
💾 已保存到: /Users/qitmac001395/workspace/QAL/ideas/apps/daily-podcast-ai/cache/2026-03-09-news.json
⏰ [03:00] 开始收集新闻...
📂 当前缓存: 13 篇
🚀 开始获取新闻，共 4 个源
----------------------------------------
📰 获取 36氪 ...
  ✅ 获取 10 篇文章
📰 获取 少数派 ...
  ✅ 获取 0 篇文章
📰 获取 虎嗅 ...
  ✅ 获取 1 篇文章
📰 获取 澎湃新闻 ...
  ❌ 请求失败 (尝试 1/3): 404 Client Error: Not Found for url: https://m.thepaper.cn/rss_newsDetail.jsp
  ❌ 请求失败 (尝试 2/3): 404 Client Error: Not Found for url: https://m.thepaper.cn/rss_newsDetail.jsp
  ❌ 请求失败 (尝试 3/3): 404 Client Error: Not Found for url: https://m.thepaper.cn/rss_newsDetail.jsp
  ❌ 获取失败
----------------------------------------
📊 总计: 11 篇文章 (去重后)
✅ 新增 0 篇，总计 13 篇
💾 已保存到: /Users/qitmac001395/workspace/QAL/ideas/apps/daily-podcast-ai/cache/2026-03-09-news.json
⏰ [04:01] 开始收集新闻...
📂 当前缓存: 13 篇
🚀 开始获取新闻，共 4 个源
----------------------------------------
📰 获取 36氪 ...
  ✅ 获取 10 篇文章
📰 获取 少数派 ...
  ✅ 获取 0 篇文章
📰 获取 虎嗅 ...
  ✅ 获取 1 篇文章
📰 获取 澎湃新闻 ...
  ❌ 请求失败 (尝试 1/3): 404 Client Error: Not Found for url: https://m.thepaper.cn/rss_newsDetail.jsp
  ❌ 请求失败 (尝试 2/3): 404 Client Error: Not Found for url: https://m.thepaper.cn/rss_newsDetail.jsp
  ❌ 请求失败 (尝试 3/3): 404 Client Error: Not Found for url: https://m.thepaper.cn/rss_newsDetail.jsp
  ❌ 获取失败
----------------------------------------
📊 总计: 11 篇文章 (去重后)
✅ 新增 0 篇，总计 13 篇
💾 已保存到: /Users/qitmac001395/workspace/QAL/ideas/apps/daily-podcast-ai/cache/2026-03-09-news.json
⏰ [05:03] 开始收集新闻...
📂 当前缓存: 13 篇
🚀 开始获取新闻，共 4 个源
----------------------------------------
📰 获取 36氪 ...
  ✅ 获取 10 篇文章
📰 获取 少数派 ...
  ✅ 获取 0 篇文章
📰 获取 虎嗅 ...
  ✅ 获取 0 篇文章
📰 获取 澎湃新闻 ...
  ❌ 请求失败 (尝试 1/3): 404 Client Error: Not Found for url: https://m.thepaper.cn/rss_newsDetail.jsp
  ❌ 请求失败 (尝试 2/3): 404 Client Error: Not Found for url: https://m.thepaper.cn/rss_newsDetail.jsp
  ❌ 请求失败 (尝试 3/3): 404 Client Error: Not Found for url: https://m.thepaper.cn/rss_newsDetail.jsp
  ❌ 获取失败
----------------------------------------
📊 总计: 10 篇文章 (去重后)
✅ 新增 0 篇，总计 13 篇
💾 已保存到: /Users/qitmac001395/workspace/QAL/ideas/apps/daily-podcast-ai/cache/2026-03-09-news.json
⏰ [06:09] 开始收集新闻...
📂 当前缓存: 13 篇
🚀 开始获取新闻，共 4 个源
----------------------------------------
📰 获取 36氪 ...
  ✅ 获取 9 篇文章
📰 获取 少数派 ...
  ✅ 获取 0 篇文章
📰 获取 虎嗅 ...
  ✅ 获取 0 篇文章
📰 获取 澎湃新闻 ...
  ❌ 请求失败 (尝试 1/3): 404 Client Error: Not Found for url: https://m.thepaper.cn/rss_newsDetail.jsp
  ❌ 请求失败 (尝试 2/3): 404 Client Error: Not Found for url: https://m.thepaper.cn/rss_newsDetail.jsp
  ❌ 请求失败 (尝试 3/3): 404 Client Error: Not Found for url: https://m.thepaper.cn/rss_newsDetail.jsp
  ❌ 获取失败
----------------------------------------
📊 总计: 9 篇文章 (去重后)
✅ 新增 0 篇，总计 13 篇
💾 已保存到: /Users/qitmac001395/workspace/QAL/ideas/apps/daily-podcast-ai/cache/2026-03-09-news.json
⏰ [00:03] 开始收集新闻...
📂 当前缓存: 0 篇
🚀 开始获取新闻，共 4 个源
----------------------------------------
📰 获取 36氪 ...
  ❌ 请求失败 (尝试 1/3): HTTPSConnectionPool(host='36kr.com', port=443): Read timed out.
  ✅ 获取 8 篇文章
📰 获取 少数派 ...
  ❌ 请求失败 (尝试 1/3): ('Connection aborted.', ConnectionResetError(54, 'Connection reset by peer'))
  ❌ 请求失败 (尝试 2/3): HTTPSConnectionPool(host='sspai.com', port=443): Read timed out. (read timeout=30)
  ✅ 获取 3 篇文章
📰 获取 虎嗅 ...
  ✅ 获取 2 篇文章
📰 获取 澎湃新闻 ...
  ❌ 请求失败 (尝试 1/3): 404 Client Error: Not Found for url: https://m.thepaper.cn/rss_newsDetail.jsp
  ❌ 请求失败 (尝试 2/3): 404 Client Error: Not Found for url: https://m.thepaper.cn/rss_newsDetail.jsp
  ❌ 请求失败 (尝试 3/3): 404 Client Error: Not Found for url: https://m.thepaper.cn/rss_newsDetail.jsp
  ❌ 获取失败
----------------------------------------
📊 总计: 13 篇文章 (去重后)
✅ 新增 13 篇，总计 13 篇
💾 已保存到: /Users/qitmac001395/workspace/QAL/ideas/apps/daily-podcast-ai/cache/2026-03-10-news.json
⏰ [02:03] 开始收集新闻...
📂 当前缓存: 13 篇
🚀 开始获取新闻，共 4 个源
----------------------------------------
📰 获取 36氪 ...
  ✅ 获取 5 篇文章
📰 获取 少数派 ...
  ✅ 获取 2 篇文章
📰 获取 虎嗅 ...
  ✅ 获取 2 篇文章
📰 获取 澎湃新闻 ...
  ❌ 请求失败 (尝试 1/3): 404 Client Error: Not Found for url: https://m.thepaper.cn/rss_newsDetail.jsp
  ❌ 请求失败 (尝试 2/3): 404 Client Error: Not Found for url: https://m.thepaper.cn/rss_newsDetail.jsp
  ❌ 请求失败 (尝试 3/3): 404 Client Error: Not Found for url: https://m.thepaper.cn/rss_newsDetail.jsp
  ❌ 获取失败
----------------------------------------
📊 总计: 9 篇文章 (去重后)
✅ 新增 0 篇，总计 13 篇
💾 已保存到: /Users/qitmac001395/workspace/QAL/ideas/apps/daily-podcast-ai/cache/2026-03-10-news.json
⏰ [04:00] 开始收集新闻...
📂 当前缓存: 13 篇
🚀 开始获取新闻，共 4 个源
----------------------------------------
📰 获取 36氪 ...
  ✅ 获取 5 篇文章
📰 获取 少数派 ...
  ✅ 获取 2 篇文章
📰 获取 虎嗅 ...
  ❌ 请求失败 (尝试 1/3): HTTPSConnectionPool(host='www.huxiu.com', port=443): Read timed out.
  ❌ 请求失败 (尝试 2/3): HTTPSConnectionPool(host='www.huxiu.com', port=443): Max retries exceeded with url: /rss/0.xml (Caused by NameResolutionError("HTTPSConnection(host='www.huxiu.com', port=443): Failed to resolve 'www.huxiu.com' ([Errno 8] nodename nor servname provided, or not known)"))
  ❌ 请求失败 (尝试 3/3): HTTPSConnectionPool(host='www.huxiu.com', port=443): Max retries exceeded with url: /rss/0.xml (Caused by NameResolutionError("HTTPSConnection(host='www.huxiu.com', port=443): Failed to resolve 'www.huxiu.com' ([Errno 8] nodename nor servname provided, or not known)"))
  ❌ 获取失败
📰 获取 澎湃新闻 ...
  ❌ 请求失败 (尝试 1/3): HTTPSConnectionPool(host='www.thepaper.cn', port=443): Max retries exceeded with url: /rss_newsDetail.jsp (Caused by NameResolutionError("HTTPSConnection(host='www.thepaper.cn', port=443): Failed to resolve 'www.thepaper.cn' ([Errno 8] nodename nor servname provided, or not known)"))
  ❌ 请求失败 (尝试 2/3): HTTPSConnectionPool(host='www.thepaper.cn', port=443): Max retries exceeded with url: /rss_newsDetail.jsp (Caused by NameResolutionError("HTTPSConnection(host='www.thepaper.cn', port=443): Failed to resolve 'www.thepaper.cn' ([Errno 8] nodename nor servname provided, or not known)"))
  ❌ 请求失败 (尝试 3/3): HTTPSConnectionPool(host='www.thepaper.cn', port=443): Max retries exceeded with url: /rss_newsDetail.jsp (Caused by NameResolutionError("HTTPSConnection(host='www.thepaper.cn', port=443): Failed to resolve 'www.thepaper.cn' ([Errno 8] nodename nor servname provided, or not known)"))
  ❌ 获取失败
----------------------------------------
📊 总计: 7 篇文章 (去重后)
✅ 新增 0 篇，总计 13 篇
💾 已保存到: /Users/qitmac001395/workspace/QAL/ideas/apps/daily-podcast-ai/cache/2026-03-10-news.json
⏰ [06:12] 开始收集新闻...
📂 当前缓存: 13 篇
🚀 开始获取新闻，共 4 个源
----------------------------------------
📰 获取 36氪 ...
  ❌ 请求失败 (尝试 1/3): HTTPSConnectionPool(host='36kr.com', port=443): Max retries exceeded with url: /feed (Caused by NameResolutionError("HTTPSConnection(host='36kr.com', port=443): Failed to resolve '36kr.com' ([Errno 8] nodename nor servname provided, or not known)"))
  ❌ 请求失败 (尝试 2/3): HTTPSConnectionPool(host='36kr.com', port=443): Max retries exceeded with url: /feed (Caused by NameResolutionError("HTTPSConnection(host='36kr.com', port=443): Failed to resolve '36kr.com' ([Errno 8] nodename nor servname provided, or not known)"))
  ❌ 请求失败 (尝试 3/3): HTTPSConnectionPool(host='36kr.com', port=443): Max retries exceeded with url: /feed (Caused by NameResolutionError("HTTPSConnection(host='36kr.com', port=443): Failed to resolve '36kr.com' ([Errno 8] nodename nor servname provided, or not known)"))
  ❌ 获取失败
📰 获取 少数派 ...
  ❌ 请求失败 (尝试 1/3): HTTPSConnectionPool(host='sspai.com', port=443): Max retries exceeded with url: /feed (Caused by NameResolutionError("HTTPSConnection(host='sspai.com', port=443): Failed to resolve 'sspai.com' ([Errno 8] nodename nor servname provided, or not known)"))
  ❌ 请求失败 (尝试 2/3): HTTPSConnectionPool(host='sspai.com', port=443): Max retries exceeded with url: /feed (Caused by NameResolutionError("HTTPSConnection(host='sspai.com', port=443): Failed to resolve 'sspai.com' ([Errno 8] nodename nor servname provided, or not known)"))
  ❌ 请求失败 (尝试 3/3): HTTPSConnectionPool(host='sspai.com', port=443): Max retries exceeded with url: /feed (Caused by NameResolutionError("HTTPSConnection(host='sspai.com', port=443): Failed to resolve 'sspai.com' ([Errno 8] nodename nor servname provided, or not known)"))
  ❌ 获取失败
📰 获取 虎嗅 ...
  ❌ 请求失败 (尝试 1/3): HTTPSConnectionPool(host='www.huxiu.com', port=443): Max retries exceeded with url: /rss/0.xml (Caused by NameResolutionError("HTTPSConnection(host='www.huxiu.com', port=443): Failed to resolve 'www.huxiu.com' ([Errno 8] nodename nor servname provided, or not known)"))
  ❌ 请求失败 (尝试 2/3): HTTPSConnectionPool(host='www.huxiu.com', port=443): Max retries exceeded with url: /rss/0.xml (Caused by NameResolutionError("HTTPSConnection(host='www.huxiu.com', port=443): Failed to resolve 'www.huxiu.com' ([Errno 8] nodename nor servname provided, or not known)"))
  ❌ 请求失败 (尝试 3/3): HTTPSConnectionPool(host='www.huxiu.com', port=443): Max retries exceeded with url: /rss/0.xml (Caused by NameResolutionError("HTTPSConnection(host='www.huxiu.com', port=443): Failed to resolve 'www.huxiu.com' ([Errno 8] nodename nor servname provided, or not known)"))
  ❌ 获取失败
📰 获取 澎湃新闻 ...
  ❌ 请求失败 (尝试 1/3): HTTPSConnectionPool(host='www.thepaper.cn', port=443): Max retries exceeded with url: /rss_newsDetail.jsp (Caused by NameResolutionError("HTTPSConnection(host='www.thepaper.cn', port=443): Failed to resolve 'www.thepaper.cn' ([Errno 8] nodename nor servname provided, or not known)"))
  ❌ 请求失败 (尝试 2/3): HTTPSConnectionPool(host='www.thepaper.cn', port=443): Max retries exceeded with url: /rss_newsDetail.jsp (Caused by NameResolutionError("HTTPSConnection(host='www.thepaper.cn', port=443): Failed to resolve 'www.thepaper.cn' ([Errno 8] nodename nor servname provided, or not known)"))
  ❌ 请求失败 (尝试 3/3): HTTPSConnectionPool(host='www.thepaper.cn', port=443): Max retries exceeded with url: /rss_newsDetail.jsp (Caused by NameResolutionError("HTTPSConnection(host='www.thepaper.cn', port=443): Failed to resolve 'www.thepaper.cn' ([Errno 8] nodename nor servname provided, or not known)"))
  ❌ 获取失败
----------------------------------------
📊 总计: 0 篇文章 (去重后)
❌ 未获取到新闻
⏰ [00:12] 开始收集新闻...
📂 当前缓存: 0 篇
🚀 开始获取新闻，共 4 个源
----------------------------------------
📰 获取 36氪 ...
  ✅ 获取 10 篇文章
📰 获取 少数派 ...
  ✅ 获取 2 篇文章
📰 获取 虎嗅 ...
  ✅ 获取 1 篇文章
📰 获取 澎湃新闻 ...
  ❌ 请求失败 (尝试 1/3): 404 Client Error: Not Found for url: https://m.thepaper.cn/rss_newsDetail.jsp
  ❌ 请求失败 (尝试 2/3): 404 Client Error: Not Found for url: https://m.thepaper.cn/rss_newsDetail.jsp
  ❌ 请求失败 (尝试 3/3): 404 Client Error: Not Found for url: https://m.thepaper.cn/rss_newsDetail.jsp
  ❌ 获取失败
----------------------------------------
📊 总计: 13 篇文章 (去重后)
✅ 新增 13 篇，总计 13 篇
💾 已保存到: /Users/qitmac001395/workspace/QAL/ideas/apps/daily-podcast-ai/cache/2026-03-11-news.json
⏰ [01:00] 开始收集新闻...
📂 当前缓存: 13 篇
🚀 开始获取新闻，共 4 个源
----------------------------------------
📰 获取 36氪 ...
  ✅ 获取 10 篇文章
📰 获取 少数派 ...
  ✅ 获取 2 篇文章
📰 获取 虎嗅 ...
  ✅ 获取 1 篇文章
📰 获取 澎湃新闻 ...
  ❌ 请求失败 (尝试 1/3): 404 Client Error: Not Found for url: https://m.thepaper.cn/rss_newsDetail.jsp
  ❌ 请求失败 (尝试 2/3): 404 Client Error: Not Found for url: https://m.thepaper.cn/rss_newsDetail.jsp
  ❌ 请求失败 (尝试 3/3): 404 Client Error: Not Found for url: https://m.thepaper.cn/rss_newsDetail.jsp
  ❌ 获取失败
----------------------------------------
📊 总计: 13 篇文章 (去重后)
✅ 新增 1 篇，总计 14 篇
💾 已保存到: /Users/qitmac001395/workspace/QAL/ideas/apps/daily-podcast-ai/cache/2026-03-11-news.json
⏰ [02:00] 开始收集新闻...
📂 当前缓存: 14 篇
🚀 开始获取新闻，共 4 个源
----------------------------------------
📰 获取 36氪 ...
  ✅ 获取 10 篇文章
📰 获取 少数派 ...
  ✅ 获取 2 篇文章
📰 获取 虎嗅 ...
  ✅ 获取 0 篇文章
📰 获取 澎湃新闻 ...
  ❌ 请求失败 (尝试 1/3): 404 Client Error: Not Found for url: https://m.thepaper.cn/rss_newsDetail.jsp
  ❌ 请求失败 (尝试 2/3): 404 Client Error: Not Found for url: https://m.thepaper.cn/rss_newsDetail.jsp
  ❌ 请求失败 (尝试 3/3): 404 Client Error: Not Found for url: https://m.thepaper.cn/rss_newsDetail.jsp
  ❌ 获取失败
----------------------------------------
📊 总计: 12 篇文章 (去重后)
✅ 新增 2 篇，总计 16 篇
💾 已保存到: /Users/qitmac001395/workspace/QAL/ideas/apps/daily-podcast-ai/cache/2026-03-11-news.json
⏰ [03:00] 开始收集新闻...
📂 当前缓存: 16 篇
🚀 开始获取新闻，共 4 个源
----------------------------------------
📰 获取 36氪 ...
  ✅ 获取 9 篇文章
📰 获取 少数派 ...
  ✅ 获取 2 篇文章
📰 获取 虎嗅 ...
  ✅ 获取 0 篇文章
📰 获取 澎湃新闻 ...
  ❌ 请求失败 (尝试 1/3): 404 Client Error: Not Found for url: https://m.thepaper.cn/rss_newsDetail.jsp
  ❌ 请求失败 (尝试 2/3): 404 Client Error: Not Found for url: https://m.thepaper.cn/rss_newsDetail.jsp
  ❌ 请求失败 (尝试 3/3): 404 Client Error: Not Found for url: https://m.thepaper.cn/rss_newsDetail.jsp
  ❌ 获取失败
----------------------------------------
📊 总计: 11 篇文章 (去重后)
✅ 新增 0 篇，总计 16 篇
💾 已保存到: /Users/qitmac001395/workspace/QAL/ideas/apps/daily-podcast-ai/cache/2026-03-11-news.json
⏰ [04:00] 开始收集新闻...
📂 当前缓存: 16 篇
🚀 开始获取新闻，共 4 个源
----------------------------------------
📰 获取 36氪 ...
  ✅ 获取 9 篇文章
📰 获取 少数派 ...
  ✅ 获取 2 篇文章
📰 获取 虎嗅 ...
  ✅ 获取 0 篇文章
📰 获取 澎湃新闻 ...
  ❌ 请求失败 (尝试 1/3): 404 Client Error: Not Found for url: https://m.thepaper.cn/rss_newsDetail.jsp
  ❌ 请求失败 (尝试 2/3): 404 Client Error: Not Found for url: https://m.thepaper.cn/rss_newsDetail.jsp
  ❌ 请求失败 (尝试 3/3): 404 Client Error: Not Found for url: https://m.thepaper.cn/rss_newsDetail.jsp
  ❌ 获取失败
----------------------------------------
📊 总计: 11 篇文章 (去重后)
✅ 新增 0 篇，总计 16 篇
💾 已保存到: /Users/qitmac001395/workspace/QAL/ideas/apps/daily-podcast-ai/cache/2026-03-11-news.json
⏰ [05:00] 开始收集新闻...
📂 当前缓存: 16 篇
🚀 开始获取新闻，共 4 个源
----------------------------------------
📰 获取 36氪 ...
  ✅ 获取 9 篇文章
📰 获取 少数派 ...
  ✅ 获取 2 篇文章
📰 获取 虎嗅 ...
  ✅ 获取 0 篇文章
📰 获取 澎湃新闻 ...
  ❌ 请求失败 (尝试 1/3): 404 Client Error: Not Found for url: https://m.thepaper.cn/rss_newsDetail.jsp
  ❌ 请求失败 (尝试 2/3): 404 Client Error: Not Found for url: https://m.thepaper.cn/rss_newsDetail.jsp
  ❌ 请求失败 (尝试 3/3): 404 Client Error: Not Found for url: https://m.thepaper.cn/rss_newsDetail.jsp
  ❌ 获取失败
----------------------------------------
📊 总计: 11 篇文章 (去重后)
✅ 新增 0 篇，总计 16 篇
💾 已保存到: /Users/qitmac001395/workspace/QAL/ideas/apps/daily-podcast-ai/cache/2026-03-11-news.json
⏰ [06:09] 开始收集新闻...
📂 当前缓存: 16 篇
🚀 开始获取新闻，共 4 个源
----------------------------------------
📰 获取 36氪 ...
  ✅ 获取 8 篇文章
📰 获取 少数派 ...
  ✅ 获取 2 篇文章
📰 获取 虎嗅 ...
  ✅ 获取 0 篇文章
📰 获取 澎湃新闻 ...
  ❌ 请求失败 (尝试 1/3): 404 Client Error: Not Found for url: https://m.thepaper.cn/rss_newsDetail.jsp
  ❌ 请求失败 (尝试 2/3): 404 Client Error: Not Found for url: https://m.thepaper.cn/rss_newsDetail.jsp
  ❌ 请求失败 (尝试 3/3): 404 Client Error: Not Found for url: https://m.thepaper.cn/rss_newsDetail.jsp
  ❌ 获取失败
----------------------------------------
📊 总计: 10 篇文章 (去重后)
✅ 新增 0 篇，总计 16 篇
💾 已保存到: /Users/qitmac001395/workspace/QAL/ideas/apps/daily-podcast-ai/cache/2026-03-11-news.json
⏰ [00:05] 开始收集新闻...
📂 当前缓存: 0 篇
🚀 开始获取新闻，共 4 个源
----------------------------------------
📰 获取 36氪 ...
  ✅ 获取 9 篇文章
📰 获取 少数派 ...
  ✅ 获取 2 篇文章
📰 获取 虎嗅 ...
  ✅ 获取 4 篇文章
📰 获取 澎湃新闻 ...
  ❌ 请求失败 (尝试 1/3): 404 Client Error: Not Found for url: https://m.thepaper.cn/rss_newsDetail.jsp
  ❌ 请求失败 (尝试 2/3): 404 Client Error: Not Found for url: https://m.thepaper.cn/rss_newsDetail.jsp
  ❌ 请求失败 (尝试 3/3): 404 Client Error: Not Found for url: https://m.thepaper.cn/rss_newsDetail.jsp
  ❌ 获取失败
----------------------------------------
📊 总计: 15 篇文章 (去重后)
✅ 新增 15 篇，总计 15 篇
💾 已保存到: /Users/qitmac001395/workspace/QAL/ideas/apps/daily-podcast-ai/cache/2026-03-12-news.json
⏰ [01:00] 开始收集新闻...
📂 当前缓存: 15 篇
🚀 开始获取新闻，共 4 个源
----------------------------------------
📰 获取 36氪 ...
  ✅ 获取 9 篇文章
📰 获取 少数派 ...
  ✅ 获取 2 篇文章
📰 获取 虎嗅 ...
  ✅ 获取 4 篇文章
📰 获取 澎湃新闻 ...
  ❌ 请求失败 (尝试 1/3): 404 Client Error: Not Found for url: https://m.thepaper.cn/rss_newsDetail.jsp
  ❌ 请求失败 (尝试 2/3): 404 Client Error: Not Found for url: https://m.thepaper.cn/rss_newsDetail.jsp
  ❌ 请求失败 (尝试 3/3): 404 Client Error: Not Found for url: https://m.thepaper.cn/rss_newsDetail.jsp
  ❌ 获取失败
----------------------------------------
📊 总计: 15 篇文章 (去重后)
✅ 新增 0 篇，总计 15 篇
💾 已保存到: /Users/qitmac001395/workspace/QAL/ideas/apps/daily-podcast-ai/cache/2026-03-12-news.json
⏰ [02:11] 开始收集新闻...
📂 当前缓存: 15 篇
🚀 开始获取新闻，共 4 个源
----------------------------------------
📰 获取 36氪 ...
  ✅ 获取 9 篇文章
📰 获取 少数派 ...
  ✅ 获取 2 篇文章
📰 获取 虎嗅 ...
  ✅ 获取 3 篇文章
📰 获取 澎湃新闻 ...
  ❌ 请求失败 (尝试 1/3): 404 Client Error: Not Found for url: https://m.thepaper.cn/rss_newsDetail.jsp
  ❌ 请求失败 (尝试 2/3): 404 Client Error: Not Found for url: https://m.thepaper.cn/rss_newsDetail.jsp
  ❌ 请求失败 (尝试 3/3): 404 Client Error: Not Found for url: https://m.thepaper.cn/rss_newsDetail.jsp
  ❌ 获取失败
----------------------------------------
📊 总计: 14 篇文章 (去重后)
✅ 新增 0 篇，总计 15 篇
💾 已保存到: /Users/qitmac001395/workspace/QAL/ideas/apps/daily-podcast-ai/cache/2026-03-12-news.json
⏰ [03:01] 开始收集新闻...
📂 当前缓存: 15 篇
🚀 开始获取新闻，共 4 个源
----------------------------------------
📰 获取 36氪 ...
  ✅ 获取 8 篇文章
📰 获取 少数派 ...
  ✅ 获取 1 篇文章
📰 获取 虎嗅 ...
  ✅ 获取 3 篇文章
📰 获取 澎湃新闻 ...
  ❌ 请求失败 (尝试 1/3): 404 Client Error: Not Found for url: https://m.thepaper.cn/rss_newsDetail.jsp
  ❌ 请求失败 (尝试 2/3): 404 Client Error: Not Found for url: https://m.thepaper.cn/rss_newsDetail.jsp
  ❌ 请求失败 (尝试 3/3): 404 Client Error: Not Found for url: https://m.thepaper.cn/rss_newsDetail.jsp
  ❌ 获取失败
----------------------------------------
📊 总计: 12 篇文章 (去重后)
✅ 新增 0 篇，总计 15 篇
💾 已保存到: /Users/qitmac001395/workspace/QAL/ideas/apps/daily-podcast-ai/cache/2026-03-12-news.json
⏰ [04:09] 开始收集新闻...
📂 当前缓存: 15 篇
🚀 开始获取新闻，共 4 个源
----------------------------------------
📰 获取 36氪 ...
  ✅ 获取 8 篇文章
📰 获取 少数派 ...
  ✅ 获取 0 篇文章
📰 获取 虎嗅 ...
  ✅ 获取 2 篇文章
📰 获取 澎湃新闻 ...
  ❌ 请求失败 (尝试 1/3): 404 Client Error: Not Found for url: https://m.thepaper.cn/rss_newsDetail.jsp
  ❌ 请求失败 (尝试 2/3): 404 Client Error: Not Found for url: https://m.thepaper.cn/rss_newsDetail.jsp
  ❌ 请求失败 (尝试 3/3): 404 Client Error: Not Found for url: https://m.thepaper.cn/rss_newsDetail.jsp
  ❌ 获取失败
----------------------------------------
📊 总计: 10 篇文章 (去重后)
✅ 新增 0 篇，总计 15 篇
💾 已保存到: /Users/qitmac001395/workspace/QAL/ideas/apps/daily-podcast-ai/cache/2026-03-12-news.json
⏰ [05:16] 开始收集新闻...
📂 当前缓存: 15 篇
🚀 开始获取新闻，共 4 个源
----------------------------------------
📰 获取 36氪 ...
  ✅ 获取 8 篇文章
📰 获取 少数派 ...
  ✅ 获取 0 篇文章
📰 获取 虎嗅 ...
  ✅ 获取 2 篇文章
📰 获取 澎湃新闻 ...
  ❌ 请求失败 (尝试 1/3): 404 Client Error: Not Found for url: https://m.thepaper.cn/rss_newsDetail.jsp
  ❌ 请求失败 (尝试 2/3): 404 Client Error: Not Found for url: https://m.thepaper.cn/rss_newsDetail.jsp
  ❌ 请求失败 (尝试 3/3): 404 Client Error: Not Found for url: https://m.thepaper.cn/rss_newsDetail.jsp
  ❌ 获取失败
----------------------------------------
📊 总计: 10 篇文章 (去重后)
✅ 新增 0 篇，总计 15 篇
💾 已保存到: /Users/qitmac001395/workspace/QAL/ideas/apps/daily-podcast-ai/cache/2026-03-12-news.json
⏰ [06:02] 开始收集新闻...
📂 当前缓存: 15 篇
🚀 开始获取新闻，共 4 个源
----------------------------------------
📰 获取 36氪 ...
  ✅ 获取 8 篇文章
📰 获取 少数派 ...
  ✅ 获取 0 篇文章
📰 获取 虎嗅 ...
  ✅ 获取 2 篇文章
📰 获取 澎湃新闻 ...
  ❌ 请求失败 (尝试 1/3): 404 Client Error: Not Found for url: https://m.thepaper.cn/rss_newsDetail.jsp
  ❌ 请求失败 (尝试 2/3): 404 Client Error: Not Found for url: https://m.thepaper.cn/rss_newsDetail.jsp
  ❌ 请求失败 (尝试 3/3): 404 Client Error: Not Found for url: https://m.thepaper.cn/rss_newsDetail.jsp
  ❌ 获取失败
----------------------------------------
📊 总计: 10 篇文章 (去重后)
✅ 新增 0 篇，总计 15 篇
💾 已保存到: /Users/qitmac001395/workspace/QAL/ideas/apps/daily-podcast-ai/cache/2026-03-12-news.json
